datetime,open,high,low,close,volume
2026-02-02T15:20:00+00:00,245.83999999999995,246.14999999999995,245.28999999999994,245.89999999999995,1080
2026-02-02T15:25:00+00:00,245.89999999999995,246.17999999999995,244.47999999999993,244.54999999999995,1040
2026-02-02T15:30:00+00:00,244.54999999999995,244.89999999999995,244.06999999999994,244.51999999999995,1151
2026-02-02T15:35:00+00:00,244.51999999999995,245.42999999999995,243.84999999999994,245.41999999999993,830
2026-02-02T15:40:00+00:00,245.41999999999993,245.41999999999993,244.34999999999994,244.46999999999994,932
2026-02-02T15:45:00+00:00,244.46999999999994,244.48999999999995,243.07999999999993,243.07999999999993,983
2026-02-02T15:50:00+00:00,243.07999999999993,244.02999999999994,242.99999999999994,243.41999999999993,849
2026-02-02T15:55:00+00:00,243.41999999999993,243.43999999999994,242.37999999999994,243.08999999999995,942
2026-02-02T16:00:00+00:00,243.08999999999995,243.45999999999995,242.56999999999994,242.98999999999995,928
2026-02-02T16:05:00+00:00,242.98999999999995,243.06999999999994,242.31999999999994,242.74999999999994,794
2026-02-02T16:10:00+00:00,242.74999999999994,243.16999999999993,242.65999999999994,243.10999999999993,661
2026-02-02T16:15:00+00:00,243.10999999999993,243.73999999999995,242.86999999999995,243.64999999999995,726
2026-02-02T16:20:00+00:00,243.64999999999995,244.09999999999994,243.54999999999995,243.63999999999993,604
2026-02-02T16:25:00+00:00,243.63999999999993,243.72999999999993,243.00999999999993,243.65999999999994,668
2026-02-02T16:30:00+00:00,243.65999999999994,244.00999999999993,243.31999999999994,244.00999999999993,656
2026-02-02T16:35:00+00:00,244.00999999999993,244.41999999999993,243.77999999999994,244.07999999999993,605
2026-02-02T16:40:00+00:00,244.07999999999993,244.18999999999994,243.57999999999993,243.57999999999993,616
2026-02-02T16:45:00+00:00,243.57999999999993,243.69999999999993,243.20999999999995,243.56999999999994,499
2026-02-02T16:50:00+00:00,243.56999999999994,244.00999999999993,243.42999999999995,244.00999999999993,451
2026-02-02T16:55:00+00:00,244.00999999999993,244.53999999999994,243.98999999999995,244.30999999999995,529
2026-02-02T17:00:00+00:00,244.30999999999995,244.82999999999993,244.26999999999995,244.79999999999995,607
2026-02-02T17:05:00+00:00,244.79999999999995,245.10999999999993,244.68999999999994,245.06999999999994,510
2026-02-02T17:10:00+00:00,245.06999999999994,245.17999999999995,244.32999999999993,244.33999999999995,480
2026-02-02T17:15:00+00:00,244.33999999999995,244.58999999999995,244.16999999999993,244.47999999999993,393
2026-02-02T17:20:00+00:00,244.47999999999993,244.50999999999993,243.98999999999995,244.17999999999995,447
2026-02-02T17:25:00+00:00,244.17999999999995,245.06999999999994,244.17999999999995,244.92999999999995,410
2026-02-02T17:30:00+00:00,244.92999999999995,245.07999999999993,244.72999999999993,244.83999999999995,447
2026-02-02T17:35:00+00:00,244.83999999999995,245.30999999999995,244.80999999999995,244.96999999999994,561
2026-02-02T17:40:00+00:00,244.96999999999994,245.04999999999995,244.76999999999995,244.94999999999993,422
2026-02-02T17:45:00+00:00,244.94999999999993,245.00999999999993,244.51999999999995,244.53999999999994,344
2026-02-02T17:50:00+00:00,244.53999999999994,244.83999999999995,244.32999999999993,244.78999999999994,358
2026-02-02T17:55:00+00:00,244.78999999999994,244.91999999999993,244.60999999999993,244.61999999999995,508
2026-02-02T18:00:00+00:00,244.61999999999995,244.95999999999995,244.56999999999994,244.87999999999994,310
2026-02-02T18:05:00+00:00,244.87999999999994,244.93999999999994,244.63999999999993,244.84999999999994,259
2026-02-02T18:10:00+00:00,244.84999999999994,244.86999999999995,244.36999999999995,244.60999999999993,334
2026-02-02T18:15:00+00:00,244.60999999999993,244.89999999999995,244.47999999999993,244.48999999999995,302
2026-02-02T18:20:00+00:00,244.48999999999995,244.66999999999993,244.15999999999994,244.41999999999993,343
2026-02-02T18:25:00+00:00,244.41999999999993,244.65999999999994,243.66999999999993,243.84999999999994,353
2026-02-02T18:30:00+00:00,243.84999999999994,243.85999999999993,243.41999999999993,243.55999999999995,468
2026-02-02T18:35:00+00:00,243.55999999999995,243.99999999999994,243.47999999999993,243.57999999999993,416
2026-02-02T18:40:00+00:00,243.57999999999993,244.43999999999994,243.54999999999995,244.28999999999994,355
2026-02-02T18:45:00+00:00,244.28999999999994,245.00999999999993,244.28999999999994,244.84999999999994,384
2026-02-02T18:50:00+00:00,244.84999999999994,245.52999999999994,244.76999999999995,245.29999999999995,423
2026-02-02T18:55:00+00:00,245.29999999999995,245.90999999999994,245.20999999999995,245.86999999999995,381
2026-02-02T19:00:00+00:00,245.86999999999995,246.12999999999994,245.76999999999995,246.05999999999995,404
2026-02-02T19:05:00+00:00,246.05999999999995,246.17999999999995,245.28999999999994,245.48999999999995,459
2026-02-02T19:10:00+00:00,245.48999999999995,245.67999999999995,245.44999999999993,245.45999999999995,326
2026-02-02T19:15:00+00:00,245.45999999999995,245.98999999999995,245.32999999999993,245.69999999999993,371
2026-02-02T19:20:00+00:00,245.69999999999993,246.19999999999993,245.59999999999994,246.05999999999995,358
2026-02-02T19:25:00+00:00,246.05999999999995,246.17999999999995,245.86999999999995,245.87999999999994,377
2026-02-02T19:30:00+00:00,245.87999999999994,245.94999999999993,245.01999999999995,245.09999999999994,559
2026-02-02T19:35:00+00:00,245.09999999999994,245.15999999999994,244.36999999999995,244.37999999999994,428
2026-02-02T19:40:00+00:00,244.37999999999994,244.59999999999994,244.14999999999995,244.35999999999993,362
2026-02-02T19:45:00+00:00,244.35999999999993,244.45999999999995,244.14999999999995,244.22999999999993,397
2026-02-02T19:50:00+00:00,244.22999999999993,244.71999999999994,243.68999999999994,244.00999999999993,503
2026-02-02T19:55:00+00:00,244.00999999999993,244.59999999999994,242.37999999999994,242.48999999999995,637
2026-02-02T20:00:00+00:00,242.48999999999995,243.04999999999995,242.01999999999995,242.68999999999994,890
2026-02-02T20:05:00+00:00,242.68999999999994,243.16999999999993,242.59999999999994,243.04999999999995,512
2026-02-02T20:10:00+00:00,243.04999999999995,243.58999999999995,242.67999999999995,242.67999999999995,444
2026-02-02T20:15:00+00:00,242.67999999999995,243.23999999999995,242.59999999999994,242.97999999999993,542
2026-02-02T20:20:00+00:00,242.97999999999993,243.34999999999994,242.95999999999995,243.06999999999994,435
2026-02-02T20:25:00+00:00,243.06999999999994,243.40999999999994,242.97999999999993,243.08999999999995,465
2026-02-02T20:30:00+00:00,243.08999999999995,243.10999999999993,242.13999999999993,242.16999999999993,608
2026-02-02T20:35:00+00:00,242.16999999999993,242.34999999999994,241.77999999999994,241.79999999999995,456
2026-02-02T20:40:00+00:00,241.79999999999995,242.08999999999995,241.67999999999995,241.90999999999994,481
2026-02-02T20:45:00+00:00,241.90999999999994,242.07999999999993,241.51999999999995,241.65999999999994,613
2026-02-02T20:50:00+00:00,241.65999999999994,242.05999999999995,241.44999999999993,241.58999999999995,843
2026-02-02T20:55:00+00:00,241.58999999999995,242.51999999999995,241.48999999999995,242.47999999999993,1301
2026-02-03T14:30:00+00:00,242.47999999999993,248.60999999999993,242.47999999999993,245.51999999999995,1455
2026-02-03T14:35:00+00:00,245.51999999999995,246.82999999999993,243.89999999999995,244.17999999999995,1471
2026-02-03T14:40:00+00:00,244.17999999999995,244.76999999999995,241.77999999999994,242.22999999999993,1456
2026-02-03T14:45:00+00:00,242.22999999999993,244.13999999999993,242.06999999999994,243.58999999999995,1353
2026-02-03T14:50:00+00:00,243.58999999999995,243.69999999999993,241.46999999999994,241.47999999999993,1308
2026-02-03T14:55:00+00:00,241.47999999999993,241.52999999999994,239.23999999999995,239.46999999999994,1369
2026-02-03T15:00:00+00:00,239.46999999999994,240.75999999999993,238.48999999999995,239.65999999999994,1398
2026-02-03T15:05:00+00:00,239.65999999999994,240.17999999999995,237.96999999999994,239.34999999999994,1593
2026-02-03T15:10:00+00:00,239.34999999999994,239.56999999999994,238.31999999999994,238.81999999999994,1562
2026-02-03T15:15:00+00:00,238.81999999999994,240.70999999999995,238.58999999999995,240.55999999999995,1594
2026-02-03T15:20:00+00:00,240.55999999999995,241.41999999999993,238.39999999999995,238.40999999999994,1638
2026-02-03T15:25:00+00:00,238.40999999999994,240.41999999999993,238.26999999999995,239.67999999999995,1564
2026-02-03T15:30:00+00:00,239.67999999999995,240.54999999999995,239.12999999999994,239.14999999999995,1419
2026-02-03T15:35:00+00:00,239.14999999999995,240.21999999999994,238.56999999999994,240.06999999999994,1116
2026-02-03T15:40:00+00:00,240.06999999999994,240.25999999999993,238.85999999999993,238.85999999999993,1215
2026-02-03T15:45:00+00:00,238.85999999999993,240.23999999999995,238.36999999999995,240.15999999999994,1314
2026-02-03T15:50:00+00:00,240.15999999999994,241.59999999999994,240.12999999999994,241.44999999999993,1136
2026-02-03T15:55:00+00:00,241.44999999999993,242.27999999999994,241.44999999999993,241.99999999999994,1113
2026-02-03T16:00:00+00:00,241.99999999999994,242.06999999999994,240.87999999999994,241.13999999999993,1064
2026-02-03T16:05:00+00:00,241.13999999999993,241.45999999999995,240.56999999999994,240.64999999999995,915
2026-02-03T16:10:00+00:00,240.64999999999995,241.65999999999994,240.36999999999995,240.82999999999993,1068
2026-02-03T16:15:00+00:00,240.82999999999993,241.34999999999994,240.70999999999995,240.79999999999995,788
2026-02-03T16:20:00+00:00,240.79999999999995,241.08999999999995,240.04999999999995,240.22999999999993,740
2026-02-03T16:25:00+00:00,240.22999999999993,241.25999999999993,240.17999999999995,240.40999999999994,768
2026-02-03T16:30:00+00:00,240.40999999999994,241.12999999999994,240.16999999999993,240.97999999999993,746
2026-02-03T16:35:00+00:00,240.97999999999993,241.49999999999994,240.38999999999993,240.51999999999995,820
2026-02-03T16:40:00+00:00,240.51999999999995,241.35999999999993,240.48999999999995,241.15999999999994,731
2026-02-03T16:45:00+00:00,241.15999999999994,241.29999999999995,240.87999999999994,241.02999999999994,699
2026-02-03T16:50:00+00:00,241.02999999999994,241.05999999999995,240.19999999999993,240.61999999999995,799
2026-02-03T16:55:00+00:00,240.61999999999995,241.11999999999995,240.47999999999993,240.49999999999994,687
2026-02-03T17:00:00+00:00,240.49999999999994,240.59999999999994,240.01999999999995,240.15999999999994,737
2026-02-03T17:05:00+00:00,240.15999999999994,240.16999999999993,239.29999999999995,239.74999999999994,730
2026-02-03T17:10:00+00:00,239.74999999999994,239.89999999999995,238.11999999999995,238.41999999999993,1172
2026-02-03T17:15:00+00:00,238.41999999999993,239.24999999999994,238.17999999999995,238.78999999999994,1054
2026-02-03T17:20:00+00:00,238.78999999999994,239.13999999999993,238.26999999999995,239.08999999999995,878
2026-02-03T17:25:00+00:00,239.08999999999995,239.54999999999995,238.67999999999995,238.75999999999993,709
2026-02-03T17:30:00+00:00,238.75999999999993,238.75999999999993,237.91999999999993,237.92999999999995,865
2026-02-03T17:35:00+00:00,237.92999999999995,238.10999999999993,236.63999999999993,236.68999999999994,617
2026-02-03T17:40:00+00:00,236.68999999999994,236.84999999999994,236.33999999999995,236.76999999999995,740
2026-02-03T17:45:00+00:00,236.76999999999995,237.34999999999994,236.59999999999994,237.08999999999995,708
2026-02-03T17:50:00+00:00,237.08999999999995,237.83999999999995,236.96999999999994,237.27999999999994,659
2026-02-03T17:55:00+00:00,237.27999999999994,237.35999999999993,236.46999999999994,236.62999999999994,674
2026-02-03T18:00:00+00:00,236.62999999999994,236.70999999999995,236.38999999999993,236.39999999999995,628
2026-02-03T18:05:00+00:00,236.39999999999995,237.70999999999995,236.29999999999995,237.38999999999993,810
2026-02-03T18:10:00+00:00,237.38999999999993,237.50999999999993,236.15999999999994,236.21999999999994,787
2026-02-03T18:15:00+00:00,236.21999999999994,236.91999999999993,236.21999999999994,236.64999999999995,807
2026-02-03T18:20:00+00:00,236.64999999999995,236.64999999999995,236.02999999999994,236.05999999999995,524
2026-02-03T18:25:00+00:00,236.05999999999995,236.12999999999994,235.43999999999994,236.04999999999995,531
2026-02-03T18:30:00+00:00,236.04999999999995,236.06999999999994,234.62999999999994,234.89999999999995,856
2026-02-03T18:35:00+00:00,234.89999999999995,235.38999999999993,234.73999999999995,235.36999999999995,690
2026-02-03T18:40:00+00:00,235.36999999999995,235.46999999999994,234.50999999999993,234.67999999999995,676
2026-02-03T18:45:00+00:00,234.67999999999995,235.05999999999995,234.32999999999993,234.74999999999994,689
2026-02-03T18:50:00+00:00,234.74999999999994,234.75999999999993,233.79999999999995,233.87999999999994,542
2026-02-03T18:55:00+00:00,233.87999999999994,234.61999999999995,233.70999999999995,233.70999999999995,705
2026-02-03T19:00:00+00:00,233.70999999999995,234.05999999999995,233.28999999999994,233.56999999999994,879
2026-02-03T19:05:00+00:00,233.56999999999994,234.11999999999995,233.48999999999995,233.91999999999993,664
2026-02-03T19:10:00+00:00,233.91999999999993,235.99999999999994,233.87999999999994,235.91999999999993,938
2026-02-03T19:15:00+00:00,235.91999999999993,237.15999999999994,235.88999999999993,236.98999999999995,1152
2026-02-03T19:20:00+00:00,236.98999999999995,237.70999999999995,236.88999999999993,237.32999999999993,835
2026-02-03T19:25:00+00:00,237.32999999999993,237.32999999999993,236.35999999999993,236.54999999999995,934
2026-02-03T19:30:00+00:00,236.54999999999995,237.55999999999995,235.55999999999995,236.95999999999995,1332
2026-02-03T19:35:00+00:00,236.95999999999995,237.89999999999995,236.86999999999995,237.19999999999993,929
2026-02-03T19:40:00+00:00,237.19999999999993,237.57999999999993,236.86999999999995,237.18999999999994,857
2026-02-03T19:45:00+00:00,237.18999999999994,237.19999999999993,236.56999999999994,236.82999999999993,775
2026-02-03T19:50:00+00:00,236.82999999999993,237.59999999999994,236.55999999999995,237.37999999999994,986
2026-02-03T19:55:00+00:00,237.37999999999994,238.32999999999993,237.31999999999994,238.09999999999994,773
2026-02-03T20:00:00+00:00,238.09999999999994,238.47999999999993,237.62999999999994,238.19999999999993,680
2026-02-03T20:05:00+00:00,238.19999999999993,238.47999999999993,238.05999999999995,238.37999999999994,618
2026-02-03T20:10:00+00:00,238.37999999999994,238.51999999999995,237.75999999999993,238.50999999999993,591
2026-02-03T20:15:00+00:00,238.50999999999993,238.63999999999993,237.66999999999993,238.31999999999994,748
2026-02-03T20:20:00+00:00,238.31999999999994,239.02999999999994,237.87999999999994,238.95999999999995,766
2026-02-03T20:25:00+00:00,238.95999999999995,239.48999999999995,238.77999999999994,239.12999999999994,682
2026-02-03T20:30:00+00:00,239.12999999999994,240.62999999999994,239.12999999999994,240.47999999999993,988
2026-02-03T20:35:00+00:00,240.47999999999993,241.44999999999993,240.28999999999994,241.07999999999993,867
2026-02-03T20:40:00+00:00,241.07999999999993,241.24999999999994,240.14999999999995,240.40999999999994,901
2026-02-03T20:45:00+00:00,240.40999999999994,241.19999999999993,239.96999999999994,240.95999999999995,834
2026-02-03T20:50:00+00:00,240.95999999999995,241.37999999999994,238.78999999999994,239.40999999999994,1111
2026-02-03T20:55:00+00:00,239.40999999999994,239.63999999999993,238.10999999999993,238.25999999999993,1909
2026-02-04T14:30:00+00:00,238.25999999999993,238.25999999999993,206.41999999999993,207.84999999999994,2269
2026-02-04T14:35:00+00:00,207.84999999999994,212.38999999999993,206.06999999999994,211.64999999999995,2005
2026-02-04T14:40:00+00:00,211.64999999999995,211.67999999999995,207.66999999999993,207.68999999999994,1380
2026-02-04T14:45:00+00:00,207.68999999999994,207.98999999999995,205.58999999999995,206.10999999999993,1512
2026-02-04T14:50:00+00:00,206.10999999999993,207.69999999999993,205.10999999999993,205.37999999999994,1731
2026-02-04T14:55:00+00:00,205.37999999999994,205.58999999999995,203.27999999999994,203.59999999999994,1623
2026-02-04T15:00:00+00:00,203.59999999999994,204.14999999999995,202.26999999999995,202.99999999999994,1698
2026-02-04T15:05:00+00:00,202.99999999999994,205.27999999999994,202.32999999999993,204.80999999999995,1584
2026-02-04T15:10:00+00:00,204.80999999999995,205.75999999999993,204.06999999999994,205.53999999999994,1695
2026-02-04T15:15:00+00:00,205.53999999999994,205.87999999999994,203.40999999999994,203.89999999999995,1431
2026-02-04T15:20:00+00:00,203.89999999999995,204.62999999999994,203.27999999999994,204.18999999999994,1442
2026-02-04T15:25:00+00:00,204.18999999999994,204.63999999999993,203.46999999999994,204.63999999999993,1422
2026-02-04T15:30:00+00:00,204.63999999999993,205.24999999999994,202.34999999999994,202.55999999999995,1469
2026-02-04T15:35:00+00:00,202.55999999999995,203.09999999999994,201.46999999999994,202.80999999999995,1723
2026-02-04T15:40:00+00:00,202.80999999999995,204.11999999999995,202.32999999999993,203.88999999999993,1465
2026-02-04T15:45:00+00:00,203.88999999999993,204.15999999999994,202.93999999999994,202.93999999999994,1172
2026-02-04T15:50:00+00:00,202.93999999999994,204.58999999999995,202.39999999999995,203.66999999999993,1077
2026-02-04T15:55:00+00:00,203.66999999999993,204.59999999999994,201.96999999999994,202.01999999999995,1104
2026-02-04T16:00:00+00:00,202.01999999999995,202.56999999999994,200.76999999999995,200.77999999999994,1143
2026-02-04T16:05:00+00:00,200.77999999999994,201.62999999999994,200.27999999999994,201.34999999999994,1242
2026-02-04T16:10:00+00:00,201.34999999999994,202.23999999999995,200.88999999999993,202.04999999999995,1141
2026-02-04T16:15:00+00:00,202.04999999999995,202.23999999999995,199.76999999999995,199.91999999999993,1155
2026-02-04T16:20:00+00:00,199.91999999999993,200.56999999999994,199.40999999999994,200.18999999999994,1049
2026-02-04T16:25:00+00:00,200.18999999999994,200.83999999999995,199.96999999999994,200.43999999999994,1072
2026-02-04T16:30:00+00:00,200.43999999999994,200.44999999999993,199.45999999999995,199.65999999999994,1117
2026-02-04T16:35:00+00:00,199.65999999999994,199.69999999999993,198.38999999999993,198.41999999999993,1133
2026-02-04T16:40:00+00:00,198.41999999999993,198.41999999999993,197.84999999999994,198.00999999999993,1113
2026-02-04T16:45:00+00:00,198.00999999999993,198.39999999999995,197.32999999999993,197.68999999999994,1287
2026-02-04T16:50:00+00:00,197.68999999999994,198.05999999999995,197.02999999999994,197.98999999999995,1372
2026-02-04T16:55:00+00:00,197.98999999999995,199.24999999999994,197.97999999999993,199.18999999999994,1183
2026-02-04T17:00:00+00:00,199.18999999999994,199.55999999999995,198.66999999999993,199.26999999999995,1171
2026-02-04T17:05:00+00:00,199.26999999999995,199.31999999999994,198.34999999999994,198.48999999999995,866
2026-02-04T17:10:00+00:00,198.48999999999995,199.39999999999995,197.86999999999995,198.99999999999994,847
2026-02-04T17:15:00+00:00,198.99999999999994,199.46999999999994,198.56999999999994,198.93999999999994,897
2026-02-04T17:20:00+00:00,198.93999999999994,198.93999999999994,197.35999999999993,197.35999999999993,881
2026-02-04T17:25:00+00:00,197.35999999999993,197.75999999999993,196.71999999999994,196.86999999999995,1148
2026-02-04T17:30:00+00:00,196.86999999999995,197.77999999999994,196.53999999999994,196.83999999999995,1198
2026-02-04T17:35:00+00:00,196.83999999999995,197.02999999999994,195.99999999999994,196.38999999999993,1137
2026-02-04T17:40:00+00:00,196.38999999999993,196.45999999999995,195.41999999999993,196.28999999999994,1366
2026-02-04T17:45:00+00:00,196.28999999999994,197.10999999999993,195.87999999999994,196.46999999999994,1244
2026-02-04T17:50:00+00:00,196.46999999999994,197.62999999999994,196.26999999999995,197.58999999999995,1127
2026-02-04T17:55:00+00:00,197.58999999999995,198.28999999999994,197.27999999999994,198.15999999999994,982
2026-02-04T18:00:00+00:00,198.15999999999994,198.43999999999994,197.48999999999995,198.18999999999994,1102
2026-02-04T18:05:00+00:00,198.18999999999994,199.55999999999995,197.36999999999995,197.49999999999994,1247
2026-02-04T18:10:00+00:00,197.49999999999994,198.34999999999994,197.42999999999995,197.89999999999995,933
2026-02-04T18:15:00+00:00,197.89999999999995,198.10999999999993,196.97999999999993,196.97999999999993,713
2026-02-04T18:20:00+00:00,196.97999999999993,197.59999999999994,196.80999999999995,197.44999999999993,815
2026-02-04T18:25:00+00:00,197.44999999999993,198.82999999999993,197.44999999999993,198.48999999999995,1057
2026-02-04T18:30:00+00:00,198.48999999999995,198.48999999999995,197.27999999999994,197.93999999999994,1053
2026-02-04T18:35:00+00:00,197.93999999999994,198.48999999999995,197.84999999999994,198.15999999999994,1014
2026-02-04T18:40:00+00:00,198.15999999999994,198.39999999999995,197.46999999999994,197.59999999999994,978
2026-02-04T18:45:00+00:00,197.59999999999994,197.61999999999995,196.76999999999995,196.79999999999995,811
2026-02-04T18:50:00+00:00,196.79999999999995,197.86999999999995,195.99999999999994,197.61999999999995,777
2026-02-04T18:55:00+00:00,197.61999999999995,198.31999999999994,196.91999999999993,196.91999999999993,1081
2026-02-04T19:00:00+00:00,196.91999999999993,197.37999999999994,196.51999999999995,196.60999999999993,943
2026-02-04T19:05:00+00:00,196.60999999999993,196.95999999999995,196.18999999999994,196.79999999999995,913
2026-02-04T19:10:00+00:00,196.79999999999995,197.12999999999994,196.37999999999994,196.49999999999994,939
2026-02-04T19:15:00+00:00,196.49999999999994,197.57999999999993,196.41999999999993,197.23999999999995,962
2026-02-04T19:20:00+00:00,197.23999999999995,197.32999999999993,196.13999999999993,196.91999999999993,852
2026-02-04T19:25:00+00:00,196.91999999999993,197.33999999999995,196.46999999999994,197.18999999999994,750
2026-02-04T19:30:00+00:00,197.18999999999994,198.70999999999995,197.12999999999994,198.64999999999995,822
2026-02-04T19:35:00+00:00,198.64999999999995,198.73999999999995,197.46999999999994,197.96999999999994,742
2026-02-04T19:40:00+00:00,197.96999999999994,199.03999999999994,197.87999999999994,198.81999999999994,819
2026-02-04T19:45:00+00:00,198.81999999999994,200.07999999999993,198.11999999999995,199.78999999999994,1255
2026-02-04T19:50:00+00:00,199.78999999999994,200.13999999999993,199.15999999999994,199.15999999999994,986
2026-02-04T19:55:00+00:00,199.15999999999994,200.45999999999995,198.76999999999995,200.20999999999995,910
2026-02-04T20:00:00+00:00,200.20999999999995,200.44999999999993,198.26999999999995,198.39999999999995,941
2026-02-04T20:05:00+00:00,198.39999999999995,199.08999999999995,197.96999999999994,198.97999999999993,745
2026-02-04T20:10:00+00:00,198.97999999999993,199.25999999999993,198.28999999999994,198.50999999999993,736
2026-02-04T20:15:00+00:00,198.50999999999993,198.55999999999995,197.96999999999994,198.32999999999993,635
2026-02-04T20:20:00+00:00,198.32999999999993,198.98999999999995,197.64999999999995,198.78999999999994,725
2026-02-04T20:25:00+00:00,198.78999999999994,199.27999999999994,197.81999999999994,197.83999999999995,711
2026-02-04T20:30:00+00:00,197.83999999999995,198.75999999999993,197.65999999999994,198.26999999999995,758
2026-02-04T20:35:00+00:00,198.26999999999995,199.37999999999994,197.86999999999995,199.36999999999995,769
2026-02-04T20:40:00+00:00,199.36999999999995,199.87999999999994,199.06999999999994,199.29999999999995,823
2026-02-04T20:45:00+00:00,199.29999999999995,199.30999999999995,198.48999999999995,198.86999999999995,799
2026-02-04T20:50:00+00:00,198.86999999999995,198.96999999999994,197.57999999999993,198.26999999999995,1004
2026-02-04T20:55:00+00:00,198.26999999999995,198.26999999999995,196.31999999999994,196.60999999999993,1676
2026-02-05T14:30:00+00:00,196.60999999999993,197.99999999999994,192.96999999999994,196.50999999999993,1685
2026-02-05T14:35:00+00:00,196.50999999999993,199.49999999999994,194.13999999999993,198.38999999999993,1823
2026-02-05T14:40:00+00:00,198.38999999999993,199.55999999999995,197.07999999999993,197.30999999999995,1384
2026-02-05T14:45:00+00:00,197.30999999999995,200.05999999999995,197.10999999999993,199.39999999999995,1209
2026-02-05T14:50:00+00:00,199.39999999999995,200.18999999999994,197.86999999999995,198.12999999999994,1203
2026-02-05T14:55:00+00:00,198.12999999999994,198.27999999999994,194.36999999999995,194.76999999999995,1298
2026-02-05T15:00:00+00:00,194.76999999999995,195.06999999999994,192.43999999999994,192.76999999999995,1388
2026-02-05T15:05:00+00:00,192.76999999999995,193.00999999999993,190.96999999999994,192.62999999999994,1373
2026-02-05T15:10:00+00:00,192.62999999999994,193.13999999999993,189.51999999999995,189.74999999999994,1286
2026-02-05T15:15:00+00:00,189.74999999999994,191.10999999999993,189.36999999999995,190.17999999999995,1483
2026-02-05T15:20:00+00:00,190.17999999999995,190.64999999999995,189.06999999999994,190.08999999999995,1442
2026-02-05T15:25:00+00:00,190.08999999999995,191.09999999999994,189.17999999999995,189.28999999999994,1307
2026-02-05T15:30:00+00:00,189.28999999999994,190.38999999999993,188.17999999999995,188.49999999999994,1402
2026-02-05T15:35:00+00:00,188.49999999999994,190.59999999999994,187.78999999999994,190.47999999999993,1540
2026-02-05T15:40:00+00:00,190.47999999999993,191.21999999999994,189.64999999999995,190.76999999999995,1217
2026-02-05T15:45:00+00:00,190.76999999999995,191.05999999999995,188.86999999999995,189.20999999999995,1052
2026-02-05T15:50:00+00:00,189.20999999999995,189.81999999999994,188.77999999999994,189.19999999999993,1179
2026-02-05T15:55:00+00:00,189.19999999999993,189.53999999999994,188.06999999999994,188.91999999999993,1113
2026-02-05T16:00:00+00:00,188.91999999999993,189.32999999999993,188.55999999999995,188.66999999999993,1035
2026-02-05T16:05:00+00:00,188.66999999999993,189.16999999999993,187.84999999999994,187.96999999999994,950
2026-02-05T16:10:00+00:00,187.96999999999994,188.54999999999995,187.31999999999994,187.37999999999994,1095
2026-02-05T16:15:00+00:00,187.37999999999994,189.98999999999995,187.37999999999994,189.78999999999994,1138
2026-02-05T16:20:00+00:00,189.78999999999994,191.73999999999995,189.76999999999995,191.73999999999995,1325
2026-02-05T16:25:00+00:00,191.73999999999995,192.95999999999995,191.27999999999994,192.43999999999994,1237
2026-02-05T16:30:00+00:00,192.43999999999994,192.82999999999993,191.80999999999995,192.29999999999995,1135
2026-02-05T16:35:00+00:00,192.29999999999995,192.79999999999995,191.66999999999993,192.38999999999993,1038
2026-02-05T16:40:00+00:00,192.38999999999993,192.83999999999995,191.47999999999993,191.62999999999994,802
2026-02-05T16:45:00+00:00,191.62999999999994,191.63999999999993,189.93999999999994,190.58999999999995,859
2026-02-05T16:50:00+00:00,190.58999999999995,192.04999999999995,190.58999999999995,191.37999999999994,865
2026-02-05T16:55:00+00:00,191.37999999999994,192.08999999999995,190.66999999999993,192.02999999999994,864
2026-02-05T17:00:00+00:00,192.02999999999994,192.09999999999994,190.01999999999995,190.19999999999993,770
2026-02-05T17:05:00+00:00,190.19999999999993,190.95999999999995,190.06999999999994,190.23999999999995,728
2026-02-05T17:10:00+00:00,190.23999999999995,190.36999999999995,189.71999999999994,190.11999999999995,836
2026-02-05T17:15:00+00:00,190.11999999999995,190.32999999999993,189.51999999999995,189.56999999999994,645
2026-02-05T17:20:00+00:00,189.56999999999994,190.81999999999994,189.29999999999995,190.73999999999995,765
2026-02-05T17:25:00+00:00,190.73999999999995,191.77999999999994,190.73999999999995,191.17999999999995,804
2026-02-05T17:30:00+00:00,191.17999999999995,191.48999999999995,190.83999999999995,190.86999999999995,762
2026-02-05T17:35:00+00:00,190.86999999999995,191.64999999999995,190.66999999999993,190.73999999999995,687
2026-02-05T17:40:00+00:00,190.73999999999995,191.46999999999994,190.70999999999995,190.84999999999994,659
2026-02-05T17:45:00+00:00,190.84999999999994,191.35999999999993,190.09999999999994,190.28999999999994,722
2026-02-05T17:50:00+00:00,190.28999999999994,190.58999999999995,189.71999999999994,189.73999999999995,762
2026-02-05T17:55:00+00:00,189.73999999999995,190.30999999999995,189.57999999999993,190.18999999999994,589
2026-02-05T18:00:00+00:00,190.18999999999994,191.09999999999994,190.06999999999994,190.62999999999994,743
2026-02-05T18:05:00+00:00,190.62999999999994,190.62999999999994,189.91999999999993,189.91999999999993,613
2026-02-05T18:10:00+00:00,189.91999999999993,190.68999999999994,189.67999999999995,190.05999999999995,702
2026-02-05T18:15:00+00:00,190.05999999999995,190.35999999999993,189.62999999999994,189.63999999999993,549
2026-02-05T18:20:00+00:00,189.63999999999993,189.91999999999993,188.81999999999994,188.84999999999994,724
2026-02-05T18:25:00+00:00,188.84999999999994,189.00999999999993,188.56999999999994,188.62999999999994,802
2026-02-05T18:30:00+00:00,188.62999999999994,189.82999999999993,188.53999999999994,189.24999999999994,791
2026-02-05T18:35:00+00:00,189.24999999999994,189.29999999999995,188.53999999999994,188.55999999999995,656
2026-02-05T18:40:00+00:00,188.55999999999995,189.09999999999994,188.36999999999995,188.69999999999993,927
2026-02-05T18:45:00+00:00,188.69999999999993,188.87999999999994,188.11999999999995,188.27999999999994,762
2026-02-05T18:50:00+00:00,188.27999999999994,188.28999999999994,187.59999999999994,187.78999999999994,900
2026-02-05T18:55:00+00:00,187.78999999999994,187.79999999999995,187.37999999999994,187.53999999999994,893
2026-02-05T19:00:00+00:00,187.53999999999994,188.30999999999995,187.27999999999994,188.10999999999993,893
2026-02-05T19:05:00+00:00,188.10999999999993,188.63999999999993,188.01999999999995,188.56999999999994,788
2026-02-05T19:10:00+00:00,188.56999999999994,189.07999999999993,188.31999999999994,188.67999999999995,902
2026-02-05T19:15:00+00:00,188.67999999999995,189.44999999999993,188.41999999999993,189.28999999999994,906
2026-02-05T19:20:00+00:00,189.28999999999994,189.36999999999995,188.67999999999995,189.01999999999995,688
2026-02-05T19:25:00+00:00,189.01999999999995,189.03999999999994,188.15999999999994,188.16999999999993,656
2026-02-05T19:30:00+00:00,188.16999999999993,188.19999999999993,187.35999999999993,187.69999999999993,773
2026-02-05T19:35:00+00:00,187.69999999999993,188.24999999999994,187.42999999999995,187.79999999999995,753
2026-02-05T19:40:00+00:00,187.79999999999995,187.80999999999995,187.35999999999993,187.43999999999994,637
2026-02-05T19:45:00+00:00,187.43999999999994,187.63999999999993,187.27999999999994,187.52999999999994,718
2026-02-05T19:50:00+00:00,187.52999999999994,187.55999999999995,186.97999999999993,187.18999999999994,917
2026-02-05T19:55:00+00:00,187.18999999999994,187.83999999999995,186.99999999999994,187.70999999999995,757
2026-02-05T20:00:00+00:00,187.70999999999995,188.05999999999995,187.46999999999994,188.05999999999995,514
2026-02-05T20:05:00+00:00,188.05999999999995,189.80999999999995,187.86999999999995,189.56999999999994,658
2026-02-05T20:10:00+00:00,189.56999999999994,189.79999999999995,188.44999999999993,188.87999999999994,637
2026-02-05T20:15:00+00:00,188.87999999999994,188.93999999999994,188.07999999999993,188.09999999999994,696
2026-02-05T20:20:00+00:00,188.09999999999994,188.46999999999994,187.53999999999994,188.02999999999994,639
2026-02-05T20:25:00+00:00,188.02999999999994,188.11999999999995,187.19999999999993,187.19999999999993,677
2026-02-05T20:30:00+00:00,187.19999999999993,187.98999999999995,187.04999999999995,187.67999999999995,713
2026-02-05T20:35:00+00:00,187.67999999999995,188.21999999999994,187.66999999999993,187.90999999999994,639
2026-02-05T20:40:00+00:00,187.90999999999994,188.65999999999994,187.86999999999995,188.56999999999994,769
2026-02-05T20:45:00+00:00,188.56999999999994,188.85999999999993,188.03999999999994,188.03999999999994,788
2026-02-05T20:50:00+00:00,188.03999999999994,188.43999999999994,187.27999999999994,188.42999999999995,1151
2026-02-05T20:55:00+00:00,188.42999999999995,188.91999999999993,188.26999999999995,188.61999999999995,1103
2026-02-06T14:30:00+00:00,188.61999999999995,197.74999999999994,188.61999999999995,197.54999999999995,1473
2026-02-06T14:35:00+00:00,197.54999999999995,200.18999999999994,196.83999999999995,199.25999999999993,1608
2026-02-06T14:40:00+00:00,199.25999999999993,200.47999999999993,198.15999999999994,200.40999999999994,1679
2026-02-06T14:45:00+00:00,200.40999999999994,202.13999999999993,200.39999999999995,200.89999999999995,1756
2026-02-06T14:50:00+00:00,200.89999999999995,202.68999999999994,200.38999999999993,201.31999999999994,1600
2026-02-06T14:55:00+00:00,201.31999999999994,201.73999999999995,198.98999999999995,198.98999999999995,1503
2026-02-06T15:00:00+00:00,198.98999999999995,199.31999999999994,198.14999999999995,198.38999999999993,1667
2026-02-06T15:05:00+00:00,198.38999999999993,199.84999999999994,198.36999999999995,199.70999999999995,1504
2026-02-06T15:10:00+00:00,199.70999999999995,201.19999999999993,198.86999999999995,199.23999999999995,1519
2026-02-06T15:15:00+00:00,199.23999999999995,201.42999999999995,199.23999999999995,201.07999999999993,1454
2026-02-06T15:20:00+00:00,201.07999999999993,202.91999999999993,200.91999999999993,201.81999999999994,1620
2026-02-06T15:25:00+00:00,201.81999999999994,202.77999999999994,200.77999999999994,201.02999999999994,1516
2026-02-06T15:30:00+00:00,201.02999999999994,201.48999999999995,200.40999999999994,201.30999999999995,1526
2026-02-06T15:35:00+00:00,201.30999999999995,201.91999999999993,200.56999999999994,200.75999999999993,1291
2026-02-06T15:40:00+00:00,200.75999999999993,202.41999999999993,200.67999999999995,201.97999999999993,1218
2026-02-06T15:45:00+00:00,201.97999999999993,202.98999999999995,201.78999999999994,202.24999999999994,1165
2026-02-06T15:50:00+00:00,202.24999999999994,202.48999999999995,200.69999999999993,200.78999999999994,1217
2026-02-06T15:55:00+00:00,200.78999999999994,202.74999999999994,200.64999999999995,202.12999999999994,1182
2026-02-06T16:00:00+00:00,202.12999999999994,202.46999999999994,201.71999999999994,202.32999999999993,1078
2026-02-06T16:05:00+00:00,202.32999999999993,203.61999999999995,202.26999999999995,203.48999999999995,1131
2026-02-06T16:10:00+00:00,203.48999999999995,204.61999999999995,203.36999999999995,204.58999999999995,1035
2026-02-06T16:15:00+00:00,204.58999999999995,204.66999999999993,203.91999999999993,203.94999999999993,1119
2026-02-06T16:20:00+00:00,203.94999999999993,204.39999999999995,203.54999999999995,203.56999999999994,1045
2026-02-06T16:25:00+00:00,203.56999999999994,204.04999999999995,203.17999999999995,203.89999999999995,963
2026-02-06T16:30:00+00:00,203.89999999999995,204.31999999999994,203.76999999999995,204.23999999999995,831
2026-02-06T16:35:00+00:00,204.23999999999995,204.63999999999993,203.76999999999995,204.09999999999994,880
2026-02-06T16:40:00+00:00,204.09999999999994,204.35999999999993,203.26999999999995,203.71999999999994,850
2026-02-06T16:45:00+00:00,203.71999999999994,204.16999999999993,203.26999999999995,203.86999999999995,844
2026-02-06T16:50:00+00:00,203.86999999999995,204.43999999999994,203.82999999999993,203.95999999999995,658
2026-02-06T16:55:00+00:00,203.95999999999995,203.95999999999995,203.02999999999994,203.40999999999994,867
2026-02-06T17:00:00+00:00,203.40999999999994,203.84999999999994,202.92999999999995,203.78999999999994,704
2026-02-06T17:05:00+00:00,203.78999999999994,204.12999999999994,203.51999999999995,203.98999999999995,697
2026-02-06T17:10:00+00:00,203.98999999999995,204.46999999999994,203.57999999999993,204.23999999999995,822
2026-02-06T17:15:00+00:00,204.23999999999995,204.36999999999995,203.62999999999994,204.12999999999994,659
2026-02-06T17:20:00+00:00,204.12999999999994,204.18999999999994,203.71999999999994,203.78999999999994,592
2026-02-06T17:25:00+00:00,203.78999999999994,204.35999999999993,203.75999999999993,204.29999999999995,603
2026-02-06T17:30:00+00:00,204.29999999999995,204.98999999999995,204.22999999999993,204.65999999999994,764
2026-02-06T17:35:00+00:00,204.65999999999994,204.65999999999994,203.84999999999994,203.96999999999994,791
2026-02-06T17:40:00+00:00,203.96999999999994,204.50999999999993,203.88999999999993,204.10999999999993,639
2026-02-06T17:45:00+00:00,204.10999999999993,204.71999999999994,204.08999999999995,204.67999999999995,508
2026-02-06T17:50:00+00:00,204.67999999999995,205.31999999999994,204.37999999999994,204.41999999999993,750
2026-02-06T17:55:00+00:00,204.41999999999993,204.90999999999994,204.26999999999995,204.40999999999994,644
2026-02-06T18:00:00+00:00,204.40999999999994,204.66999999999993,204.37999999999994,204.60999999999993,491
2026-02-06T18:05:00+00:00,204.60999999999993,204.73999999999995,203.96999999999994,204.27999999999994,553
2026-02-06T18:10:00+00:00,204.27999999999994,204.46999999999994,204.03999999999994,204.42999999999995,596
2026-02-06T18:15:00+00:00,204.42999999999995,204.67999999999995,204.03999999999994,204.35999999999993,537
2026-02-06T18:20:00+00:00,204.35999999999993,204.41999999999993,203.87999999999994,203.94999999999993,512
2026-02-06T18:25:00+00:00,203.94999999999993,204.00999999999993,203.47999999999993,203.75999999999993,568
2026-02-06T18:30:00+00:00,203.75999999999993,203.97999999999993,203.38999999999993,203.44999999999993,477
2026-02-06T18:35:00+00:00,203.44999999999993,204.19999999999993,203.44999999999993,204.19999999999993,436
2026-02-06T18:40:00+00:00,204.19999999999993,204.21999999999994,203.41999999999993,203.58999999999995,576
2026-02-06T18:45:00+00:00,203.58999999999995,204.05999999999995,203.55999999999995,203.71999999999994,483
2026-02-06T18:50:00+00:00,203.71999999999994,203.95999999999995,203.54999999999995,203.89999999999995,428
2026-02-06T18:55:00+00:00,203.89999999999995,204.01999999999995,203.71999999999994,203.82999999999993,441
2026-02-06T19:00:00+00:00,203.82999999999993,203.88999999999993,203.17999999999995,203.52999999999994,489
2026-02-06T19:05:00+00:00,203.52999999999994,203.69999999999993,203.09999999999994,203.26999999999995,501
2026-02-06T19:10:00+00:00,203.26999999999995,203.36999999999995,202.67999999999995,202.77999999999994,521
2026-02-06T19:15:00+00:00,202.77999999999994,202.97999999999993,202.53999999999994,202.55999999999995,528
2026-02-06T19:20:00+00:00,202.55999999999995,203.37999999999994,202.48999999999995,202.96999999999994,511
2026-02-06T19:25:00+00:00,202.96999999999994,203.38999999999993,202.93999999999994,203.18999999999994,421
2026-02-06T19:30:00+00:00,203.18999999999994,203.30999999999995,202.93999999999994,202.98999999999995,501
2026-02-06T19:35:00+00:00,202.98999999999995,203.08999999999995,202.78999999999994,202.86999999999995,454
2026-02-06T19:40:00+00:00,202.86999999999995,202.86999999999995,202.39999999999995,202.54999999999995,552
2026-02-06T19:45:00+00:00,202.54999999999995,203.13999999999993,202.48999999999995,203.00999999999993,538
2026-02-06T19:50:00+00:00,203.00999999999993,203.32999999999993,203.00999999999993,203.08999999999995,348
2026-02-06T19:55:00+00:00,203.08999999999995,203.42999999999995,202.48999999999995,202.54999999999995,447
2026-02-06T20:00:00+00:00,202.54999999999995,202.97999999999993,202.28999999999994,202.81999999999994,582
2026-02-06T20:05:00+00:00,202.81999999999994,203.35999999999993,202.77999999999994,203.18999999999994,431
2026-02-06T20:10:00+00:00,203.18999999999994,203.26999999999995,202.97999999999993,203.19999999999993,467
2026-02-06T20:15:00+00:00,203.19999999999993,203.63999999999993,203.17999999999995,203.34999999999994,576
2026-02-06T20:20:00+00:00,203.34999999999994,204.05999999999995,203.33999999999995,203.87999999999994,661
2026-02-06T20:25:00+00:00,203.87999999999994,204.20999999999995,203.61999999999995,204.10999999999993,564
2026-02-06T20:30:00+00:00,204.10999999999993,204.37999999999994,203.83999999999995,203.95999999999995,690
2026-02-06T20:35:00+00:00,203.95999999999995,204.38999999999993,203.94999999999993,204.29999999999995,525
2026-02-06T20:40:00+00:00,204.29999999999995,204.85999999999993,204.17999999999995,204.73999999999995,601
2026-02-06T20:45:00+00:00,204.73999999999995,204.87999999999994,204.51999999999995,204.83999999999995,625
2026-02-06T20:50:00+00:00,204.83999999999995,205.43999999999994,204.57999999999993,205.07999999999993,899
2026-02-06T20:55:00+00:00,205.07999999999993,205.52999999999994,204.43999999999994,204.58999999999995,1628
2026-02-09T14:30:00+00:00,204.58999999999995,204.58999999999995,200.42999999999995,203.77999999999994,378
2026-02-09T14:35:00+00:00,203.77999999999994,206.96999999999994,202.83999999999995,206.80999999999995,1275
2026-02-09T14:40:00+00:00,206.80999999999995,207.19999999999993,205.43999999999994,206.12999999999994,1403
2026-02-09T14:45:00+00:00,206.12999999999994,208.68999999999994,206.06999999999994,208.12999999999994,1464
2026-02-09T14:50:00+00:00,208.12999999999994,209.09999999999994,207.26999999999995,208.24999999999994,1657
2026-02-09T14:55:00+00:00,208.24999999999994,210.09999999999994,208.24999999999994,209.41999999999993,1422
2026-02-09T15:00:00+00:00,209.41999999999993,210.97999999999993,209.41999999999993,210.59999999999994,1376
2026-02-09T15:05:00+00:00,210.59999999999994,211.43999999999994,210.43999999999994,210.68999999999994,1126
2026-02-09T15:10:00+00:00,210.68999999999994,211.00999999999993,209.64999999999995,210.11999999999995,1077
2026-02-09T15:15:00+00:00,210.11999999999995,210.38999999999993,209.42999999999995,209.73999999999995,894
2026-02-09T15:20:00+00:00,209.73999999999995,209.97999999999993,208.56999999999994,208.85999999999993,902
2026-02-09T15:25:00+00:00,208.85999999999993,209.05999999999995,208.35999999999993,208.47999999999993,940
2026-02-09T15:30:00+00:00,208.47999999999993,210.00999999999993,208.47999999999993,209.65999999999994,913
2026-02-09T15:35:00+00:00,209.65999999999994,211.00999999999993,209.65999999999994,210.55999999999995,764
2026-02-09T15:40:00+00:00,210.55999999999995,211.08999999999995,210.40999999999994,211.02999999999994,685
2026-02-09T15:45:00+00:00,211.02999999999994,211.18999999999994,210.58999999999995,211.18999999999994,685
2026-02-09T15:50:00+00:00,211.18999999999994,211.82999999999993,211.01999999999995,211.39999999999995,728
2026-02-09T15:55:00+00:00,211.39999999999995,212.12999999999994,211.26999999999995,211.58999999999995,649
2026-02-09T16:00:00+00:00,211.58999999999995,212.28999999999994,211.46999999999994,211.50999999999993,643
2026-02-09T16:05:00+00:00,211.50999999999993,211.51999999999995,211.06999999999994,211.18999999999994,605
2026-02-09T16:10:00+00:00,211.18999999999994,211.81999999999994,211.06999999999994,211.76999999999995,595
2026-02-09T16:15:00+00:00,211.76999999999995,211.95999999999995,211.39999999999995,211.53999999999994,566
2026-02-09T16:20:00+00:00,211.53999999999994,211.95999999999995,211.34999999999994,211.77999999999994,521
2026-02-09T16:25:00+00:00,211.77999999999994,212.10999999999993,211.57999999999993,211.60999999999993,482
2026-02-09T16:30:00+00:00,211.60999999999993,212.73999999999995,211.42999999999995,212.63999999999993,562
2026-02-09T16:35:00+00:00,212.63999999999993,212.71999999999994,211.96999999999994,212.45999999999995,599
2026-02-09T16:40:00+00:00,212.45999999999995,212.78999999999994,212.08999999999995,212.19999999999993,545
2026-02-09T16:45:00+00:00,212.19999999999993,212.59999999999994,212.19999999999993,212.43999999999994,443
2026-02-09T16:50:00+00:00,212.43999999999994,212.99999999999994,212.17999999999995,212.17999999999995,567
2026-02-09T16:55:00+00:00,212.17999999999995,212.53999999999994,212.05999999999995,212.20999999999995,437
2026-02-09T17:00:00+00:00,212.20999999999995,212.72999999999993,212.01999999999995,212.42999999999995,418
2026-02-09T17:05:00+00:00,212.42999999999995,212.81999999999994,212.28999999999994,212.60999999999993,430
2026-02-09T17:10:00+00:00,212.60999999999993,212.67999999999995,212.07999999999993,212.09999999999994,425
2026-02-09T17:15:00+00:00,212.09999999999994,212.75999999999993,212.06999999999994,212.29999999999995,446
2026-02-09T17:20:00+00:00,212.29999999999995,212.96999999999994,212.11999999999995,212.87999999999994,402
2026-02-09T17:25:00+00:00,212.87999999999994,212.94999999999993,212.06999999999994,212.18999999999994,512
2026-02-09T17:30:00+00:00,212.18999999999994,212.59999999999994,211.99999999999994,212.03999999999994,414
2026-02-09T17:35:00+00:00,212.03999999999994,212.11999999999995,211.77999999999994,211.83999999999995,396
2026-02-09T17:40:00+00:00,211.83999999999995,212.10999999999993,211.77999999999994,211.79999999999995,356
2026-02-09T17:45:00+00:00,211.79999999999995,212.02999999999994,211.56999999999994,211.77999999999994,427
2026-02-09T17:50:00+00:00,211.77999999999994,211.94999999999993,211.60999999999993,211.62999999999994,355
2026-02-09T17:55:00+00:00,211.62999999999994,211.91999999999993,211.51999999999995,211.83999999999995,408
2026-02-09T18:00:00+00:00,211.83999999999995,212.47999999999993,211.61999999999995,212.04999999999995,476
2026-02-09T18:05:00+00:00,212.04999999999995,212.53999999999994,211.90999999999994,212.06999999999994,476
2026-02-09T18:10:00+00:00,212.06999999999994,212.09999999999994,211.48999999999995,211.50999999999993,374
2026-02-09T18:15:00+00:00,211.50999999999993,211.61999999999995,211.31999999999994,211.39999999999995,398
2026-02-09T18:20:00+00:00,211.39999999999995,212.16999999999993,210.57999999999993,212.08999999999995,960
2026-02-09T18:25:00+00:00,212.08999999999995,212.08999999999995,211.01999999999995,211.39999999999995,508
2026-02-09T18:30:00+00:00,211.39999999999995,212.06999999999994,211.26999999999995,211.81999999999994,463
2026-02-09T18:35:00+00:00,211.81999999999994,212.38999999999993,211.76999999999995,212.38999999999993,465
2026-02-09T18:40:00+00:00,212.38999999999993,212.75999999999993,212.28999999999994,212.70999999999995,451
2026-02-09T18:45:00+00:00,212.70999999999995,212.78999999999994,212.39999999999995,212.75999999999993,377
2026-02-09T18:50:00+00:00,212.75999999999993,213.14999999999995,212.28999999999994,212.96999999999994,514
2026-02-09T18:55:00+00:00,212.96999999999994,213.05999999999995,212.64999999999995,212.76999999999995,463
2026-02-09T19:00:00+00:00,212.76999999999995,213.13999999999993,212.68999999999994,212.98999999999995,369
2026-02-09T19:05:00+00:00,212.98999999999995,213.25999999999993,212.84999999999994,212.89999999999995,460
2026-02-09T19:10:00+00:00,212.89999999999995,213.50999999999993,212.76999999999995,213.22999999999993,447
2026-02-09T19:15:00+00:00,213.22999999999993,213.46999999999994,213.06999999999994,213.15999999999994,373
2026-02-09T19:20:00+00:00,213.15999999999994,213.47999999999993,213.01999999999995,213.41999999999993,421
2026-02-09T19:25:00+00:00,213.41999999999993,213.66999999999993,213.32999999999993,213.54999999999995,416
2026-02-09T19:30:00+00:00,213.54999999999995,213.70999999999995,213.40999999999994,213.64999999999995,413
2026-02-09T19:35:00+00:00,213.64999999999995,213.80999999999995,213.53999999999994,213.64999999999995,366
2026-02-09T19:40:00+00:00,213.64999999999995,213.84999999999994,213.56999999999994,213.72999999999993,370
2026-02-09T19:45:00+00:00,213.72999999999993,213.85999999999993,213.56999999999994,213.60999999999993,324
2026-02-09T19:50:00+00:00,213.60999999999993,213.66999999999993,213.36999999999995,213.48999999999995,372
2026-02-09T19:55:00+00:00,213.48999999999995,213.48999999999995,213.01999999999995,213.04999999999995,433
2026-02-09T20:00:00+00:00,213.04999999999995,213.06999999999994,212.51999999999995,212.69999999999993,378
2026-02-09T20:05:00+00:00,212.69999999999993,212.86999999999995,212.15999999999994,212.16999999999993,348
2026-02-09T20:10:00+00:00,212.16999999999993,212.33999999999995,212.02999999999994,212.17999999999995,401
2026-02-09T20:15:00+00:00,212.17999999999995,212.40999999999994,212.02999999999994,212.36999999999995,361
2026-02-09T20:20:00+00:00,212.36999999999995,213.02999999999994,212.36999999999995,212.45999999999995,470
2026-02-09T20:25:00+00:00,212.45999999999995,212.69999999999993,212.29999999999995,212.48999999999995,471
2026-02-09T20:30:00+00:00,212.48999999999995,212.53999999999994,212.02999999999994,212.17999999999995,647
2026-02-09T20:35:00+00:00,212.17999999999995,212.36999999999995,211.93999999999994,212.25999999999993,490
2026-02-09T20:40:00+00:00,212.25999999999993,212.37999999999994,211.83999999999995,211.99999999999994,515
2026-02-09T20:45:00+00:00,211.99999999999994,212.53999999999994,211.98999999999995,212.51999999999995,561
2026-02-09T20:50:00+00:00,212.51999999999995,212.71999999999994,212.07999999999993,212.32999999999993,738
2026-02-09T20:55:00+00:00,212.32999999999993,212.53999999999994,212.06999999999994,212.08999999999995,1147
2026-02-10T14:30:00+00:00,212.08999999999995,215.31999999999994,211.28999999999994,212.84999999999994,1197
2026-02-10T14:35:00+00:00,212.84999999999994,215.58999999999995,212.68999999999994,212.68999999999994,1223
2026-02-10T14:40:00+00:00,212.68999999999994,213.06999999999994,211.63999999999993,212.96999999999994,1180
2026-02-10T14:45:00+00:00,212.96999999999994,213.21999999999994,210.51999999999995,210.92999999999995,1261
2026-02-10T14:50:00+00:00,210.92999999999995,213.17999999999995,210.85999999999993,212.59999999999994,1322
2026-02-10T14:55:00+00:00,212.59999999999994,213.30999999999995,211.94999999999993,211.94999999999993,813
2026-02-10T15:00:00+00:00,211.94999999999993,212.33999999999995,211.27999999999994,211.89999999999995,912
2026-02-10T15:05:00+00:00,211.89999999999995,213.17999999999995,211.76999999999995,212.36999999999995,821
2026-02-10T15:10:00+00:00,212.36999999999995,212.87999999999994,211.16999999999993,211.59999999999994,689
2026-02-10T15:15:00+00:00,211.59999999999994,212.37999999999994,211.28999999999994,212.25999999999993,721
2026-02-10T15:20:00+00:00,212.25999999999993,212.74999999999994,211.76999999999995,211.77999999999994,769
2026-02-10T15:25:00+00:00,211.77999999999994,212.58999999999995,211.68999999999994,211.83999999999995,670
2026-02-10T15:30:00+00:00,211.83999999999995,212.35999999999993,211.58999999999995,211.69999999999993,651
2026-02-10T15:35:00+00:00,211.69999999999993,211.97999999999993,211.46999999999994,211.46999999999994,627
2026-02-10T15:40:00+00:00,211.46999999999994,212.29999999999995,211.28999999999994,212.05999999999995,672
2026-02-10T15:45:00+00:00,212.05999999999995,213.39999999999995,211.85999999999993,212.02999999999994,813
2026-02-10T15:50:00+00:00,212.02999999999994,212.34999999999994,211.76999999999995,212.12999999999994,712
2026-02-10T15:55:00+00:00,212.12999999999994,213.11999999999995,212.09999999999994,212.97999999999993,763
2026-02-10T16:00:00+00:00,212.97999999999993,213.55999999999995,212.77999999999994,213.32999999999993,707
2026-02-10T16:05:00+00:00,213.32999999999993,213.44999999999993,212.80999999999995,212.85999999999993,806
2026-02-10T16:10:00+00:00,212.85999999999993,214.02999999999994,212.83999999999995,213.84999999999994,715
2026-02-10T16:15:00+00:00,213.84999999999994,213.95999999999995,212.93999999999994,213.20999999999995,820
2026-02-10T16:20:00+00:00,213.20999999999995,213.56999999999994,212.28999999999994,212.79999999999995,662
2026-02-10T16:25:00+00:00,212.79999999999995,213.08999999999995,212.44999999999993,213.06999999999994,614
2026-02-10T16:30:00+00:00,213.06999999999994,213.41999999999993,212.51999999999995,213.23999999999995,562
2026-02-10T16:35:00+00:00,213.23999999999995,213.50999999999993,212.60999999999993,212.85999999999993,571
2026-02-10T16:40:00+00:00,212.85999999999993,213.02999999999994,212.28999999999994,212.80999999999995,570
2026-02-10T16:45:00+00:00,212.80999999999995,213.29999999999995,212.29999999999995,212.76999999999995,634
2026-02-10T16:50:00+00:00,212.76999999999995,212.94999999999993,212.43999999999994,212.85999999999993,594
2026-02-10T16:55:00+00:00,212.85999999999993,213.05999999999995,212.28999999999994,212.40999999999994,400
2026-02-10T17:00:00+00:00,212.40999999999994,212.57999999999993,212.06999999999994,212.29999999999995,419
2026-02-10T17:05:00+00:00,212.29999999999995,212.31999999999994,211.95999999999995,211.95999999999995,343
2026-02-10T17:10:00+00:00,211.95999999999995,212.14999999999995,211.82999999999993,212.14999999999995,307
2026-02-10T17:15:00+00:00,212.14999999999995,212.53999999999994,211.91999999999993,212.48999999999995,373
2026-02-10T17:20:00+00:00,212.48999999999995,212.49999999999994,211.51999999999995,211.54999999999995,431
2026-02-10T17:25:00+00:00,211.54999999999995,211.73999999999995,211.41999999999993,211.67999999999995,365
2026-02-10T17:30:00+00:00,211.67999999999995,211.76999999999995,211.48999999999995,211.69999999999993,300
2026-02-10T17:35:00+00:00,211.69999999999993,211.76999999999995,211.52999999999994,211.53999999999994,310
2026-02-10T17:40:00+00:00,211.53999999999994,211.95999999999995,211.41999999999993,211.62999999999994,346
2026-02-10T17:45:00+00:00,211.62999999999994,211.96999999999994,211.62999999999994,211.84999999999994,313
2026-02-10T17:50:00+00:00,211.84999999999994,212.42999999999995,211.72999999999993,212.30999999999995,339
2026-02-10T17:55:00+00:00,212.30999999999995,212.37999999999994,212.06999999999994,212.21999999999994,306
2026-02-10T18:00:00+00:00,212.21999999999994,212.35999999999993,211.76999999999995,212.00999999999993,399
2026-02-10T18:05:00+00:00,212.00999999999993,212.24999999999994,211.90999999999994,212.16999999999993,355
2026-02-10T18:10:00+00:00,212.16999999999993,212.38999999999993,212.02999999999994,212.02999999999994,322
2026-02-10T18:15:00+00:00,212.02999999999994,212.10999999999993,211.56999999999994,211.90999999999994,483
2026-02-10T18:20:00+00:00,211.90999999999994,212.01999999999995,211.51999999999995,211.56999999999994,518
2026-02-10T18:25:00+00:00,211.56999999999994,211.71999999999994,210.87999999999994,210.95999999999995,798
2026-02-10T18:30:00+00:00,210.95999999999995,211.33999999999995,210.36999999999995,210.44999999999993,556
2026-02-10T18:35:00+00:00,210.44999999999993,211.39999999999995,210.37999999999994,211.32999999999993,495
2026-02-10T18:40:00+00:00,211.32999999999993,211.50999999999993,211.20999999999995,211.25999999999993,292
2026-02-10T18:45:00+00:00,211.25999999999993,211.40999999999994,210.93999999999994,211.31999999999994,371
2026-02-10T18:50:00+00:00,211.31999999999994,211.54999999999995,211.16999999999993,211.16999999999993,304
2026-02-10T18:55:00+00:00,211.16999999999993,211.81999999999994,211.16999999999993,211.59999999999994,388
2026-02-10T19:00:00+00:00,211.59999999999994,211.82999999999993,211.41999999999993,211.57999999999993,370
2026-02-10T19:05:00+00:00,211.57999999999993,211.64999999999995,211.34999999999994,211.43999999999994,394
2026-02-10T19:10:00+00:00,211.43999999999994,211.56999999999994,211.22999999999993,211.47999999999993,278
2026-02-10T19:15:00+00:00,211.47999999999993,211.48999999999995,211.16999999999993,211.25999999999993,311
2026-02-10T19:20:00+00:00,211.25999999999993,211.57999999999993,211.20999999999995,211.37999999999994,337
2026-02-10T19:25:00+00:00,211.37999999999994,211.60999999999993,211.30999999999995,211.56999999999994,327
2026-02-10T19:30:00+00:00,211.56999999999994,211.84999999999994,211.44999999999993,211.47999999999993,369
2026-02-10T19:35:00+00:00,211.47999999999993,211.79999999999995,211.31999999999994,211.47999999999993,373
2026-02-10T19:40:00+00:00,211.47999999999993,211.64999999999995,211.16999999999993,211.18999999999994,283
2026-02-10T19:45:00+00:00,211.18999999999994,211.37999999999994,211.06999999999994,211.20999999999995,309
2026-02-10T19:50:00+00:00,211.20999999999995,211.27999999999994,211.01999999999995,211.12999999999994,258
2026-02-10T19:55:00+00:00,211.12999999999994,211.64999999999995,211.02999999999994,211.39999999999995,293
2026-02-10T20:00:00+00:00,211.39999999999995,211.39999999999995,210.42999999999995,210.85999999999993,401
2026-02-10T20:05:00+00:00,210.85999999999993,210.99999999999994,210.43999999999994,210.50999999999993,307
2026-02-10T20:10:00+00:00,210.50999999999993,210.52999999999994,210.04999999999995,210.38999999999993,377
2026-02-10T20:15:00+00:00,210.38999999999993,210.58999999999995,209.97999999999993,210.52999999999994,335
2026-02-10T20:20:00+00:00,210.52999999999994,210.75999999999993,210.16999999999993,210.16999999999993,297
2026-02-10T20:25:00+00:00,210.16999999999993,210.16999999999993,209.81999999999994,209.89999999999995,369
2026-02-10T20:30:00+00:00,209.89999999999995,210.34999999999994,209.76999999999995,210.12999999999994,370
2026-02-10T20:35:00+00:00,210.12999999999994,210.26999999999995,209.75999999999993,209.94999999999993,464
2026-02-10T20:40:00+00:00,209.94999999999993,210.23999999999995,209.92999999999995,209.98999999999995,381
2026-02-10T20:45:00+00:00,209.98999999999995,210.22999999999993,209.79999999999995,209.96999999999994,429
2026-02-10T20:50:00+00:00,209.96999999999994,210.21999999999994,209.40999999999994,209.61999999999995,657
2026-02-10T20:55:00+00:00,209.61999999999995,210.06999999999994,209.41999999999993,209.94999999999993,1180
2026-02-11T14:30:00+00:00,209.94999999999993,214.44999999999993,209.94999999999993,211.67999999999995,1316
2026-02-11T14:35:00+00:00,211.67999999999995,212.37999999999994,210.81999999999994,211.13999999999993,1481
2026-02-11T14:40:00+00:00,211.13999999999993,213.97999999999993,210.67999999999995,213.84999999999994,1537
2026-02-11T14:45:00+00:00,213.84999999999994,215.84999999999994,213.70999999999995,214.41999999999993,1748
2026-02-11T14:50:00+00:00,214.41999999999993,214.74999999999994,212.81999999999994,213.27999999999994,1633
2026-02-11T14:55:00+00:00,213.27999999999994,213.47999999999993,211.61999999999995,211.88999999999993,1377
2026-02-11T15:00:00+00:00,211.88999999999993,212.11999999999995,210.96999999999994,211.36999999999995,1347
2026-02-11T15:05:00+00:00,211.36999999999995,211.42999999999995,210.11999999999995,210.11999999999995,1188
2026-02-11T15:10:00+00:00,210.11999999999995,210.13999999999993,207.64999999999995,208.82999999999993,1375
2026-02-11T15:15:00+00:00,208.82999999999993,208.91999999999993,206.94999999999993,207.09999999999994,1395
2026-02-11T15:20:00+00:00,207.09999999999994,207.49999999999994,205.79999999999995,205.82999999999993,1339
2026-02-11T15:25:00+00:00,205.82999999999993,206.75999999999993,205.41999999999993,206.01999999999995,1644
2026-02-11T15:30:00+00:00,206.01999999999995,206.95999999999995,205.85999999999993,206.30999999999995,1684
2026-02-11T15:35:00+00:00,206.30999999999995,207.32999999999993,206.06999999999994,207.19999999999993,1524
2026-02-11T15:40:00+00:00,207.19999999999993,208.45999999999995,207.13999999999993,208.27999999999994,1363
2026-02-11T15:45:00+00:00,208.27999999999994,208.71999999999994,208.01999999999995,208.26999999999995,1342
2026-02-11T15:50:00+00:00,208.26999999999995,210.83999999999995,208.26999999999995,210.81999999999994,1300
2026-02-11T15:55:00+00:00,210.81999999999994,211.01999999999995,210.26999999999995,210.53999999999994,1426
2026-02-11T16:00:00+00:00,210.53999999999994,210.96999999999994,209.32999999999993,209.33999999999995,1549
2026-02-11T16:05:00+00:00,209.33999999999995,209.47999999999993,208.76999999999995,208.94999999999993,1309
2026-02-11T16:10:00+00:00,208.94999999999993,210.53999999999994,208.91999999999993,210.49999999999994,1199
2026-02-11T16:15:00+00:00,210.49999999999994,210.57999999999993,209.55999999999995,210.16999999999993,1004
2026-02-11T16:20:00+00:00,210.16999999999993,210.67999999999995,209.86999999999995,210.49999999999994,765
2026-02-11T16:25:00+00:00,210.49999999999994,210.56999999999994,208.78999999999994,208.79999999999995,914
2026-02-11T16:30:00+00:00,208.79999999999995,209.19999999999993,208.44999999999993,208.63999999999993,920
2026-02-11T16:35:00+00:00,208.63999999999993,209.05999999999995,208.44999999999993,208.98999999999995,837
2026-02-11T16:40:00+00:00,208.98999999999995,209.54999999999995,208.07999999999993,208.68999999999994,909
2026-02-11T16:45:00+00:00,208.68999999999994,209.03999999999994,207.84999999999994,207.93999999999994,753
2026-02-11T16:50:00+00:00,207.93999999999994,208.13999999999993,207.76999999999995,207.81999999999994,786
2026-02-11T16:55:00+00:00,207.81999999999994,207.88999999999993,207.37999999999994,207.51999999999995,627
2026-02-11T17:00:00+00:00,207.51999999999995,207.57999999999993,206.52999999999994,206.52999999999994,874
2026-02-11T17:05:00+00:00,206.52999999999994,206.94999999999993,206.36999999999995,206.47999999999993,859
2026-02-11T17:10:00+00:00,206.47999999999993,206.99999999999994,206.02999999999994,206.64999999999995,1006
2026-02-11T17:15:00+00:00,206.64999999999995,207.25999999999993,206.53999999999994,206.60999999999993,712
2026-02-11T17:20:00+00:00,206.60999999999993,207.44999999999993,206.27999999999994,207.33999999999995,602
2026-02-11T17:25:00+00:00,207.33999999999995,207.96999999999994,207.28999999999994,207.57999999999993,691
2026-02-11T17:30:00+00:00,207.57999999999993,208.07999999999993,207.46999999999994,207.81999999999994,712
2026-02-11T17:35:00+00:00,207.81999999999994,207.94999999999993,207.46999999999994,207.67999999999995,665
2026-02-11T17:40:00+00:00,207.67999999999995,208.48999999999995,207.63999999999993,208.27999999999994,603
2026-02-11T17:45:00+00:00,208.27999999999994,208.67999999999995,208.01999999999995,208.41999999999993,503
2026-02-11T17:50:00+00:00,208.41999999999993,208.71999999999994,208.11999999999995,208.27999999999994,466
2026-02-11T17:55:00+00:00,208.27999999999994,208.34999999999994,207.37999999999994,207.53999999999994,582
2026-02-11T18:00:00+00:00,207.53999999999994,207.69999999999993,207.31999999999994,207.47999999999993,661
2026-02-11T18:05:00+00:00,207.47999999999993,207.47999999999993,206.99999999999994,206.99999999999994,419
2026-02-11T18:10:00+00:00,206.99999999999994,207.03999999999994,206.42999999999995,206.61999999999995,622
2026-02-11T18:15:00+00:00,206.61999999999995,207.46999999999994,206.46999999999994,207.04999999999995,693
2026-02-11T18:20:00+00:00,207.04999999999995,207.15999999999994,206.75999999999993,207.10999999999993,615
2026-02-11T18:25:00+00:00,207.10999999999993,207.58999999999995,206.77999999999994,207.30999999999995,604
2026-02-11T18:30:00+00:00,207.30999999999995,207.40999999999994,206.77999999999994,206.85999999999993,607
2026-02-11T18:35:00+00:00,206.85999999999993,207.53999999999994,206.77999999999994,207.26999999999995,454
2026-02-11T18:40:00+00:00,207.26999999999995,207.31999999999994,206.91999999999993,207.05999999999995,380
2026-02-11T18:45:00+00:00,207.05999999999995,207.83999999999995,207.05999999999995,207.73999999999995,488
2026-02-11T18:50:00+00:00,207.73999999999995,207.83999999999995,206.94999999999993,207.54999999999995,733
2026-02-11T18:55:00+00:00,207.54999999999995,207.76999999999995,207.27999999999994,207.37999999999994,375
2026-02-11T19:00:00+00:00,207.37999999999994,207.66999999999993,207.21999999999994,207.66999999999993,442
2026-02-11T19:05:00+00:00,207.66999999999993,207.79999999999995,207.14999999999995,207.36999999999995,555
2026-02-11T19:10:00+00:00,207.36999999999995,208.34999999999994,207.28999999999994,208.05999999999995,485
2026-02-11T19:15:00+00:00,208.05999999999995,208.63999999999993,208.04999999999995,208.57999999999993,542
2026-02-11T19:20:00+00:00,208.57999999999993,209.81999999999994,208.55999999999995,209.77999999999994,611
2026-02-11T19:25:00+00:00,209.77999999999994,210.10999999999993,209.67999999999995,209.82999999999993,638
2026-02-11T19:30:00+00:00,209.82999999999993,210.26999999999995,209.35999999999993,210.16999999999993,474
2026-02-11T19:35:00+00:00,210.16999999999993,210.47999999999993,209.63999999999993,209.65999999999994,428
2026-02-11T19:40:00+00:00,209.65999999999994,210.02999999999994,209.60999999999993,209.94999999999993,394
2026-02-11T19:45:00+00:00,209.94999999999993,210.11999999999995,209.30999999999995,209.85999999999993,742
2026-02-11T19:50:00+00:00,209.85999999999993,209.97999999999993,209.52999999999994,209.68999999999994,525
2026-02-11T19:55:00+00:00,209.68999999999994,209.71999999999994,209.04999999999995,209.06999999999994,559
2026-02-11T20:00:00+00:00,209.06999999999994,209.29999999999995,208.88999999999993,209.22999999999993,539
2026-02-11T20:05:00+00:00,209.22999999999993,209.33999999999995,208.84999999999994,209.02999999999994,379
2026-02-11T20:10:00+00:00,209.02999999999994,209.30999999999995,208.90999999999994,209.26999999999995,420
2026-02-11T20:15:00+00:00,209.26999999999995,209.61999999999995,209.25999999999993,209.39999999999995,382
2026-02-11T20:20:00+00:00,209.39999999999995,209.45999999999995,208.98999999999995,209.20999999999995,394
2026-02-11T20:25:00+00:00,209.20999999999995,209.26999999999995,208.76999999999995,208.77999999999994,394
2026-02-11T20:30:00+00:00,208.77999999999994,209.38999999999993,208.71999999999994,209.23999999999995,510
2026-02-11T20:35:00+00:00,209.23999999999995,209.69999999999993,209.16999999999993,209.52999999999994,475
2026-02-11T20:40:00+00:00,209.52999999999994,209.93999999999994,209.42999999999995,209.70999999999995,606
2026-02-11T20:45:00+00:00,209.70999999999995,209.75999999999993,209.43999999999994,209.44999999999993,592
2026-02-11T20:50:00+00:00,209.44999999999993,209.97999999999993,209.43999999999994,209.73999999999995,664
2026-02-11T20:55:00+00:00,209.73999999999995,210.45999999999995,209.51999999999995,209.63999999999993,1364
2026-02-12T14:30:00+00:00,209.63999999999993,214.40999999999994,209.63999999999993,213.93999999999994,1143
2026-02-12T14:35:00+00:00,213.93999999999994,214.65999999999994,211.73999999999995,212.06999999999994,1276
2026-02-12T14:40:00+00:00,212.06999999999994,213.36999999999995,210.07999999999993,210.27999999999994,1177
2026-02-12T14:45:00+00:00,210.27999999999994,210.54999999999995,208.31999999999994,208.92999999999995,1269
2026-02-12T14:50:00+00:00,208.92999999999995,210.25999999999993,208.72999999999993,209.68999999999994,1265
2026-02-12T14:55:00+00:00,209.68999999999994,210.08999999999995,207.93999999999994,208.50999999999993,1120
2026-02-12T15:00:00+00:00,208.50999999999993,210.27999999999994,207.89999999999995,209.18999999999994,1125
2026-02-12T15:05:00+00:00,209.18999999999994,210.72999999999993,208.81999999999994,209.77999999999994,1001
2026-02-12T15:10:00+00:00,209.77999999999994,210.60999999999993,209.26999999999995,210.55999999999995,835
2026-02-12T15:15:00+00:00,210.55999999999995,210.65999999999994,209.44999999999993,209.44999999999993,873
2026-02-12T15:20:00+00:00,209.44999999999993,210.59999999999994,209.31999999999994,210.34999999999994,823
2026-02-12T15:25:00+00:00,210.34999999999994,210.52999999999994,209.86999999999995,210.10999999999993,599
2026-02-12T15:30:00+00:00,210.10999999999993,210.35999999999993,209.12999999999994,209.18999999999994,741
2026-02-12T15:35:00+00:00,209.18999999999994,209.68999999999994,208.47999999999993,208.70999999999995,855
2026-02-12T15:40:00+00:00,208.70999999999995,208.81999999999994,207.57999999999993,207.58999999999995,996
2026-02-12T15:45:00+00:00,207.58999999999995,208.07999999999993,207.26999999999995,207.76999999999995,1047
2026-02-12T15:50:00+00:00,207.76999999999995,208.08999999999995,207.08999999999995,207.08999999999995,951
2026-02-12T15:55:00+00:00,207.08999999999995,207.14999999999995,206.34999999999994,206.41999999999993,1073
2026-02-12T16:00:00+00:00,206.41999999999993,207.02999999999994,206.36999999999995,206.66999999999993,1005
2026-02-12T16:05:00+00:00,206.66999999999993,206.76999999999995,205.96999999999994,206.06999999999994,1192
2026-02-12T16:10:00+00:00,206.06999999999994,206.15999999999994,204.87999999999994,204.92999999999995,991
2026-02-12T16:15:00+00:00,204.92999999999995,205.22999999999993,204.18999999999994,204.26999999999995,419
2026-02-12T16:20:00+00:00,204.26999999999995,204.55999999999995,203.76999999999995,204.05999999999995,1472
2026-02-12T16:25:00+00:00,204.05999999999995,204.06999999999994,202.41999999999993,202.44999999999993,1474
2026-02-12T16:30:00+00:00,202.44999999999993,203.09999999999994,202.12999999999994,202.73999999999995,1811
2026-02-12T16:35:00+00:00,202.73999999999995,203.96999999999994,202.66999999999993,203.89999999999995,1539
2026-02-12T16:40:00+00:00,203.89999999999995,204.90999999999994,203.72999999999993,204.18999999999994,1297
2026-02-12T16:45:00+00:00,204.18999999999994,204.61999999999995,203.73999999999995,204.31999999999994,1271
2026-02-12T16:50:00+00:00,204.31999999999994,204.53999999999994,203.54999999999995,203.78999999999994,1242
2026-02-12T16:55:00+00:00,203.78999999999994,204.16999999999993,203.64999999999995,204.09999999999994,1071
2026-02-12T17:00:00+00:00,204.09999999999994,204.31999999999994,203.15999999999994,203.85999999999993,1147
2026-02-12T17:05:00+00:00,203.85999999999993,204.44999999999993,203.37999999999994,204.30999999999995,888
2026-02-12T17:10:00+00:00,204.30999999999995,204.35999999999993,203.29999999999995,203.48999999999995,886
2026-02-12T17:15:00+00:00,203.48999999999995,203.76999999999995,203.04999999999995,203.06999999999994,931
2026-02-12T17:20:00+00:00,203.06999999999994,204.38999999999993,203.02999999999994,204.37999999999994,983
2026-02-12T17:25:00+00:00,204.37999999999994,205.18999999999994,203.61999999999995,203.67999999999995,937
2026-02-12T17:30:00+00:00,203.67999999999995,204.52999999999994,203.67999999999995,204.40999999999994,913
2026-02-12T17:35:00+00:00,204.40999999999994,205.54999999999995,204.40999999999994,204.82999999999993,728
2026-02-12T17:40:00+00:00,204.82999999999993,205.07999999999993,204.36999999999995,204.62999999999994,752
2026-02-12T17:45:00+00:00,204.62999999999994,204.95999999999995,204.36999999999995,204.78999999999994,748
2026-02-12T17:50:00+00:00,204.78999999999994,205.24999999999994,203.77999999999994,203.77999999999994,659
2026-02-12T17:55:00+00:00,203.77999999999994,204.18999999999994,203.49999999999994,203.76999999999995,623
2026-02-12T18:00:00+00:00,203.76999999999995,203.79999999999995,203.12999999999994,203.47999999999993,879
2026-02-12T18:05:00+00:00,203.47999999999993,204.53999999999994,203.27999999999994,203.96999999999994,888
2026-02-12T18:10:00+00:00,203.96999999999994,204.22999999999993,203.76999999999995,203.78999999999994,757
2026-02-12T18:15:00+00:00,203.78999999999994,203.79999999999995,202.96999999999994,203.06999999999994,566
2026-02-12T18:20:00+00:00,203.06999999999994,204.15999999999994,203.06999999999994,203.96999999999994,724
2026-02-12T18:25:00+00:00,203.96999999999994,204.34999999999994,203.15999999999994,203.65999999999994,1052
2026-02-12T18:30:00+00:00,203.65999999999994,204.31999999999994,203.55999999999995,203.93999999999994,899
2026-02-12T18:35:00+00:00,203.93999999999994,204.72999999999993,203.78999999999994,204.44999999999993,801
2026-02-12T18:40:00+00:00,204.44999999999993,204.65999999999994,204.23999999999995,204.55999999999995,625
2026-02-12T18:45:00+00:00,204.55999999999995,204.57999999999993,203.86999999999995,203.86999999999995,628
2026-02-12T18:50:00+00:00,203.86999999999995,204.40999999999994,203.71999999999994,204.04999999999995,535
2026-02-12T18:55:00+00:00,204.04999999999995,204.27999999999994,203.33999999999995,203.45999999999995,836
2026-02-12T19:00:00+00:00,203.45999999999995,204.09999999999994,203.40999999999994,203.72999999999993,674
2026-02-12T19:05:00+00:00,203.72999999999993,204.17999999999995,203.53999999999994,203.54999999999995,605
2026-02-12T19:10:00+00:00,203.54999999999995,203.57999999999993,202.71999999999994,202.98999999999995,711
2026-02-12T19:15:00+00:00,202.98999999999995,203.87999999999994,202.97999999999993,203.68999999999994,557
2026-02-12T19:20:00+00:00,203.68999999999994,204.09999999999994,203.64999999999995,203.82999999999993,576
2026-02-12T19:25:00+00:00,203.82999999999993,203.87999999999994,202.81999999999994,202.91999999999993,799
2026-02-12T19:30:00+00:00,202.91999999999993,203.68999999999994,202.91999999999993,203.13999999999993,737
2026-02-12T19:35:00+00:00,203.13999999999993,203.79999999999995,203.03999999999994,203.77999999999994,712
2026-02-12T19:40:00+00:00,203.77999999999994,204.11999999999995,203.43999999999994,203.78999999999994,655
2026-02-12T19:45:00+00:00,203.78999999999994,204.10999999999993,203.59999999999994,203.78999999999994,573
2026-02-12T19:50:00+00:00,203.78999999999994,203.95999999999995,203.29999999999995,203.41999999999993,626
2026-02-12T19:55:00+00:00,203.41999999999993,203.58999999999995,202.45999999999995,202.66999999999993,832
2026-02-12T20:00:00+00:00,202.66999999999993,202.91999999999993,202.26999999999995,202.41999999999993,824
2026-02-12T20:05:00+00:00,202.41999999999993,202.82999999999993,202.05999999999995,202.07999999999993,625
2026-02-12T20:10:00+00:00,202.07999999999993,202.26999999999995,201.76999999999995,202.08999999999995,715
2026-02-12T20:15:00+00:00,202.08999999999995,202.17999999999995,201.87999999999994,201.88999999999993,665
2026-02-12T20:20:00+00:00,201.88999999999993,202.00999999999993,201.66999999999993,201.83999999999995,611
2026-02-12T20:25:00+00:00,201.83999999999995,202.19999999999993,201.59999999999994,201.73999999999995,620
2026-02-12T20:30:00+00:00,201.73999999999995,202.19999999999993,201.39999999999995,202.12999999999994,705
2026-02-12T20:35:00+00:00,202.12999999999994,203.01999999999995,202.08999999999995,202.93999999999994,645
2026-02-12T20:40:00+00:00,202.93999999999994,203.46999999999994,202.83999999999995,202.84999999999994,606
2026-02-12T20:45:00+00:00,202.84999999999994,203.05999999999995,202.64999999999995,202.88999999999993,756
2026-02-12T20:50:00+00:00,202.88999999999993,202.98999999999995,201.87999999999994,202.74999999999994,879
2026-02-12T20:55:00+00:00,202.74999999999994,202.77999999999994,201.93999999999994,202.18999999999994,1621
2026-02-13T14:30:00+00:00,202.18999999999994,206.07999999999993,200.22999999999993,204.08999999999995,1321
2026-02-13T14:35:00+00:00,204.08999999999995,206.18999999999994,203.30999999999995,203.63999999999993,1532
2026-02-13T14:40:00+00:00,203.63999999999993,204.24999999999994,201.76999999999995,203.57999999999993,1610
2026-02-13T14:45:00+00:00,203.57999999999993,205.52999999999994,203.57999999999993,204.48999999999995,1436
2026-02-13T14:50:00+00:00,204.48999999999995,204.50999999999993,202.26999999999995,203.31999999999994,1611
2026-02-13T14:55:00+00:00,203.31999999999994,204.64999999999995,202.27999999999994,202.56999999999994,1805
2026-02-13T15:00:00+00:00,202.56999999999994,204.50999999999993,202.55999999999995,203.60999999999993,1716
2026-02-13T15:05:00+00:00,203.60999999999993,204.39999999999995,202.57999999999993,204.00999999999993,1457
2026-02-13T15:10:00+00:00,204.00999999999993,204.28999999999994,202.14999999999995,202.33999999999995,1436
2026-02-13T15:15:00+00:00,202.33999999999995,203.47999999999993,201.96999999999994,203.22999999999993,1605
2026-02-13T15:20:00+00:00,203.22999999999993,204.24999999999994,202.90999999999994,203.77999999999994,1561
2026-02-13T15:25:00+00:00,203.77999999999994,204.74999999999994,203.30999999999995,204.15999999999994,1247
2026-02-13T15:30:00+00:00,204.15999999999994,205.43999999999994,204.01999999999995,204.95999999999995,1088
2026-02-13T15:35:00+00:00,204.95999999999995,205.13999999999993,203.15999999999994,203.18999999999994,1298
2026-02-13T15:40:00+00:00,203.18999999999994,203.27999999999994,201.56999999999994,201.57999999999993,1594
2026-02-13T15:45:00+00:00,201.57999999999993,201.95999999999995,200.30999999999995,200.36999999999995,1478
2026-02-13T15:50:00+00:00,200.36999999999995,202.11999999999995,200.30999999999995,202.07999999999993,1512
2026-02-13T15:55:00+00:00,202.07999999999993,202.37999999999994,201.18999999999994,201.99999999999994,1181
2026-02-13T16:00:00+00:00,201.99999999999994,203.07999999999993,201.77999999999994,202.95999999999995,1139
2026-02-13T16:05:00+00:00,202.95999999999995,203.65999999999994,202.87999999999994,203.32999999999993,876
2026-02-13T16:10:00+00:00,203.32999999999993,203.46999999999994,201.42999999999995,202.07999999999993,1132
2026-02-13T16:15:00+00:00,202.07999999999993,202.67999999999995,201.92999999999995,202.31999999999994,1129
2026-02-13T16:20:00+00:00,202.31999999999994,202.62999999999994,201.81999999999994,202.39999999999995,1024
2026-02-13T16:25:00+00:00,202.39999999999995,203.48999999999995,202.33999999999995,203.32999999999993,1033
2026-02-13T16:30:00+00:00,203.32999999999993,203.36999999999995,202.45999999999995,203.01999999999995,1011
2026-02-13T16:35:00+00:00,203.01999999999995,204.06999999999994,202.83999999999995,203.85999999999993,872
2026-02-13T16:40:00+00:00,203.85999999999993,204.00999999999993,203.16999999999993,203.55999999999995,889
2026-02-13T16:45:00+00:00,203.55999999999995,203.88999999999993,203.14999999999995,203.15999999999994,695
2026-02-13T16:50:00+00:00,203.15999999999994,203.75999999999993,202.88999999999993,203.65999999999994,727
2026-02-13T16:55:00+00:00,203.65999999999994,204.25999999999993,203.49999999999994,203.56999999999994,675
2026-02-13T17:00:00+00:00,203.56999999999994,203.71999999999994,203.31999999999994,203.51999999999995,496
2026-02-13T17:05:00+00:00,203.51999999999995,203.97999999999993,203.51999999999995,203.76999999999995,516
2026-02-13T17:10:00+00:00,203.76999999999995,204.32999999999993,203.67999999999995,204.25999999999993,600
2026-02-13T17:15:00+00:00,204.25999999999993,204.32999999999993,203.77999999999994,203.80999999999995,637
2026-02-13T17:20:00+00:00,203.80999999999995,204.72999999999993,203.77999999999994,204.48999999999995,586
2026-02-13T17:25:00+00:00,204.48999999999995,204.78999999999994,204.05999999999995,204.50999999999993,580
2026-02-13T17:30:00+00:00,204.50999999999993,205.04999999999995,204.32999999999993,204.89999999999995,513
2026-02-13T17:35:00+00:00,204.89999999999995,205.07999999999993,204.79999999999995,204.95999999999995,540
2026-02-13T17:40:00+00:00,204.95999999999995,205.41999999999993,204.81999999999994,204.98999999999995,526
2026-02-13T17:45:00+00:00,204.98999999999995,205.15999999999994,204.69999999999993,205.05999999999995,505
2026-02-13T17:50:00+00:00,205.05999999999995,205.15999999999994,204.71999999999994,204.94999999999993,535
2026-02-13T17:55:00+00:00,204.94999999999993,205.17999999999995,204.64999999999995,204.90999999999994,566
2026-02-13T18:00:00+00:00,204.90999999999994,205.12999999999994,204.21999999999994,204.40999999999994,925
2026-02-13T18:05:00+00:00,204.40999999999994,204.96999999999994,204.24999999999994,204.81999999999994,646
2026-02-13T18:10:00+00:00,204.81999999999994,205.35999999999993,204.81999999999994,204.99999999999994,566
2026-02-13T18:15:00+00:00,204.99999999999994,205.25999999999993,204.58999999999995,204.70999999999995,450
2026-02-13T18:20:00+00:00,204.70999999999995,205.61999999999995,204.70999999999995,205.14999999999995,511
2026-02-13T18:25:00+00:00,205.14999999999995,205.63999999999993,204.61999999999995,204.69999999999993,774
2026-02-13T18:30:00+00:00,204.69999999999993,205.56999999999994,204.63999999999993,205.43999999999994,776
2026-02-13T18:35:00+00:00,205.43999999999994,205.71999999999994,204.88999999999993,205.22999999999993,581
2026-02-13T18:40:00+00:00,205.22999999999993,205.34999999999994,204.67999999999995,204.76999999999995,558
2026-02-13T18:45:00+00:00,204.76999999999995,205.42999999999995,204.74999999999994,204.97999999999993,592
2026-02-13T18:50:00+00:00,204.97999999999993,204.99999999999994,204.35999999999993,204.69999999999993,625
2026-02-13T18:55:00+00:00,204.69999999999993,204.81999999999994,204.55999999999995,204.66999999999993,612
2026-02-13T19:00:00+00:00,204.66999999999993,204.81999999999994,204.15999999999994,204.18999999999994,463
2026-02-13T19:05:00+00:00,204.18999999999994,204.61999999999995,204.15999999999994,204.59999999999994,383
2026-02-13T19:10:00+00:00,204.59999999999994,204.67999999999995,203.91999999999993,204.27999999999994,410
2026-02-13T19:15:00+00:00,204.27999999999994,204.36999999999995,203.95999999999995,204.30999999999995,428
2026-02-13T19:20:00+00:00,204.30999999999995,204.62999999999994,204.13999999999993,204.49999999999994,421
2026-02-13T19:25:00+00:00,204.49999999999994,204.60999999999993,203.50999999999993,203.70999999999995,529
2026-02-13T19:30:00+00:00,203.70999999999995,204.27999999999994,203.56999999999994,204.17999999999995,675
2026-02-13T19:35:00+00:00,204.17999999999995,204.34999999999994,203.66999999999993,203.80999999999995,481
2026-02-13T19:40:00+00:00,203.80999999999995,203.96999999999994,203.27999999999994,203.48999999999995,643
2026-02-13T19:45:00+00:00,203.48999999999995,204.00999999999993,203.46999999999994,203.65999999999994,560
2026-02-13T19:50:00+00:00,203.65999999999994,203.78999999999994,203.41999999999993,203.65999999999994,516
2026-02-13T19:55:00+00:00,203.65999999999994,203.80999999999995,202.87999999999994,203.04999999999995,730
2026-02-13T20:00:00+00:00,203.04999999999995,203.81999999999994,203.04999999999995,203.78999999999994,691
2026-02-13T20:05:00+00:00,203.78999999999994,204.09999999999994,203.52999999999994,204.00999999999993,525
2026-02-13T20:10:00+00:00,204.00999999999993,204.04999999999995,203.28999999999994,203.28999999999994,487
2026-02-13T20:15:00+00:00,203.28999999999994,204.04999999999995,203.24999999999994,203.91999999999993,792
2026-02-13T20:20:00+00:00,203.91999999999993,203.94999999999993,203.42999999999995,203.47999999999993,621
2026-02-13T20:25:00+00:00,203.47999999999993,203.60999999999993,202.76999999999995,203.26999999999995,759
2026-02-13T20:30:00+00:00,203.26999999999995,203.53999999999994,202.93999999999994,203.02999999999994,815
2026-02-13T20:35:00+00:00,203.02999999999994,203.38999999999993,202.93999999999994,203.23999999999995,683
2026-02-13T20:40:00+00:00,203.23999999999995,203.52999999999994,202.93999999999994,203.16999999999993,731
2026-02-13T20:45:00+00:00,203.16999999999993,203.95999999999995,203.03999999999994,203.76999999999995,987
2026-02-13T20:50:00+00:00,203.76999999999995,203.77999999999994,203.06999999999994,203.17999999999995,975
2026-02-13T20:55:00+00:00,203.17999999999995,203.66999999999993,202.82999999999993,203.61999999999995,1480
2026-02-17T14:30:00+00:00,203.61999999999995,203.61999999999995,197.06999999999994,200.42999999999995,393
2026-02-17T14:35:00+00:00,200.42999999999995,201.41999999999993,200.17999999999995,201.01999999999995,501
2026-02-17T14:40:00+00:00,201.01999999999995,201.02999999999994,197.76999999999995,197.96999999999994,459
2026-02-17T14:45:00+00:00,197.96999999999994,197.97999999999993,196.36999999999995,196.48999999999995,562
2026-02-17T14:50:00+00:00,196.48999999999995,197.06999999999994,194.06999999999994,194.08999999999995,476
2026-02-17T14:55:00+00:00,194.08999999999995,194.26999999999995,192.38999999999993,192.38999999999993,496
2026-02-17T15:00:00+00:00,192.38999999999993,193.57999999999993,192.35999999999993,192.87999999999994,575
2026-02-17T15:05:00+00:00,192.87999999999994,193.23999999999995,191.09999999999994,192.86999999999995,620
2026-02-17T15:10:00+00:00,192.86999999999995,193.98999999999995,192.80999999999995,193.62999999999994,529
2026-02-17T15:15:00+00:00,193.62999999999994,195.07999999999993,193.40999999999994,194.95999999999995,521
2026-02-17T15:20:00+00:00,194.95999999999995,195.28999999999994,193.62999999999994,193.98999999999995,554
2026-02-17T15:25:00+00:00,193.98999999999995,194.11999999999995,192.87999999999994,193.12999999999994,519
2026-02-17T15:30:00+00:00,193.12999999999994,193.31999999999994,192.22999999999993,192.43999999999994,491
2026-02-17T15:35:00+00:00,192.43999999999994,193.03999999999994,192.28999999999994,192.56999999999994,551
2026-02-17T15:40:00+00:00,192.56999999999994,193.52999999999994,192.48999999999995,193.50999999999993,497
2026-02-17T15:45:00+00:00,193.50999999999993,194.57999999999993,193.36999999999995,194.27999999999994,577
2026-02-17T15:50:00+00:00,194.27999999999994,195.06999999999994,193.76999999999995,195.04999999999995,587
2026-02-17T15:55:00+00:00,195.04999999999995,196.28999999999994,194.92999999999995,196.28999999999994,635
2026-02-17T16:00:00+00:00,196.28999999999994,197.53999999999994,196.17999999999995,197.43999999999994,639
2026-02-17T16:05:00+00:00,197.43999999999994,198.38999999999993,197.30999999999995,198.37999999999994,632
2026-02-17T16:10:00+00:00,198.37999999999994,199.07999999999993,198.12999999999994,198.85999999999993,527
2026-02-17T16:15:00+00:00,198.85999999999993,198.94999999999993,198.20999999999995,198.67999999999995,716
2026-02-17T16:20:00+00:00,198.67999999999995,198.88999999999993,198.13999999999993,198.77999999999994,602
2026-02-17T16:25:00+00:00,198.77999999999994,198.89999999999995,197.99999999999994,198.24999999999994,577
2026-02-17T16:30:00+00:00,198.24999999999994,198.67999999999995,197.90999999999994,198.52999999999994,566
2026-02-17T16:35:00+00:00,198.52999999999994,199.57999999999993,198.40999999999994,199.14999999999995,535
2026-02-17T16:40:00+00:00,199.14999999999995,199.48999999999995,198.61999999999995,199.14999999999995,463
2026-02-17T16:45:00+00:00,199.14999999999995,199.67999999999995,199.07999999999993,199.31999999999994,485
2026-02-17T16:50:00+00:00,199.31999999999994,199.67999999999995,199.02999999999994,199.44999999999993,551
2026-02-17T16:55:00+00:00,199.44999999999993,199.78999999999994,198.67999999999995,199.31999999999994,557
2026-02-17T17:00:00+00:00,199.31999999999994,199.43999999999994,198.54999999999995,199.10999999999993,627
2026-02-17T17:05:00+00:00,199.10999999999993,199.27999999999994,198.65999999999994,198.88999999999993,540
2026-02-17T17:10:00+00:00,198.88999999999993,198.99999999999994,198.05999999999995,198.22999999999993,566
2026-02-17T17:15:00+00:00,198.22999999999993,198.62999999999994,198.21999999999994,198.36999999999995,484
2026-02-17T17:20:00+00:00,198.36999999999995,198.41999999999993,197.81999999999994,198.15999999999994,453
2026-02-17T17:25:00+00:00,198.15999999999994,199.06999999999994,198.15999999999994,199.06999999999994,524
2026-02-17T17:30:00+00:00,199.06999999999994,199.08999999999995,197.96999999999994,198.46999999999994,601
2026-02-17T17:35:00+00:00,198.46999999999994,198.80999999999995,198.27999999999994,198.61999999999995,439
2026-02-17T17:40:00+00:00,198.61999999999995,198.63999999999993,197.86999999999995,197.94999999999993,528
2026-02-17T17:45:00+00:00,197.94999999999993,198.37999999999994,197.51999999999995,198.06999999999994,543
2026-02-17T17:50:00+00:00,198.06999999999994,198.51999999999995,197.68999999999994,197.80999999999995,489
2026-02-17T17:55:00+00:00,197.80999999999995,198.81999999999994,197.68999999999994,198.72999999999993,597
2026-02-17T18:00:00+00:00,198.72999999999993,198.85999999999993,198.15999999999994,198.40999999999994,479
2026-02-17T18:05:00+00:00,198.40999999999994,198.51999999999995,197.98999999999995,198.33999999999995,525
2026-02-17T18:10:00+00:00,198.33999999999995,198.74999999999994,198.06999999999994,198.43999999999994,549
2026-02-17T18:15:00+00:00,198.43999999999994,198.60999999999993,198.11999999999995,198.38999999999993,531
2026-02-17T18:20:00+00:00,198.38999999999993,199.96999999999994,198.26999999999995,199.72999999999993,494
2026-02-17T18:25:00+00:00,199.72999999999993,199.80999999999995,199.29999999999995,199.60999999999993,550
2026-02-17T18:30:00+00:00,199.60999999999993,200.02999999999994,199.30999999999995,199.84999999999994,465
2026-02-17T18:35:00+00:00,199.84999999999994,200.15999999999994,199.32999999999993,200.14999999999995,485
2026-02-17T18:40:00+00:00,200.14999999999995,200.54999999999995,200.10999999999993,200.23999999999995,510
2026-02-17T18:45:00+00:00,200.23999999999995,200.51999999999995,199.82999999999993,200.01999999999995,471
2026-02-17T18:50:00+00:00,200.01999999999995,200.16999999999993,199.64999999999995,200.09999999999994,413
2026-02-17T18:55:00+00:00,200.09999999999994,200.42999999999995,199.96999999999994,200.11999999999995,472
2026-02-17T19:00:00+00:00,200.11999999999995,200.50999999999993,200.07999999999993,200.34999999999994,440
2026-02-17T19:05:00+00:00,200.34999999999994,200.46999999999994,200.17999999999995,200.37999999999994,483
2026-02-17T19:10:00+00:00,200.37999999999994,200.37999999999994,199.88999999999993,200.28999999999994,440
2026-02-17T19:15:00+00:00,200.28999999999994,200.42999999999995,200.06999999999994,200.18999999999994,486
2026-02-17T19:20:00+00:00,200.18999999999994,200.56999999999994,200.11999999999995,200.37999999999994,430
2026-02-17T19:25:00+00:00,200.37999999999994,200.45999999999995,199.85999999999993,199.99999999999994,434
2026-02-17T19:30:00+00:00,199.99999999999994,200.68999999999994,199.89999999999995,200.66999999999993,352
2026-02-17T19:35:00+00:00,200.66999999999993,201.06999999999994,200.53999999999994,200.74999999999994,396
2026-02-17T19:40:00+00:00,200.74999999999994,201.19999999999993,200.74999999999994,200.81999999999994,451
2026-02-17T19:45:00+00:00,200.81999999999994,200.89999999999995,200.56999999999994,200.71999999999994,458
2026-02-17T19:50:00+00:00,200.71999999999994,200.75999999999993,200.12999999999994,200.43999999999994,443
2026-02-17T19:55:00+00:00,200.43999999999994,200.52999999999994,199.86999999999995,199.96999999999994,364
2026-02-17T20:00:00+00:00,199.96999999999994,200.50999999999993,199.91999999999993,200.17999999999995,444
2026-02-17T20:05:00+00:00,200.17999999999995,200.26999999999995,199.77999999999994,199.86999999999995,387
2026-02-17T20:10:00+00:00,199.86999999999995,199.99999999999994,199.67999999999995,199.87999999999994,391
2026-02-17T20:15:00+00:00,199.87999999999994,199.91999999999993,199.34999999999994,199.36999999999995,429
2026-02-17T20:20:00+00:00,199.36999999999995,199.60999999999993,199.03999999999994,199.11999999999995,468
2026-02-17T20:25:00+00:00,199.11999999999995,199.30999999999995,198.73999999999995,198.76999999999995,386
2026-02-17T20:30:00+00:00,198.76999999999995,198.98999999999995,198.51999999999995,198.76999999999995,521
2026-02-17T20:35:00+00:00,198.76999999999995,198.86999999999995,198.26999999999995,198.35999999999993,398
2026-02-17T20:40:00+00:00,198.35999999999993,199.17999999999995,198.31999999999994,199.06999999999994,469
2026-02-17T20:45:00+00:00,199.06999999999994,199.15999999999994,198.68999999999994,199.07999999999993,474
2026-02-17T20:50:00+00:00,199.07999999999993,199.62999999999994,199.01999999999995,199.43999999999994,442
2026-02-17T20:55:00+00:00,199.43999999999994,199.44999999999993,198.78999999999994,199.43999999999994,687
2026-02-18T14:30:00+00:00,199.43999999999994,199.43999999999994,193.27999999999994,193.27999999999994,1285
2026-02-18T14:35:00+00:00,193.27999999999994,193.32999999999993,191.36999999999995,192.20999999999995,1300
2026-02-18T14:40:00+00:00,192.20999999999995,193.30999999999995,191.51999999999995,192.98999999999995,1125
2026-02-18T14:45:00+00:00,192.98999999999995,194.13999999999993,192.57999999999993,193.18999999999994,1159
2026-02-18T14:50:00+00:00,193.18999999999994,195.27999999999994,193.14999999999995,194.97999999999993,1098
2026-02-18T14:55:00+00:00,194.97999999999993,195.41999999999993,194.32999999999993,194.40999999999994,1019
2026-02-18T15:00:00+00:00,194.40999999999994,195.10999999999993,193.85999999999993,195.01999999999995,959
2026-02-18T15:05:00+00:00,195.01999999999995,195.94999999999993,194.69999999999993,195.49999999999994,1068
2026-02-18T15:10:00+00:00,195.49999999999994,196.44999999999993,195.15999999999994,196.41999999999993,736
2026-02-18T15:15:00+00:00,196.41999999999993,197.57999999999993,196.12999999999994,196.19999999999993,956
2026-02-18T15:20:00+00:00,196.19999999999993,196.86999999999995,196.19999999999993,196.52999999999994,697
2026-02-18T15:25:00+00:00,196.52999999999994,196.89999999999995,196.09999999999994,196.41999999999993,576
2026-02-18T15:30:00+00:00,196.41999999999993,196.48999999999995,195.51999999999995,195.59999999999994,936
2026-02-18T15:35:00+00:00,195.59999999999994,196.52999999999994,195.37999999999994,196.44999999999993,749
2026-02-18T15:40:00+00:00,196.44999999999993,197.20999999999995,196.44999999999993,197.12999999999994,807
2026-02-18T15:45:00+00:00,197.12999999999994,198.42999999999995,196.97999999999993,198.32999999999993,818
2026-02-18T15:50:00+00:00,198.32999999999993,198.50999999999993,197.66999999999993,197.77999999999994,802
2026-02-18T15:55:00+00:00,197.77999999999994,198.15999999999994,197.67999999999995,197.90999999999994,617
2026-02-18T16:00:00+00:00,197.90999999999994,198.03999999999994,197.57999999999993,198.03999999999994,610
2026-02-18T16:05:00+00:00,198.03999999999994,198.29999999999995,197.52999999999994,197.81999999999994,504
2026-02-18T16:10:00+00:00,197.81999999999994,198.12999999999994,197.74999999999994,197.84999999999994,647
2026-02-18T16:15:00+00:00,197.84999999999994,198.38999999999993,197.70999999999995,198.30999999999995,536
2026-02-18T16:20:00+00:00,198.30999999999995,198.66999999999993,198.17999999999995,198.62999999999994,534
2026-02-18T16:25:00+00:00,198.62999999999994,198.69999999999993,198.29999999999995,198.47999999999993,616
2026-02-18T16:30:00+00:00,198.47999999999993,199.06999999999994,198.27999999999994,198.53999999999994,568
2026-02-18T16:35:00+00:00,198.53999999999994,198.78999999999994,198.39999999999995,198.78999999999994,445
2026-02-18T16:40:00+00:00,198.78999999999994,198.97999999999996,198.48999999999995,198.91999999999996,502
2026-02-18T16:45:00+00:00,198.91999999999996,199.14999999999995,198.30999999999995,198.40999999999994,577
2026-02-18T16:50:00+00:00,198.40999999999994,198.53999999999996,198.04999999999995,198.35999999999996,563
2026-02-18T16:55:00+00:00,198.35999999999996,198.52999999999994,198.03999999999996,198.04999999999995,518
2026-02-18T17:00:00+00:00,198.04999999999995,198.53999999999996,197.99999999999994,198.52999999999994,517
2026-02-18T17:05:00+00:00,198.52999999999994,199.01999999999995,198.39999999999995,198.70999999999995,472
2026-02-18T17:10:00+00:00,198.70999999999995,198.88999999999996,198.20999999999995,198.34999999999994,461
2026-02-18T17:15:00+00:00,198.34999999999994,199.05999999999995,198.21999999999994,199.05999999999995,444
2026-02-18T17:20:00+00:00,199.05999999999995,199.34999999999994,198.99999999999994,199.12999999999994,387
2026-02-18T17:25:00+00:00,199.12999999999994,199.13999999999996,198.58999999999995,198.69999999999996,432
2026-02-18T17:30:00+00:00,198.69999999999996,198.81999999999996,198.49999999999994,198.62999999999994,492
2026-02-18T17:35:00+00:00,198.62999999999994,198.98999999999995,198.56999999999996,198.64999999999995,360
2026-02-18T17:40:00+00:00,198.64999999999995,198.74999999999994,198.43999999999994,198.59999999999994,428
2026-02-18T17:45:00+00:00,198.59999999999994,198.85999999999996,198.44999999999996,198.64999999999995,333
2026-02-18T17:50:00+00:00,198.64999999999995,198.96999999999994,198.62999999999994,198.85999999999996,385
2026-02-18T17:55:00+00:00,198.85999999999996,198.94999999999996,198.53999999999994,198.81999999999994,371
2026-02-18T18:00:00+00:00,198.81999999999994,199.43999999999994,198.80999999999995,199.14999999999995,339
2026-02-18T18:05:00+00:00,199.14999999999995,199.19999999999996,198.89999999999995,198.89999999999995,351
2026-02-18T18:10:00+00:00,198.89999999999995,198.91999999999996,198.54999999999995,198.77999999999994,327
2026-02-18T18:15:00+00:00,198.77999999999994,198.93999999999994,198.57999999999996,198.57999999999996,358
2026-02-18T18:20:00+00:00,198.57999999999996,198.70999999999995,198.43999999999994,198.47999999999996,401
2026-02-18T18:25:00+00:00,198.47999999999996,198.60999999999996,198.10999999999996,198.36999999999995,513
2026-02-18T18:30:00+00:00,198.36999999999995,198.50999999999996,197.95999999999995,198.08999999999995,453
2026-02-18T18:35:00+00:00,198.08999999999995,198.22999999999996,197.95999999999995,198.05999999999995,465
2026-02-18T18:40:00+00:00,198.05999999999995,198.08999999999995,197.40999999999994,197.70999999999995,669
2026-02-18T18:45:00+00:00,197.70999999999995,198.02999999999994,197.65999999999994,197.74999999999994,493
2026-02-18T18:50:00+00:00,197.74999999999994,197.99999999999994,197.23999999999995,197.98999999999995,631
2026-02-18T18:55:00+00:00,197.98999999999995,198.09999999999994,197.73999999999995,197.76999999999995,566
2026-02-18T19:00:00+00:00,197.76999999999995,197.90999999999994,197.10999999999996,197.33999999999995,600
2026-02-18T19:05:00+00:00,197.33999999999995,197.36999999999995,196.82999999999996,197.02999999999994,467
2026-02-18T19:10:00+00:00,197.02999999999994,197.27999999999994,196.97999999999996,197.06999999999994,476
2026-02-18T19:15:00+00:00,197.06999999999994,197.23999999999995,196.80999999999995,196.87999999999994,499
2026-02-18T19:20:00+00:00,196.87999999999994,197.15999999999994,196.72999999999996,196.82999999999996,545
2026-02-18T19:25:00+00:00,196.82999999999996,196.95999999999995,196.41999999999996,196.54999999999995,588
2026-02-18T19:30:00+00:00,196.54999999999995,196.63999999999996,195.81999999999994,195.95999999999995,733
2026-02-18T19:35:00+00:00,195.95999999999995,195.97999999999996,195.18999999999994,195.46999999999994,750
2026-02-18T19:40:00+00:00,195.46999999999994,195.76999999999995,195.20999999999995,195.41999999999996,715
2026-02-18T19:45:00+00:00,195.41999999999996,195.82999999999996,195.26999999999995,195.47999999999996,635
2026-02-18T19:50:00+00:00,195.47999999999996,195.47999999999996,194.76999999999995,194.81999999999994,531
2026-02-18T19:55:00+00:00,194.81999999999994,194.87999999999994,193.83999999999995,194.07999999999996,820
2026-02-18T20:00:00+00:00,194.07999999999996,194.86999999999995,194.06999999999994,194.40999999999994,834
2026-02-18T20:05:00+00:00,194.40999999999994,194.60999999999996,194.01999999999995,194.01999999999995,652
2026-02-18T20:10:00+00:00,194.01999999999995,194.17999999999995,193.67999999999995,193.87999999999994,643
2026-02-18T20:15:00+00:00,193.87999999999994,194.25999999999996,193.61999999999995,194.07999999999996,589
2026-02-18T20:20:00+00:00,194.07999999999996,194.24999999999994,193.80999999999995,194.24999999999994,649
2026-02-18T20:25:00+00:00,194.24999999999994,194.42999999999995,194.09999999999994,194.17999999999995,635
2026-02-18T20:30:00+00:00,194.17999999999995,194.73999999999995,194.09999999999994,194.67999999999995,576
2026-02-18T20:35:00+00:00,194.67999999999995,195.16999999999996,194.62999999999994,195.12999999999994,511
2026-02-18T20:40:00+00:00,195.12999999999994,195.50999999999996,195.02999999999994,195.39999999999995,522
2026-02-18T20:45:00+00:00,195.39999999999995,195.73999999999995,195.18999999999994,195.70999999999995,578
2026-02-18T20:50:00+00:00,195.70999999999995,196.15999999999994,195.43999999999994,195.97999999999996,705
2026-02-18T20:55:00+00:00,195.97999999999996,196.65999999999994,195.97999999999996,196.43999999999994,838
2026-02-19T14:30:00+00:00,196.43999999999994,196.99999999999994,195.42999999999995,196.61999999999995,419
2026-02-19T14:35:00+00:00,196.61999999999995,197.62999999999994,196.07999999999996,197.15999999999994,526
2026-02-19T14:40:00+00:00,197.15999999999994,197.15999999999994,195.32999999999996,195.92999999999995,377
2026-02-19T14:45:00+00:00,195.92999999999995,196.27999999999994,194.54999999999995,196.12999999999994,479
2026-02-19T14:50:00+00:00,196.12999999999994,198.04999999999995,196.12999999999994,197.84999999999994,391
2026-02-19T14:55:00+00:00,197.84999999999994,199.04999999999993,197.84999999999994,198.06999999999994,360
2026-02-19T15:00:00+00:00,198.06999999999994,199.07999999999993,197.43999999999994,198.58999999999995,319
2026-02-19T15:05:00+00:00,198.58999999999995,199.21999999999994,198.37999999999994,198.78999999999994,290
2026-02-19T15:10:00+00:00,198.78999999999994,199.53999999999994,197.76999999999995,197.88999999999993,387
2026-02-19T15:15:00+00:00,197.88999999999993,198.79999999999993,197.61999999999995,198.16999999999993,379
2026-02-19T15:20:00+00:00,198.16999999999993,198.44999999999993,197.25999999999993,198.24999999999994,290
2026-02-19T15:25:00+00:00,198.24999999999994,198.57999999999993,197.86999999999995,198.08999999999995,305
2026-02-19T15:30:00+00:00,198.08999999999995,199.37999999999994,198.04999999999993,199.27999999999994,342
2026-02-19T15:35:00+00:00,199.27999999999994,199.64999999999995,198.84999999999994,199.31999999999994,452
2026-02-19T15:40:00+00:00,199.31999999999994,200.17999999999995,199.17999999999995,200.04999999999993,455
2026-02-19T15:45:00+00:00,200.04999999999993,200.32999999999993,199.18999999999994,199.22999999999993,554
2026-02-19T15:50:00+00:00,199.22999999999993,199.23999999999995,197.98999999999995,198.30999999999995,447
2026-02-19T15:55:00+00:00,198.30999999999995,198.66999999999993,198.14999999999995,198.44999999999993,451
2026-02-19T16:00:00+00:00,198.44999999999993,199.05999999999995,198.24999999999994,198.35999999999996,432
2026-02-19T16:05:00+00:00,198.35999999999996,198.55999999999995,197.71999999999994,198.43999999999994,279
2026-02-19T16:10:00+00:00,198.43999999999994,198.66999999999996,197.61999999999995,197.79999999999995,390
2026-02-19T16:15:00+00:00,197.79999999999995,198.51999999999995,197.66999999999996,198.41999999999996,362
2026-02-19T16:20:00+00:00,198.41999999999996,198.78999999999994,198.37999999999994,198.39999999999995,415
2026-02-19T16:25:00+00:00,198.39999999999995,198.54999999999995,197.06999999999994,197.26999999999995,510
2026-02-19T16:30:00+00:00,197.26999999999995,198.01999999999995,197.24999999999994,197.98999999999995,624
2026-02-19T16:35:00+00:00,197.98999999999995,198.02999999999994,197.23999999999995,197.99999999999994,522
2026-02-19T16:40:00+00:00,197.99999999999994,198.32999999999996,197.70999999999995,197.72999999999996,430
2026-02-19T16:45:00+00:00,197.72999999999996,198.00999999999993,197.29999999999995,197.51999999999995,567
2026-02-19T16:50:00+00:00,197.51999999999995,198.25999999999993,197.02999999999994,198.14999999999995,483
2026-02-19T16:55:00+00:00,198.14999999999995,198.25999999999996,197.85999999999996,197.86999999999995,471
2026-02-19T17:00:00+00:00,197.86999999999995,197.99999999999994,197.35999999999996,197.48999999999995,400
2026-02-19T17:05:00+00:00,197.48999999999995,197.95999999999995,197.34999999999994,197.57999999999996,429
2026-02-19T17:10:00+00:00,197.57999999999996,198.05999999999995,197.56999999999994,197.72999999999996,381
2026-02-19T17:15:00+00:00,197.72999999999996,197.80999999999995,197.32999999999996,197.70999999999995,420
2026-02-19T17:20:00+00:00,197.70999999999995,198.14999999999995,197.50999999999996,197.78999999999994,454
2026-02-19T17:25:00+00:00,197.78999999999994,197.83999999999995,197.27999999999994,197.66999999999996,403
2026-02-19T17:30:00+00:00,197.66999999999996,197.83999999999995,197.43999999999994,197.67999999999995,343
2026-02-19T17:35:00+00:00,197.67999999999995,197.75999999999996,197.23999999999995,197.41999999999996,297
2026-02-19T17:40:00+00:00,197.41999999999996,197.80999999999995,197.18999999999994,197.20999999999995,413
2026-02-19T17:45:00+00:00,197.20999999999995,197.22999999999996,196.25999999999996,196.43999999999994,528
2026-02-19T17:50:00+00:00,196.43999999999994,196.65999999999994,196.20999999999995,196.46999999999994,519
2026-02-19T17:55:00+00:00,196.46999999999994,196.85999999999996,196.09999999999994,196.35999999999996,492
2026-02-19T18:00:00+00:00,196.35999999999996,197.01999999999995,196.22999999999996,196.80999999999995,560
2026-02-19T18:05:00+00:00,196.80999999999995,197.30999999999995,196.78999999999994,197.11999999999995,404
2026-02-19T18:10:00+00:00,197.11999999999995,197.98999999999995,197.02999999999994,197.90999999999994,424
2026-02-19T18:15:00+00:00,197.90999999999994,197.91999999999996,196.94999999999996,196.96999999999994,484
2026-02-19T18:20:00+00:00,196.96999999999994,197.21999999999994,196.55999999999995,197.13999999999996,485
2026-02-19T18:25:00+00:00,197.13999999999996,197.30999999999995,196.72999999999996,196.93999999999994,330
2026-02-19T18:30:00+00:00,196.93999999999994,197.08999999999995,196.77999999999994,196.87999999999994,302
2026-02-19T18:35:00+00:00,196.87999999999994,197.01999999999995,196.73999999999995,196.96999999999994,355
2026-02-19T18:40:00+00:00,196.96999999999994,196.99999999999994,196.68999999999994,196.90999999999994,342
2026-02-19T18:45:00+00:00,196.90999999999994,197.43999999999994,196.90999999999994,197.32999999999996,370
2026-02-19T18:50:00+00:00,197.32999999999996,197.41999999999996,197.08999999999995,197.18999999999994,351
2026-02-19T18:55:00+00:00,197.18999999999994,197.76999999999995,197.18999999999994,197.76999999999995,317
2026-02-19T19:00:00+00:00,197.76999999999995,197.79999999999995,197.47999999999996,197.59999999999994,366
2026-02-19T19:05:00+00:00,197.59999999999994,197.90999999999994,197.52999999999994,197.73999999999995,309
2026-02-19T19:10:00+00:00,197.73999999999995,197.90999999999994,197.17999999999995,197.90999999999994,501
2026-02-19T19:15:00+00:00,197.90999999999994,198.49999999999994,197.75999999999996,198.45999999999995,245
2026-02-19T19:20:00+00:00,198.45999999999995,198.90999999999994,198.37999999999994,198.84999999999994,332
2026-02-19T19:25:00+00:00,198.84999999999994,199.04999999999995,198.34999999999994,198.66999999999996,465
2026-02-19T19:30:00+00:00,198.66999999999996,199.21999999999994,198.61999999999995,198.97999999999996,445
2026-02-19T19:35:00+00:00,198.97999999999996,199.02999999999994,198.10999999999996,198.19999999999996,509
2026-02-19T19:40:00+00:00,198.19999999999996,198.72999999999996,198.13999999999996,198.49999999999994,540
2026-02-19T19:45:00+00:00,198.49999999999994,198.57999999999996,197.95999999999995,198.40999999999994,452
2026-02-19T19:50:00+00:00,198.40999999999994,198.82999999999996,198.39999999999995,198.68999999999994,308
2026-02-19T19:55:00+00:00,198.68999999999994,199.01999999999995,198.58999999999995,198.60999999999996,422
2026-02-19T20:00:00+00:00,198.60999999999996,199.37999999999994,198.55999999999995,199.17999999999995,380
2026-02-19T20:05:00+00:00,199.17999999999995,199.24999999999994,198.57999999999996,198.65999999999994,334
2026-02-19T20:10:00+00:00,198.65999999999994,198.80999999999995,198.50999999999996,198.52999999999994,387
2026-02-19T20:15:00+00:00,198.52999999999994,198.67999999999995,198.21999999999994,198.62999999999994,424
2026-02-19T20:20:00+00:00,198.62999999999994,198.73999999999995,198.24999999999994,198.24999999999994,409
2026-02-19T20:25:00+00:00,198.24999999999994,198.36999999999995,198.15999999999994,198.26999999999995,374
2026-02-19T20:30:00+00:00,198.26999999999995,198.79999999999995,198.13999999999996,198.68999999999994,408
2026-02-19T20:35:00+00:00,198.68999999999994,198.74999999999994,198.34999999999994,198.42999999999995,321
2026-02-19T20:40:00+00:00,198.42999999999995,198.52999999999994,198.27999999999994,198.42999999999995,313
2026-02-19T20:45:00+00:00,198.42999999999995,198.71999999999994,198.38999999999996,198.59999999999994,355
2026-02-19T20:50:00+00:00,198.59999999999994,198.93999999999994,198.39999999999995,198.88999999999996,287
2026-02-19T20:55:00+00:00,198.88999999999996,199.71999999999994,198.88999999999996,199.60999999999996,475
2026-02-20T14:30:00+00:00,199.60999999999996,199.60999999999996,196.22999999999996,197.14999999999995,305
2026-02-20T14:35:00+00:00,197.14999999999995,198.16999999999996,196.90999999999994,197.62999999999994,360
2026-02-20T14:40:00+00:00,197.62999999999994,199.68999999999994,197.53999999999994,198.80999999999995,300
2026-02-20T14:45:00+00:00,198.80999999999995,199.21999999999994,197.83999999999995,197.85999999999996,291
2026-02-20T14:50:00+00:00,197.85999999999996,197.85999999999996,195.90999999999994,196.32999999999996,410
2026-02-20T14:55:00+00:00,196.32999999999996,196.74999999999997,195.44999999999996,196.53999999999996,457
2026-02-20T15:00:00+00:00,196.53999999999996,199.12999999999997,196.41999999999996,198.18999999999997,436
2026-02-20T15:05:00+00:00,198.18999999999997,198.57999999999996,196.95999999999995,198.56999999999996,258
2026-02-20T15:10:00+00:00,198.56999999999996,199.23999999999995,197.94999999999996,198.26999999999995,359
2026-02-20T15:15:00+00:00,198.26999999999995,198.71999999999997,196.90999999999997,198.06999999999996,380
2026-02-20T15:20:00+00:00,198.06999999999996,199.42999999999995,197.95999999999995,199.02999999999997,317
2026-02-20T15:25:00+00:00,199.02999999999997,199.38999999999996,198.12999999999997,198.33999999999997,388
2026-02-20T15:30:00+00:00,198.33999999999997,198.57999999999996,197.40999999999997,197.84999999999997,413
2026-02-20T15:35:00+00:00,197.84999999999997,198.38999999999996,197.45999999999995,198.14999999999995,421
2026-02-20T15:40:00+00:00,198.14999999999995,199.10999999999996,197.42999999999995,199.04999999999995,418
2026-02-20T15:45:00+00:00,199.04999999999995,200.18999999999997,198.85999999999996,199.82999999999996,484
2026-02-20T15:50:00+00:00,199.82999999999996,200.54999999999995,199.45999999999995,200.29999999999995,464
2026-02-20T15:55:00+00:00,200.29999999999995,200.84999999999997,200.10999999999996,200.74999999999997,428
2026-02-20T16:00:00+00:00,200.74999999999997,201.16999999999996,200.36999999999998,200.59999999999997,425
2026-02-20T16:05:00+00:00,200.59999999999997,200.70999999999995,200.25999999999996,200.26999999999995,479
2026-02-20T16:10:00+00:00,200.26999999999995,200.50999999999996,199.46999999999997,199.46999999999997,358
2026-02-20T16:15:00+00:00,199.46999999999997,199.56999999999996,198.55999999999997,198.83999999999997,404
2026-02-20T16:20:00+00:00,198.83999999999997,198.83999999999997,198.32999999999998,198.59999999999997,513
2026-02-20T16:25:00+00:00,198.59999999999997,198.59999999999997,198.07999999999998,198.08999999999997,531
2026-02-20T16:30:00+00:00,198.08999999999997,198.90999999999997,197.98,198.76,521
2026-02-20T16:35:00+00:00,198.76,198.79,198.39,198.71999999999997,531
2026-02-20T16:40:00+00:00,198.71999999999997,198.81999999999996,198.39,198.39,469
2026-02-20T16:45:00+00:00,198.39,198.67,198.30999999999997,198.65999999999997,480
2026-02-20T16:50:00+00:00,198.65999999999997,198.98999999999998,198.42999999999998,198.85999999999999,393
2026-02-20T16:55:00+00:00,198.85999999999999,198.99999999999997,198.40999999999997,198.46999999999997,383
2026-02-20T17:00:00+00:00,198.46999999999997,198.64999999999998,198.15999999999997,198.15999999999997,395
2026-02-20T17:05:00+00:00,198.15999999999997,198.32999999999998,197.95999999999998,197.98,387
2026-02-20T17:10:00+00:00,197.98,198.10999999999999,197.51999999999998,197.68999999999997,502
2026-02-20T17:15:00+00:00,197.68999999999997,197.68999999999997,196.45999999999998,196.51,527
2026-02-20T17:20:00+00:00,196.51,196.70999999999998,195.61999999999998,195.64,557
2026-02-20T17:25:00+00:00,195.64,195.74999999999997,195.27999999999997,195.51,542
2026-02-20T17:30:00+00:00,195.51,196.26,195.45999999999998,195.92,529
2026-02-20T17:35:00+00:00,195.92,196.17999999999998,195.30999999999997,196.11999999999998,454
2026-02-20T17:40:00+00:00,196.11999999999998,196.11999999999998,195.01,195.26999999999998,517
2026-02-20T17:45:00+00:00,195.26999999999998,195.84999999999997,194.80999999999997,195.74999999999997,485
2026-02-20T17:50:00+00:00,195.74999999999997,196.11999999999998,195.45999999999998,195.80999999999997,460
2026-02-20T17:55:00+00:00,195.80999999999997,195.89,195.12999999999997,195.81999999999996,419
2026-02-20T18:00:00+00:00,195.81999999999996,195.90999999999997,195.46999999999997,195.46999999999997,541
2026-02-20T18:05:00+00:00,195.46999999999997,196.27999999999997,195.40999999999997,196.01999999999998,306
2026-02-20T18:10:00+00:00,196.01999999999998,196.10999999999999,195.82999999999998,195.98999999999998,387
2026-02-20T18:15:00+00:00,195.98999999999998,196.01,195.49999999999997,195.67999999999998,362
2026-02-20T18:20:00+00:00,195.67999999999998,195.80999999999997,194.90999999999997,195.71999999999997,442
2026-02-20T18:25:00+00:00,195.71999999999997,195.73,195.02999999999997,195.36999999999998,467
2026-02-20T18:30:00+00:00,195.36999999999998,196.58999999999997,194.93999999999997,196.05999999999997,512
2026-02-20T18:35:00+00:00,196.05999999999997,196.52999999999997,195.27999999999997,196.11999999999998,470
2026-02-20T18:40:00+00:00,196.11999999999998,197.21999999999997,196.10999999999999,197.14999999999998,457
2026-02-20T18:45:00+00:00,197.14999999999998,198.05999999999997,197.07999999999998,197.36999999999998,492
2026-02-20T18:50:00+00:00,197.36999999999998,197.52999999999997,196.84999999999997,197.39999999999998,590
2026-02-20T18:55:00+00:00,197.39999999999998,197.83999999999997,197.36999999999998,197.57999999999998,442
2026-02-20T19:00:00+00:00,197.57999999999998,197.73,197.17,197.42999999999998,419
2026-02-20T19:05:00+00:00,197.42999999999998,197.45,196.98,197.15999999999997,439
2026-02-20T19:10:00+00:00,197.15999999999997,197.15999999999997,196.68999999999997,196.7,331
2026-02-20T19:15:00+00:00,196.7,196.76,196.48999999999998,196.55999999999997,390
2026-02-20T19:20:00+00:00,196.55999999999997,197.04,196.55999999999997,196.61999999999998,355
2026-02-20T19:25:00+00:00,196.61999999999998,196.65999999999997,196.10999999999999,196.29999999999998,442
2026-02-20T19:30:00+00:00,196.29999999999998,196.74999999999997,196.29999999999998,196.57999999999998,333
2026-02-20T19:35:00+00:00,196.57999999999998,196.65999999999997,195.80999999999997,195.82999999999998,328
2026-02-20T19:40:00+00:00,195.82999999999998,195.83999999999997,195.39999999999998,195.59999999999997,295
2026-02-20T19:45:00+00:00,195.59999999999997,196.02999999999997,195.59999999999997,195.92999999999998,388
2026-02-20T19:50:00+00:00,195.92999999999998,196.33999999999997,195.85999999999999,196.09999999999997,388
2026-02-20T19:55:00+00:00,196.09999999999997,196.12999999999997,195.45999999999998,195.48999999999998,304
2026-02-20T20:00:00+00:00,195.48999999999998,195.89,195.45999999999998,195.83999999999997,488
2026-02-20T20:05:00+00:00,195.83999999999997,196.21999999999997,195.79,196.08999999999997,410
2026-02-20T20:10:00+00:00,196.08999999999997,196.26,196.01999999999998,196.23,405
2026-02-20T20:15:00+00:00,196.23,196.32999999999998,195.92,196.07999999999998,369
2026-02-20T20:20:00+00:00,196.07999999999998,196.23,195.95,196.04999999999998,260
2026-02-20T20:25:00+00:00,196.04999999999998,196.11999999999998,195.86999999999998,196.04,299
2026-02-20T20:30:00+00:00,196.04,196.17,195.79999999999998,195.84999999999997,300
2026-02-20T20:35:00+00:00,195.84999999999997,196.29,195.76999999999998,196.23,275
2026-02-20T20:40:00+00:00,196.23,196.29,196.06999999999996,196.21999999999997,328
2026-02-20T20:45:00+00:00,196.21999999999997,196.29,195.95,195.95999999999998,369
2026-02-20T20:50:00+00:00,195.95999999999998,196.17,195.54,196.07999999999998,350
2026-02-20T20:55:00+00:00,196.07999999999998,196.51,196.01,196.51,575
2026-02-23T14:30:00+00:00,196.51,196.51,190.51,193.07999999999998,368
2026-02-23T14:35:00+00:00,193.07999999999998,194.41,193.07999999999998,193.92,332
2026-02-23T14:40:00+00:00,193.92,193.92,192.25,193.53,327
2026-02-23T14:45:00+00:00,193.53,195.53,193.17999999999998,195.16,389
2026-02-23T14:50:00+00:00,195.16,195.69,194.51999999999998,194.51999999999998,433
2026-02-23T14:55:00+00:00,194.51999999999998,194.60999999999999,193.88,194.23999999999998,347
2026-02-23T15:00:00+00:00,194.23999999999998,195.04,193.59,193.63,382
2026-02-23T15:05:00+00:00,193.63,193.89,193.38,193.75,358
2026-02-23T15:10:00+00:00,193.75,194.64,193.75,194.35999999999999,330
2026-02-23T15:15:00+00:00,194.35999999999999,194.70999999999998,194.13,194.41,328
2026-02-23T15:20:00+00:00,194.41,195.29,194.22,194.66,364
2026-02-23T15:25:00+00:00,194.66,194.89,194.22,194.29999999999998,320
2026-02-23T15:30:00+00:00,194.29999999999998,194.63,193.97,194.04,441
2026-02-23T15:35:00+00:00,194.04,194.07,193.47,193.62,472
2026-02-23T15:40:00+00:00,193.62,193.67,193.04,193.20999999999998,491
2026-02-23T15:45:00+00:00,193.20999999999998,193.62,193,193.51,415
2026-02-23T15:50:00+00:00,193.51,193.66,192.48,192.60999999999999,454
2026-02-23T15:55:00+00:00,192.60999999999999,192.64,191.76999999999998,191.88,429
2026-02-23T16:00:00+00:00,191.88,192.12,191.34,191.53,463
2026-02-23T16:05:00+00:00,191.53,191.72,191.23,191.63,532
2026-02-23T16:10:00+00:00,191.63,191.98999999999998,191.54999999999998,191.87,447
2026-02-23T16:15:00+00:00,191.87,192.73,191.64,192.72,484
2026-02-23T16:20:00+00:00,192.72,192.87,192.54999999999998,192.57,502
2026-02-23T16:25:00+00:00,192.57,193.09,192.57,192.98,501
2026-02-23T16:30:00+00:00,192.98,193.17,192.62,192.69,511
2026-02-23T16:35:00+00:00,192.69,192.69,192.19,192.26,489
2026-02-23T16:40:00+00:00,192.26,193.37,192.26,192.9,469
2026-02-23T16:45:00+00:00,192.9,192.92999999999998,192.13,192.32,515
2026-02-23T16:50:00+00:00,192.32,192.6,192.20999999999998,192.42,463
2026-02-23T16:55:00+00:00,192.42,192.57,192.07999999999998,192.15,394
2026-02-23T17:00:00+00:00,192.15,192.41,191.91,192.14,511
2026-02-23T17:05:00+00:00,192.14,192.57,192.07,192.4,489
2026-02-23T17:10:00+00:00,192.4,192.69,192.26999999999998,192.35,349
2026-02-23T17:15:00+00:00,192.35,192.75,192.32,192.45999999999998,337
2026-02-23T17:20:00+00:00,192.45999999999998,192.91,192.42999999999998,192.82,300
2026-02-23T17:25:00+00:00,192.82,193.31,192.79999999999998,192.9,327
2026-02-23T17:30:00+00:00,192.9,192.95999999999998,191.72,191.82,338
2026-02-23T17:35:00+00:00,191.82,191.82,191.03,191.17999999999998,349
2026-02-23T17:40:00+00:00,191.17999999999998,192.06,191.17,191.63,504
2026-02-23T17:45:00+00:00,191.63,191.89,191.42,191.44,377
2026-02-23T17:50:00+00:00,191.44,191.98,191.44,191.76,362
2026-02-23T17:55:00+00:00,191.76,192.15,191.75,191.92999999999998,360
2026-02-23T18:00:00+00:00,191.92999999999998,192.1,191.85999999999999,191.98999999999998,389
2026-02-23T18:05:00+00:00,191.98999999999998,192.22,191.87,192.2,374
2026-02-23T18:10:00+00:00,192.2,192.56,192.17,192.47,331
2026-02-23T18:15:00+00:00,192.47,192.64,192.42,192.53,355
2026-02-23T18:20:00+00:00,192.53,193.01,192.45999999999998,192.95999999999998,355
2026-02-23T18:25:00+00:00,192.95999999999998,193.17,192.72,192.98,369
2026-02-23T18:30:00+00:00,192.98,193.01,192.37,192.45999999999998,381
2026-02-23T18:35:00+00:00,192.45999999999998,192.63,191.98999999999998,191.98999999999998,323
2026-02-23T18:40:00+00:00,191.98999999999998,192.01,191.42,191.48999999999998,365
2026-02-23T18:45:00+00:00,191.48999999999998,192,191.34,191.82,477
2026-02-23T18:50:00+00:00,191.82,191.98999999999998,191.62,191.66,476
2026-02-23T18:55:00+00:00,191.66,191.67999999999998,191.26,191.35999999999999,538
2026-02-23T19:00:00+00:00,191.35999999999999,191.95999999999998,191.26999999999998,191.88,457
2026-02-23T19:05:00+00:00,191.88,192.17999999999998,191.82999999999998,191.85999999999999,404
2026-02-23T19:10:00+00:00,191.85999999999999,192,191.72,191.85,483
2026-02-23T19:15:00+00:00,191.85,192.01999999999998,191.76999999999998,192.01999999999998,452
2026-02-23T19:20:00+00:00,192.01999999999998,192.2,191.89,192,419
2026-02-23T19:25:00+00:00,192,192,191.47,191.6,378
2026-02-23T19:30:00+00:00,191.6,191.94,191.51999999999998,191.76,357
2026-02-23T19:35:00+00:00,191.76,191.84,191.44,191.53,474
2026-02-23T19:40:00+00:00,191.53,191.76,191.39,191.59,548
2026-02-23T19:45:00+00:00,191.59,191.82999999999998,191.53,191.79999999999998,527
2026-02-23T19:50:00+00:00,191.79999999999998,191.89,191.19,191.28,525
2026-02-23T19:55:00+00:00,191.28,191.67,191.17,191.29,583
2026-02-23T20:00:00+00:00,191.29,191.44,190.88,191.01,556
2026-02-23T20:05:00+00:00,191.01,191.34,191,191.20999999999998,543
2026-02-23T20:10:00+00:00,191.20999999999998,191.23,190.88,191,409
2026-02-23T20:15:00+00:00,191,191.25,191,191.15,385
2026-02-23T20:20:00+00:00,191.15,191.28,191.04999999999998,191.26,296
2026-02-23T20:25:00+00:00,191.26,191.38,190.98,191.28,233
2026-02-23T20:30:00+00:00,191.28,191.98999999999998,191.23,191.92,252
2026-02-23T20:35:00+00:00,191.92,191.92,191.26999999999998,191.35,363
2026-02-23T20:40:00+00:00,191.35,191.54999999999998,191.28,191.54999999999998,418
2026-02-23T20:45:00+00:00,191.54999999999998,191.91,191.41,191.82,439
2026-02-23T20:50:00+00:00,191.82,192.35999999999999,191.76,192.20999999999998,488
2026-02-23T20:55:00+00:00,192.20999999999998,193.22,192.12,193.01,666
2026-02-24T14:30:00+00:00,193.01,209.7,193.01,206.47,1649
2026-02-24T14:35:00+00:00,206.47,208.26,204.73,204.97,1306
2026-02-24T14:40:00+00:00,204.97,205.10999999999999,202.87,204.01999999999998,482
2026-02-24T14:45:00+00:00,204.01999999999998,205.85,203.70999999999998,204.59,744
2026-02-24T14:50:00+00:00,204.59,207,203.16,206.87,1316
2026-02-24T14:55:00+00:00,206.87,207.9,205.76,207.66,1577
2026-02-24T15:00:00+00:00,207.66,207.69,205.95,206.5,1453
2026-02-24T15:05:00+00:00,206.5,207.29,205.76,206.53,1482
2026-02-24T15:10:00+00:00,206.53,206.85999999999999,205.29,206.4,1414
2026-02-24T15:15:00+00:00,206.4,208.04,205.76999999999998,206.45,1350
2026-02-24T15:20:00+00:00,206.45,208.26,206.35999999999999,207.78,1270
2026-02-24T15:25:00+00:00,207.78,209.07999999999998,207.63,208.76999999999998,1201
2026-02-24T15:30:00+00:00,208.76999999999998,209.09,207.81,208.01,1429
2026-02-24T15:35:00+00:00,208.01,208.51,206.57,206.57,1319
2026-02-24T15:40:00+00:00,206.57,206.95999999999998,205.37,205.48,1559
2026-02-24T15:45:00+00:00,205.48,206.31,205.41,206.19,1327
2026-02-24T15:50:00+00:00,206.19,207.42999999999998,205.92,206.62,1292
2026-02-24T15:55:00+00:00,206.62,207.2,205.93,206.27,1117.926689576174
2026-02-24T16:00:00+00:00,206.27,207.68,206.10000000000002,206.86,1292
2026-02-24T16:05:00+00:00,206.86,207.13000000000002,206.12,206.78,1161
2026-02-24T16:10:00+00:00,206.78,207.41,206.36,207.08,914
2026-02-24T16:15:00+00:00,207.08,207.41,206.79000000000002,207.12,1131
2026-02-24T16:20:00+00:00,207.12,207.67000000000002,206.76000000000002,207.42000000000002,1038
2026-02-24T16:25:00+00:00,207.42000000000002,208.13000000000002,207.09,207.36,955
2026-02-24T16:30:00+00:00,207.36,207.51000000000002,206.38000000000002,206.64000000000001,1059
2026-02-24T16:35:00+00:00,206.64000000000001,206.89000000000001,205.98000000000002,206.83,1012
2026-02-24T16:40:00+00:00,206.83,207.37,206.4,207.20000000000002,1036
2026-02-24T16:45:00+00:00,207.20000000000002,207.83,207.04000000000002,207.53,971
2026-02-24T16:50:00+00:00,207.53,208.45000000000002,207.52,208.36,1006
2026-02-24T16:55:00+00:00,208.36,209.31,208.23000000000002,209.21,1087
2026-02-24T17:00:00+00:00,209.21,209.69,208.96,209.33,1182
2026-02-24T17:05:00+00:00,209.33,210.34,209.12,210.21,1102
2026-02-24T17:10:00+00:00,210.21,210.88000000000002,210.15,210.19,1050
2026-02-24T17:15:00+00:00,210.19,210.81,210.18,210.34,980
2026-02-24T17:20:00+00:00,210.34,211.26000000000002,210.18,211.18,1011
2026-02-24T17:25:00+00:00,211.18,211.25,210.48000000000002,210.75,919
2026-02-24T17:30:00+00:00,210.75,211.53,210.65,211.39000000000001,1011
2026-02-24T17:35:00+00:00,211.39000000000001,211.74,211.25,211.45000000000002,816
2026-02-24T17:40:00+00:00,211.45000000000002,211.92000000000002,211.10000000000002,211.91,830
2026-02-24T17:45:00+00:00,211.91,212.14000000000001,211.35000000000002,212.01000000000002,836
2026-02-24T17:50:00+00:00,212.01000000000002,212.69,211.87,212.5,961
2026-02-24T17:55:00+00:00,212.5,212.55,212.05,212.37,965
2026-02-24T18:00:00+00:00,212.37,212.94,212.29000000000002,212.89000000000001,801
2026-02-24T18:05:00+00:00,212.89000000000001,213.03,212.39000000000001,212.61,888
2026-02-24T18:10:00+00:00,212.61,213.04000000000002,212.45000000000002,212.47,738
2026-02-24T18:15:00+00:00,212.47,212.67000000000002,211.87,211.95000000000002,851
2026-02-24T18:20:00+00:00,211.95000000000002,212.81,211.87,212.72,940
2026-02-24T18:25:00+00:00,212.72,212.75,212.29000000000002,212.53,913
2026-02-24T18:30:00+00:00,212.53,212.84,212.4,212.69,823
2026-02-24T18:35:00+00:00,212.69,212.70000000000002,212.35000000000002,212.37,755
2026-02-24T18:40:00+00:00,212.37,212.54000000000002,210.87,210.88000000000002,988
2026-02-24T18:45:00+00:00,210.88000000000002,211.28,210.75,211.04000000000002,1074
2026-02-24T18:50:00+00:00,211.04000000000002,211.39000000000001,210.49,210.62,1010
2026-02-24T18:55:00+00:00,210.62,211.77,210.49,211.64000000000001,993
2026-02-24T19:00:00+00:00,211.64000000000001,211.92000000000002,210.93,211.18,967
2026-02-24T19:05:00+00:00,211.18,211.27,210.72,210.73000000000002,1044
2026-02-24T19:10:00+00:00,210.73000000000002,210.77,210.21,210.29000000000002,1018
2026-02-24T19:15:00+00:00,210.29000000000002,210.64000000000001,210.19,210.36,1140
2026-02-24T19:20:00+00:00,210.36,210.5,209.93,210.01000000000002,951
2026-02-24T19:25:00+00:00,210.01000000000002,210.23000000000002,209.69,209.8,1003
2026-02-24T19:30:00+00:00,209.8,210.31,209.76000000000002,210.13000000000002,959
2026-02-24T19:35:00+00:00,210.13000000000002,210.38000000000002,209.95000000000002,209.99,822
2026-02-24T19:40:00+00:00,209.99,210.52,209.85000000000002,210.28,834
2026-02-24T19:45:00+00:00,210.28,210.36,209.85000000000002,210.15,933
2026-02-24T19:50:00+00:00,210.15,210.63000000000002,210.09,210.4,922
2026-02-24T19:55:00+00:00,210.4,211.22,210.35000000000002,211.13000000000002,826
2026-02-24T20:00:00+00:00,211.13000000000002,211.34,210.52,210.66,1031
2026-02-24T20:05:00+00:00,210.66,210.76000000000002,209.56,209.61,836
2026-02-24T20:10:00+00:00,209.61,210.27,209.55,210.02,803
2026-02-24T20:15:00+00:00,210.02,210.21,209.84,210.10000000000002,841
2026-02-24T20:20:00+00:00,210.10000000000002,210.16,208.95000000000002,208.97,843
2026-02-24T20:25:00+00:00,208.97,209.51000000000002,208.70000000000002,209.38000000000002,905
2026-02-24T20:30:00+00:00,209.38000000000002,210.13000000000002,209.3,210.10000000000002,853
2026-02-24T20:35:00+00:00,210.10000000000002,210.39000000000001,209.89000000000001,210.14000000000001,859
2026-02-24T20:40:00+00:00,210.14000000000001,210.70000000000002,210.09,210.56,847
2026-02-24T20:45:00+00:00,210.56,210.63000000000002,210.11,210.25,951
2026-02-24T20:50:00+00:00,210.25,210.77,209.58,209.71,1025
2026-02-24T20:55:00+00:00,209.71,210.51000000000002,209.60000000000002,210.14000000000001,1627
2026-02-25T14:30:00+00:00,210.14000000000001,212.17000000000002,207.69000000000003,207.86000000000004,1407
2026-02-25T14:35:00+00:00,207.86000000000004,207.98000000000002,206.44000000000003,207.12000000000003,1748
2026-02-25T14:40:00+00:00,207.12000000000003,207.74000000000004,206.16000000000003,207.49000000000004,1320
2026-02-25T14:45:00+00:00,207.49000000000004,208.33000000000004,206.69000000000003,207.75000000000003,1309
2026-02-25T14:50:00+00:00,207.75000000000003,209.70000000000002,207.59000000000003,209.40000000000003,1295
2026-02-25T14:55:00+00:00,209.40000000000003,209.46000000000004,207.93000000000004,207.98000000000002,1260
2026-02-25T15:00:00+00:00,207.98000000000002,209.09000000000003,207.68000000000004,208.85000000000002,1114
2026-02-25T15:05:00+00:00,208.85000000000002,209.36000000000004,208.43000000000004,209.31000000000003,1260
2026-02-25T15:10:00+00:00,209.31000000000003,209.65000000000003,208.85000000000002,208.86000000000004,1069
2026-02-25T15:15:00+00:00,208.86000000000004,209.34000000000003,208.42000000000002,209.12000000000003,977
2026-02-25T15:20:00+00:00,209.12000000000003,209.60000000000002,208.90000000000003,209.38000000000002,1113
2026-02-25T15:25:00+00:00,209.38000000000002,209.76000000000002,209.09000000000003,209.45000000000002,1075
2026-02-25T15:30:00+00:00,209.45000000000002,209.81000000000003,208.85000000000002,208.97000000000003,1198
2026-02-25T15:35:00+00:00,208.97000000000003,209.25000000000003,208.74000000000004,209.10000000000002,1243
2026-02-25T15:40:00+00:00,209.10000000000002,209.35000000000002,208.13000000000002,208.44000000000003,1262
2026-02-25T15:45:00+00:00,208.44000000000003,208.44000000000003,207.53000000000003,207.74000000000004,1208
2026-02-25T15:50:00+00:00,207.74000000000004,207.86000000000004,207.31000000000003,207.67000000000002,1338
2026-02-25T15:55:00+00:00,207.67000000000002,207.69000000000003,206.58000000000004,207.23000000000002,1270
2026-02-25T16:00:00+00:00,207.23000000000002,207.9,207.07000000000002,207.68,1337
2026-02-25T16:05:00+00:00,207.68,207.77,207.32000000000002,207.72000000000003,1157
2026-02-25T16:10:00+00:00,207.72000000000003,207.73000000000002,206.95000000000002,207.28000000000003,1139
2026-02-25T16:15:00+00:00,207.28000000000003,207.8,207.17000000000002,207.67000000000002,1052
2026-02-25T16:20:00+00:00,207.67000000000002,207.72000000000003,206.79000000000002,206.87000000000003,1007
2026-02-25T16:25:00+00:00,206.87000000000003,208.14000000000001,206.85000000000002,207.86,1038
2026-02-25T16:30:00+00:00,207.86,208.82000000000002,207.84000000000003,208.74,1084
2026-02-25T16:35:00+00:00,208.74,209.39000000000001,208.35000000000002,209.25000000000003,1037
2026-02-25T16:40:00+00:00,209.25000000000003,209.83,209.08,209.57000000000002,946
2026-02-25T16:45:00+00:00,209.57000000000002,209.81000000000003,208.54000000000002,208.55,1082
2026-02-25T16:50:00+00:00,208.55,208.60000000000002,207.76000000000002,207.76000000000002,917
2026-02-25T16:55:00+00:00,207.76000000000002,207.81000000000003,207.09000000000003,207.76000000000002,1051
2026-02-25T17:00:00+00:00,207.76000000000002,208.24,207.64000000000001,207.93,994
2026-02-25T17:05:00+00:00,207.93,208.06000000000003,207.54000000000002,207.87000000000003,952
2026-02-25T17:10:00+00:00,207.87000000000003,208.26000000000002,207.70000000000002,208.25000000000003,653
2026-02-25T17:15:00+00:00,208.25000000000003,208.43,208.09000000000003,208.17000000000002,706
2026-02-25T17:20:00+00:00,208.17000000000002,208.41000000000003,208.09000000000003,208.34000000000003,704
2026-02-25T17:25:00+00:00,208.34000000000003,208.68000000000004,208.28000000000003,208.62000000000003,720
2026-02-25T17:30:00+00:00,208.62000000000003,208.64000000000001,208.18000000000004,208.27000000000004,716
2026-02-25T17:35:00+00:00,208.27000000000004,208.53000000000003,208.15000000000003,208.31000000000003,714
2026-02-25T17:40:00+00:00,208.31000000000003,208.87000000000003,208.19000000000003,208.58000000000004,740
2026-02-25T17:45:00+00:00,208.58000000000004,208.80000000000004,208.48000000000002,208.56000000000003,579
2026-02-25T17:50:00+00:00,208.56000000000003,208.83000000000004,208.21000000000004,208.27000000000004,588
2026-02-25T17:55:00+00:00,208.27000000000004,208.41000000000003,208.12000000000003,208.35000000000002,601
2026-02-25T18:00:00+00:00,208.35000000000002,208.42000000000002,207.96000000000004,207.99000000000004,560
2026-02-25T18:05:00+00:00,207.99000000000004,208.17000000000002,207.98000000000002,208.16000000000003,514
2026-02-25T18:10:00+00:00,208.16000000000003,208.38000000000002,208.06000000000003,208.22000000000003,511
2026-02-25T18:15:00+00:00,208.22000000000003,208.23000000000002,207.91000000000003,208.03000000000003,677
2026-02-25T18:20:00+00:00,208.03000000000003,208.28000000000003,207.79000000000002,208.21000000000004,623
2026-02-25T18:25:00+00:00,208.21000000000004,208.57000000000002,208.19000000000003,208.24000000000004,631
2026-02-25T18:30:00+00:00,208.24000000000004,208.32000000000002,208.05000000000004,208.19000000000003,611
2026-02-25T18:35:00+00:00,208.19000000000003,208.96000000000004,208.15000000000003,208.91000000000003,656
2026-02-25T18:40:00+00:00,208.91000000000003,209.56000000000003,208.84000000000003,209.33000000000004,708
2026-02-25T18:45:00+00:00,209.33000000000004,209.47000000000003,208.84000000000003,209.05000000000004,768
2026-02-25T18:50:00+00:00,209.05000000000004,209.20000000000002,208.93000000000004,209.00000000000003,575
2026-02-25T18:55:00+00:00,209.00000000000003,209.01000000000002,208.38000000000002,208.43000000000004,623
2026-02-25T19:00:00+00:00,208.43000000000004,208.71000000000004,208.38000000000002,208.70000000000002,672
2026-02-25T19:05:00+00:00,208.70000000000002,208.92000000000002,208.14000000000001,208.24000000000004,702
2026-02-25T19:10:00+00:00,208.24000000000004,208.65000000000003,208.13000000000002,208.60000000000002,658
2026-02-25T19:15:00+00:00,208.60000000000002,208.98000000000002,208.53000000000003,208.75000000000003,637
2026-02-25T19:20:00+00:00,208.75000000000003,208.80000000000004,208.18000000000004,208.46000000000004,784
2026-02-25T19:25:00+00:00,208.46000000000004,208.55000000000004,207.88000000000002,207.94000000000003,585
2026-02-25T19:30:00+00:00,207.94000000000003,207.99000000000004,207.60000000000002,207.60000000000002,653
2026-02-25T19:35:00+00:00,207.60000000000002,207.67000000000002,207.33000000000004,207.57000000000002,613
2026-02-25T19:40:00+00:00,207.57000000000002,207.71000000000004,207.26000000000002,207.48000000000002,704
2026-02-25T19:45:00+00:00,207.48000000000002,207.54000000000002,207.15000000000003,207.23000000000002,608
2026-02-25T19:50:00+00:00,207.23000000000002,207.36000000000004,207.07000000000002,207.15000000000003,615
2026-02-25T19:55:00+00:00,207.15000000000003,207.30000000000004,206.96000000000004,207.07000000000002,689
2026-02-25T20:00:00+00:00,207.07000000000002,207.07000000000002,206.63000000000002,206.90000000000003,649
2026-02-25T20:05:00+00:00,206.90000000000003,207.45000000000002,206.86000000000004,207.44000000000003,609
2026-02-25T20:10:00+00:00,207.44000000000003,207.62000000000003,207.16000000000003,207.47000000000003,761
2026-02-25T20:15:00+00:00,207.47000000000003,207.68000000000004,207.09000000000003,207.15000000000003,864
2026-02-25T20:20:00+00:00,207.15000000000003,207.33000000000004,206.85000000000002,207.13000000000002,1130
2026-02-25T20:25:00+00:00,207.13000000000002,207.30000000000004,206.98000000000002,207.03000000000003,917
2026-02-25T20:30:00+00:00,207.03000000000003,207.03000000000003,206.47000000000003,206.76000000000002,1032
2026-02-25T20:35:00+00:00,206.76000000000002,207.34000000000003,206.72000000000003,207.21000000000004,680
2026-02-25T20:40:00+00:00,207.21000000000004,207.37000000000003,206.83000000000004,206.85000000000002,867
2026-02-25T20:45:00+00:00,206.85000000000002,207.20000000000002,206.85000000000002,206.96000000000004,809
2026-02-25T20:50:00+00:00,206.96000000000004,207.02000000000004,206.58000000000004,206.81000000000003,871
2026-02-25T20:55:00+00:00,206.81000000000003,206.89000000000001,206.24000000000004,206.70000000000002,1510
2026-02-26T14:30:00+00:00,206.70000000000002,206.70000000000002,200.44000000000003,200.60000000000002,443
2026-02-26T14:35:00+00:00,200.60000000000002,202.54000000000002,200.09000000000003,202.12000000000003,390
2026-02-26T14:40:00+00:00,202.12000000000003,202.95000000000002,201.25000000000003,201.66000000000003,416
2026-02-26T14:45:00+00:00,201.66000000000003,202.58000000000004,201.15000000000003,201.31000000000003,435
2026-02-26T14:50:00+00:00,201.31000000000003,202.24000000000004,200.60000000000002,202.24000000000004,795
2026-02-26T14:55:00+00:00,202.24000000000004,202.64000000000004,201.12000000000003,201.70000000000002,1332
2026-02-26T15:00:00+00:00,201.70000000000002,203.67000000000004,201.63000000000002,203.12000000000003,1167
2026-02-26T15:05:00+00:00,203.12000000000003,203.22000000000003,202.24000000000004,202.26000000000002,1418
2026-02-26T15:10:00+00:00,202.26000000000002,203.37000000000003,201.31000000000003,201.31000000000003,1366
2026-02-26T15:15:00+00:00,201.31000000000003,201.37000000000003,198.62000000000003,198.67000000000004,1522
2026-02-26T15:20:00+00:00,198.67000000000004,199.16000000000003,197.94000000000003,198.13000000000002,1842
2026-02-26T15:25:00+00:00,198.13000000000002,199.40000000000003,197.77000000000004,198.44000000000003,1711
2026-02-26T15:30:00+00:00,198.44000000000003,198.63000000000002,197.75000000000003,197.80000000000004,1913
2026-02-26T15:35:00+00:00,197.80000000000004,200.06000000000003,197.76000000000002,200.01000000000002,1805
2026-02-26T15:40:00+00:00,200.01000000000002,200.66000000000003,199.79000000000002,200.52000000000004,1691
2026-02-26T15:45:00+00:00,200.52000000000004,200.70000000000002,199.29000000000002,199.78000000000003,1793
2026-02-26T15:50:00+00:00,199.78000000000003,200.14000000000004,198.98000000000002,199.16000000000003,1537
2026-02-26T15:55:00+00:00,199.16000000000003,199.30000000000004,198.19000000000003,198.27000000000004,1394
2026-02-26T16:00:00+00:00,198.27000000000004,199.10000000000002,198.27000000000004,198.99000000000004,1657
2026-02-26T16:05:00+00:00,198.99000000000004,199.38000000000002,198.39000000000004,198.87000000000003,1575
2026-02-26T16:10:00+00:00,198.87000000000003,199.07000000000002,198.42000000000004,198.69000000000003,1512
2026-02-26T16:15:00+00:00,198.69000000000003,199.09000000000003,198.61000000000004,198.76000000000002,1263
2026-02-26T16:20:00+00:00,198.76000000000002,199.42000000000004,198.69000000000003,199.28000000000003,1305
2026-02-26T16:25:00+00:00,199.28000000000003,199.81000000000003,199.20000000000002,199.3,1416
2026-02-26T16:30:00+00:00,199.3,199.73000000000002,199.18000000000004,199.43000000000004,1564
2026-02-26T16:35:00+00:00,199.43000000000004,199.61,198.58,198.84000000000003,1482
2026-02-26T16:40:00+00:00,198.84000000000003,199.27,198.50000000000003,198.58,1325
2026-02-26T16:45:00+00:00,198.58,198.88000000000002,197.8,198.82000000000002,1634
2026-02-26T16:50:00+00:00,198.82000000000002,199.10000000000002,198.35000000000002,198.37000000000003,1521
2026-02-26T16:55:00+00:00,198.37000000000003,198.47000000000003,198.05,198.09000000000003,1370
2026-02-26T17:00:00+00:00,198.09000000000003,198.81000000000003,198.05,198.73000000000002,1472
2026-02-26T17:05:00+00:00,198.73000000000002,198.86,198.45000000000002,198.52,1396
2026-02-26T17:10:00+00:00,198.52,198.66000000000003,198.06000000000003,198.06000000000003,1296
2026-02-26T17:15:00+00:00,198.06000000000003,198.59000000000003,198.06000000000003,198.3,1254
2026-02-26T17:20:00+00:00,198.3,198.42000000000002,198.11,198.27,1165
2026-02-26T17:25:00+00:00,198.27,198.48000000000002,198.10000000000002,198.3,1081
2026-02-26T17:30:00+00:00,198.3,199.20000000000002,198.25000000000003,199.06000000000003,1190
2026-02-26T17:35:00+00:00,199.06000000000003,199.08,198.33,198.34000000000003,1112
2026-02-26T17:40:00+00:00,198.34000000000003,198.43000000000004,198.06000000000003,198.13000000000002,1005
2026-02-26T17:45:00+00:00,198.13000000000002,198.23000000000002,197.50000000000003,197.60000000000002,1059
2026-02-26T17:50:00+00:00,197.60000000000002,198.17000000000002,197.52,197.95000000000002,1165
2026-02-26T17:55:00+00:00,197.95000000000002,197.97000000000003,197.65000000000003,197.90000000000003,981
2026-02-26T18:00:00+00:00,197.90000000000003,198.08,197.72000000000003,197.76000000000002,1086
2026-02-26T18:05:00+00:00,197.76000000000002,197.92000000000002,197.36,197.60000000000002,1226
2026-02-26T18:10:00+00:00,197.60000000000002,197.85000000000002,197.50000000000003,197.68000000000004,1307
2026-02-26T18:15:00+00:00,197.68000000000004,198.01000000000002,197.37000000000003,197.95000000000002,1244
2026-02-26T18:20:00+00:00,197.95000000000002,198.11,197.65000000000003,198.11,1020
2026-02-26T18:25:00+00:00,198.11,198.43000000000004,198.05,198.24,953
2026-02-26T18:30:00+00:00,198.24,199.31000000000003,198.19000000000003,199.23000000000002,1403
2026-02-26T18:35:00+00:00,199.23000000000002,199.63000000000002,198.99,199.47000000000003,1426
2026-02-26T18:40:00+00:00,199.47000000000003,199.71,199.27,199.33,1202
2026-02-26T18:45:00+00:00,199.33,199.70000000000002,198.88000000000002,199.13000000000002,1034.874523274888
2026-02-26T18:50:00+00:00,199.13000000000002,199.28000000000006,198.96000000000004,199.15000000000006,1108.6827459573153
2026-02-26T18:55:00+00:00,199.15000000000006,199.22000000000008,199.01000000000008,199.02000000000007,1285.4377916712735
2026-02-26T19:00:00+00:00,199.02000000000007,199.55000000000007,198.94000000000005,199.49000000000007,1232.43021581953
2026-02-26T19:05:00+00:00,199.49000000000007,200.00000000000006,199.49000000000007,199.88000000000005,817
2026-02-26T19:10:00+00:00,199.88000000000005,200.12000000000006,199.65000000000006,199.76000000000005,1233
2026-02-26T19:15:00+00:00,199.76000000000005,199.92000000000007,199.66000000000003,199.68000000000004,1191.6417226375254
2026-02-26T19:20:00+00:00,199.68000000000004,199.80000000000004,199.54000000000005,199.75000000000003,1157.1613170478734
2026-02-26T19:25:00+00:00,199.75000000000003,199.88000000000005,199.04000000000005,199.09000000000006,1274.1614822545603
2026-02-26T19:30:00+00:00,199.09000000000006,199.10000000000005,198.55000000000007,199.08000000000007,679
2026-02-26T19:35:00+00:00,199.08000000000007,199.12000000000006,198.67000000000007,198.69000000000005,770
2026-02-26T19:40:00+00:00,198.69000000000005,199.0100000000001,198.64000000000007,198.94000000000008,1028.4572282320482
2026-02-26T19:45:00+00:00,198.94000000000008,199.62000000000006,198.94000000000008,199.37000000000006,796
2026-02-26T19:50:00+00:00,199.37000000000006,199.68000000000006,199.16000000000008,199.45000000000007,701
2026-02-26T19:55:00+00:00,199.45000000000007,199.45000000000007,198.86000000000004,198.89000000000004,896.6054374823248
2026-02-26T20:00:00+00:00,198.89000000000004,199.32000000000002,198.78000000000003,199.24000000000004,1212.8117149333161
2026-02-26T20:05:00+00:00,199.24000000000004,199.30000000000007,198.57000000000005,198.57000000000005,1166.9987732855234
2026-02-26T20:10:00+00:00,198.57000000000005,198.86000000000007,198.41000000000008,198.41000000000008,1160.7536249690288
2026-02-26T20:15:00+00:00,198.41000000000008,198.5500000000001,197.6700000000001,197.72000000000008,1024.8924867697574
2026-02-26T20:20:00+00:00,197.72000000000008,197.8400000000001,197.2300000000001,197.3300000000001,919
2026-02-26T20:25:00+00:00,197.3300000000001,197.5800000000001,197.0500000000001,197.0900000000001,1005
2026-02-26T20:30:00+00:00,197.0900000000001,197.9500000000001,197.0600000000001,197.9100000000001,1068
2026-02-26T20:35:00+00:00,197.9100000000001,198.3100000000001,197.8700000000001,198.19000000000008,1123
2026-02-26T20:40:00+00:00,198.19000000000008,198.25000000000009,197.9000000000001,198.2000000000001,1129
2026-02-26T20:45:00+00:00,198.2000000000001,198.3900000000001,197.6600000000001,197.8800000000001,1138
2026-02-26T20:50:00+00:00,197.8800000000001,198.4100000000001,197.8400000000001,198.3700000000001,931
2026-02-26T20:55:00+00:00,198.3700000000001,198.3900000000001,197.9600000000001,198.3800000000001,1494
2026-02-27T14:30:00+00:00,198.3800000000001,198.3800000000001,192.6300000000001,194.5100000000001,1511
2026-02-27T14:35:00+00:00,194.5100000000001,195.1200000000001,193.72000000000008,194.9600000000001,1545
2026-02-27T14:40:00+00:00,194.9600000000001,195.1100000000001,193.4200000000001,194.1600000000001,1200
2026-02-27T14:45:00+00:00,194.1600000000001,195.75000000000009,193.6500000000001,195.5600000000001,1346
2026-02-27T14:50:00+00:00,195.5600000000001,195.6600000000001,193.8800000000001,194.6400000000001,1494
2026-02-27T14:55:00+00:00,194.6400000000001,194.8600000000001,194.3500000000001,194.44000000000008,1447
2026-02-27T15:00:00+00:00,194.44000000000008,195.47000000000008,194.1500000000001,194.8700000000001,1536
2026-02-27T15:05:00+00:00,194.8700000000001,195.9900000000001,194.8200000000001,195.6300000000001,1408
2026-02-27T15:10:00+00:00,195.6300000000001,196.4800000000001,195.4800000000001,195.6600000000001,1281
2026-02-27T15:15:00+00:00,195.6600000000001,196.0100000000001,194.75000000000009,195.1400000000001,1260
2026-02-27T15:20:00+00:00,195.1400000000001,195.8100000000001,195.0300000000001,195.5500000000001,1181
2026-02-27T15:25:00+00:00,195.5500000000001,195.7900000000001,195.1200000000001,195.3600000000001,1044
2026-02-27T15:30:00+00:00,195.3600000000001,195.47000000000008,194.2600000000001,194.5100000000001,1560
2026-02-27T15:35:00+00:00,194.5100000000001,195.19000000000008,194.44000000000008,194.9500000000001,1642
2026-02-27T15:40:00+00:00,194.9500000000001,195.3700000000001,194.6500000000001,195.2100000000001,1460
2026-02-27T15:45:00+00:00,195.2100000000001,195.6500000000001,194.97000000000008,195.1200000000001,1437
2026-02-27T15:50:00+00:00,195.1200000000001,195.1600000000001,194.4200000000001,194.6400000000001,1500
2026-02-27T15:55:00+00:00,194.6400000000001,195.4200000000001,194.5600000000001,195.3300000000001,1297.069017823284
2026-02-27T16:00:00+00:00,195.3300000000001,195.7400000000001,195.1400000000001,195.6100000000001,1498
2026-02-27T16:05:00+00:00,195.6100000000001,195.65000000000012,194.8200000000001,194.8500000000001,1551
2026-02-27T16:10:00+00:00,194.8500000000001,195.09000000000012,194.5400000000001,194.9800000000001,1633
2026-02-27T16:15:00+00:00,194.9800000000001,195.6300000000001,194.9600000000001,195.1100000000001,1492
2026-02-27T16:20:00+00:00,195.1100000000001,195.15000000000012,194.7300000000001,195.1000000000001,1539
2026-02-27T16:25:00+00:00,195.1000000000001,195.34000000000012,194.9400000000001,194.9900000000001,1387
2026-02-27T16:30:00+00:00,194.9900000000001,195.3900000000001,194.9400000000001,195.03000000000011,1323
2026-02-27T16:35:00+00:00,195.03000000000011,195.3200000000001,194.78000000000011,194.8300000000001,1224
2026-02-27T16:40:00+00:00,194.8300000000001,194.8500000000001,194.1400000000001,194.2100000000001,1282
2026-02-27T16:45:00+00:00,194.2100000000001,194.4600000000001,193.9700000000001,194.1900000000001,1507
2026-02-27T16:50:00+00:00,194.1900000000001,194.8600000000001,194.1700000000001,194.78000000000011,1536
2026-02-27T16:55:00+00:00,194.78000000000011,195.0700000000001,194.5400000000001,194.5400000000001,1346
2026-02-27T17:00:00+00:00,194.5400000000001,195.1600000000001,194.5400000000001,194.9900000000001,1268
2026-02-27T17:05:00+00:00,194.9900000000001,195.53000000000011,194.8800000000001,195.34000000000012,1032
2026-02-27T17:10:00+00:00,195.34000000000012,195.3800000000001,194.1300000000001,194.2100000000001,1086
2026-02-27T17:15:00+00:00,194.2100000000001,194.6600000000001,194.1400000000001,194.5100000000001,1299
2026-02-27T17:20:00+00:00,194.5100000000001,194.5100000000001,193.5200000000001,193.81000000000012,1457
2026-02-27T17:25:00+00:00,193.81000000000012,194.0700000000001,193.62000000000012,194.03000000000011,1464
2026-02-27T17:30:00+00:00,194.03000000000011,194.4900000000001,193.7300000000001,194.4200000000001,1556
2026-02-27T17:35:00+00:00,194.4200000000001,194.4300000000001,193.8300000000001,193.87000000000012,1310
2026-02-27T17:40:00+00:00,193.87000000000012,193.9500000000001,193.56000000000012,193.7200000000001,1264
2026-02-27T17:45:00+00:00,193.7200000000001,193.8300000000001,193.4700000000001,193.7300000000001,1140
2026-02-27T17:50:00+00:00,193.7300000000001,193.9500000000001,193.5200000000001,193.8000000000001,1242
2026-02-27T17:55:00+00:00,193.8000000000001,194.03000000000011,193.7700000000001,193.9800000000001,1051
2026-02-27T18:00:00+00:00,193.9800000000001,194.1000000000001,193.6900000000001,193.78000000000011,1013
2026-02-27T18:05:00+00:00,193.78000000000011,194.0400000000001,193.5500000000001,193.6600000000001,1114
2026-02-27T18:10:00+00:00,193.6600000000001,193.6900000000001,193.4200000000001,193.4300000000001,921
2026-02-27T18:15:00+00:00,193.4300000000001,193.4900000000001,193.0100000000001,193.0500000000001,1029
2026-02-27T18:20:00+00:00,193.0500000000001,193.1000000000001,192.7000000000001,192.90000000000012,1380
2026-02-27T18:25:00+00:00,192.90000000000012,193.09000000000012,192.62000000000012,192.9600000000001,1298
2026-02-27T18:30:00+00:00,192.9600000000001,193.0500000000001,192.5700000000001,192.6900000000001,1309
2026-02-27T18:35:00+00:00,192.6900000000001,192.84000000000012,192.59000000000012,192.6900000000001,1038
2026-02-27T18:40:00+00:00,192.6900000000001,193.0400000000001,192.5500000000001,192.5700000000001,1107
2026-02-27T18:45:00+00:00,192.5700000000001,192.6600000000001,192.3500000000001,192.4100000000001,1042
2026-02-27T18:50:00+00:00,192.4100000000001,192.6700000000001,192.3500000000001,192.62000000000012,978
2026-02-27T18:55:00+00:00,192.62000000000012,192.7000000000001,192.4200000000001,192.5100000000001,1075
2026-02-27T19:00:00+00:00,192.5100000000001,193.0700000000001,192.4900000000001,192.9800000000001,1029
2026-02-27T19:05:00+00:00,192.9800000000001,193.15000000000012,192.4700000000001,192.56000000000012,1137
2026-02-27T19:10:00+00:00,192.56000000000012,192.78000000000011,192.3900000000001,192.6000000000001,1069
2026-02-27T19:15:00+00:00,192.6000000000001,192.87000000000012,192.5800000000001,192.7900000000001,950
2026-02-27T19:20:00+00:00,192.7900000000001,192.8500000000001,192.6400000000001,192.7300000000001,913
2026-02-27T19:25:00+00:00,192.7300000000001,192.9200000000001,192.6000000000001,192.78000000000011,978
2026-02-27T19:30:00+00:00,192.78000000000011,193.0200000000001,192.65000000000012,192.9200000000001,1245
2026-02-27T19:35:00+00:00,192.9200000000001,193.03000000000011,192.7400000000001,192.7400000000001,1032
2026-02-27T19:40:00+00:00,192.7400000000001,192.8300000000001,192.53000000000011,192.7100000000001,1056
2026-02-27T19:45:00+00:00,192.7100000000001,192.84000000000012,192.5800000000001,192.6400000000001,947
2026-02-27T19:50:00+00:00,192.6400000000001,193.3600000000001,192.6400000000001,193.3300000000001,978
2026-02-27T19:55:00+00:00,193.3300000000001,193.5400000000001,193.2000000000001,193.4100000000001,1113
2026-02-27T20:00:00+00:00,193.4100000000001,193.6600000000001,193.3600000000001,193.3900000000001,1047
2026-02-27T20:05:00+00:00,193.3900000000001,193.7200000000001,193.2000000000001,193.5500000000001,967
2026-02-27T20:10:00+00:00,193.5500000000001,194.0100000000001,193.5100000000001,193.9300000000001,1318
2026-02-27T20:15:00+00:00,193.9300000000001,194.37000000000012,193.87000000000012,194.2500000000001,1263
2026-02-27T20:20:00+00:00,194.2500000000001,194.5400000000001,194.1900000000001,194.4700000000001,1314
2026-02-27T20:25:00+00:00,194.4700000000001,194.5100000000001,194.03000000000011,194.06000000000012,1140
2026-02-27T20:30:00+00:00,194.06000000000012,194.4200000000001,194.0000000000001,194.2600000000001,1324
2026-02-27T20:35:00+00:00,194.2600000000001,194.28000000000011,193.7900000000001,193.8900000000001,1393
2026-02-27T20:40:00+00:00,193.8900000000001,194.2100000000001,193.8900000000001,193.9300000000001,1432
2026-02-27T20:45:00+00:00,193.9300000000001,194.4200000000001,193.9200000000001,194.2300000000001,1555
2026-02-27T20:50:00+00:00,194.2300000000001,194.84000000000012,194.0700000000001,194.6000000000001,1367
2026-02-27T20:55:00+00:00,194.6000000000001,195.2100000000001,194.6000000000001,194.9300000000001,1607
2026-03-02T14:30:00+00:00,194.9300000000001,196.44000000000008,191.4200000000001,195.8600000000001,1481
2026-03-02T14:35:00+00:00,195.8600000000001,196.6800000000001,194.22000000000008,194.23000000000008,1270
2026-03-02T14:40:00+00:00,194.23000000000008,195.4500000000001,193.22000000000008,195.1700000000001,1201
2026-03-02T14:45:00+00:00,195.1700000000001,196.4500000000001,194.6700000000001,196.4300000000001,1089
2026-03-02T14:50:00+00:00,196.4300000000001,196.6200000000001,195.0500000000001,195.44000000000008,1138
2026-03-02T14:55:00+00:00,195.44000000000008,195.54000000000008,194.5300000000001,194.94000000000008,956
2026-03-02T15:00:00+00:00,194.94000000000008,196.4200000000001,194.1200000000001,196.4200000000001,1024
2026-03-02T15:05:00+00:00,196.4200000000001,197.3700000000001,196.1700000000001,197.2100000000001,1098
2026-03-02T15:10:00+00:00,197.2100000000001,197.4500000000001,196.54000000000008,196.5500000000001,866
2026-03-02T15:15:00+00:00,196.5500000000001,196.66000000000008,195.9200000000001,196.13000000000008,923
2026-03-02T15:20:00+00:00,196.13000000000008,196.4900000000001,195.3400000000001,195.7100000000001,1007
2026-03-02T15:25:00+00:00,195.7100000000001,196.0900000000001,194.73000000000008,195.0500000000001,885
2026-03-02T15:30:00+00:00,195.0500000000001,195.3900000000001,194.57000000000008,194.97000000000008,1402
2026-03-02T15:35:00+00:00,194.97000000000008,196.13000000000008,194.6700000000001,196.13000000000008,1506
2026-03-02T15:40:00+00:00,196.13000000000008,196.6500000000001,195.73000000000008,196.29000000000008,1417
2026-03-02T15:45:00+00:00,196.29000000000008,196.60000000000008,196.0800000000001,196.4000000000001,1260
2026-03-02T15:50:00+00:00,196.4000000000001,196.8700000000001,195.6700000000001,195.8100000000001,1132
2026-03-02T15:55:00+00:00,195.8100000000001,196.3300000000001,195.72000000000008,196.0300000000001,1194
2026-03-02T16:00:00+00:00,196.0300000000001,196.13000000000008,195.4900000000001,195.82000000000008,1179
2026-03-02T16:05:00+00:00,195.82000000000008,196.6400000000001,195.6200000000001,196.4200000000001,1037
2026-03-02T16:10:00+00:00,196.4200000000001,196.7400000000001,196.1500000000001,196.26000000000008,926
2026-03-02T16:15:00+00:00,196.26000000000008,196.35000000000008,195.6500000000001,196.0600000000001,1020
2026-03-02T16:20:00+00:00,196.0600000000001,196.47000000000008,195.9000000000001,196.16000000000008,1035
2026-03-02T16:25:00+00:00,196.16000000000008,196.51000000000008,195.9500000000001,196.4500000000001,973
2026-03-02T16:30:00+00:00,196.4500000000001,197.0200000000001,196.29000000000008,196.9300000000001,1264
2026-03-02T16:35:00+00:00,196.9300000000001,197.8400000000001,196.6500000000001,197.8300000000001,1069
2026-03-02T16:40:00+00:00,197.8300000000001,198.4900000000001,197.69000000000008,198.4900000000001,953
2026-03-02T16:45:00+00:00,198.4900000000001,198.7100000000001,198.22000000000008,198.2400000000001,1154
2026-03-02T16:50:00+00:00,198.2400000000001,198.4200000000001,197.7800000000001,198.2000000000001,1004
2026-03-02T16:55:00+00:00,198.2000000000001,198.4500000000001,197.73000000000008,198.3700000000001,894
2026-03-02T17:00:00+00:00,198.3700000000001,198.3700000000001,197.82000000000008,197.85000000000008,1095
2026-03-02T17:05:00+00:00,197.85000000000008,198.3000000000001,197.6800000000001,198.2800000000001,790
2026-03-02T17:10:00+00:00,198.2800000000001,198.7400000000001,198.01000000000008,198.60000000000008,908
2026-03-02T17:15:00+00:00,198.60000000000008,199.1700000000001,198.5900000000001,199.0800000000001,919
2026-03-02T17:20:00+00:00,199.0800000000001,199.4900000000001,198.8100000000001,199.4000000000001,868
2026-03-02T17:25:00+00:00,199.4000000000001,199.4000000000001,198.9600000000001,199.1400000000001,909
2026-03-02T17:30:00+00:00,199.1400000000001,199.3400000000001,198.8700000000001,198.94000000000008,968
2026-03-02T17:35:00+00:00,198.94000000000008,199.22000000000008,198.7100000000001,198.8400000000001,806
2026-03-02T17:40:00+00:00,198.8400000000001,199.04000000000008,198.57000000000008,198.76000000000008,757
2026-03-02T17:45:00+00:00,198.76000000000008,199.2100000000001,198.5200000000001,199.0900000000001,708
2026-03-02T17:50:00+00:00,199.0900000000001,199.23000000000008,198.9000000000001,198.91000000000008,616
2026-03-02T17:55:00+00:00,198.91000000000008,198.97000000000008,198.60000000000008,198.69000000000008,674
2026-03-02T18:00:00+00:00,198.69000000000008,198.8300000000001,198.4200000000001,198.6500000000001,638
2026-03-02T18:05:00+00:00,198.6500000000001,198.7100000000001,198.23000000000008,198.23000000000008,600
2026-03-02T18:10:00+00:00,198.23000000000008,198.3000000000001,197.8600000000001,198.04000000000008,629
2026-03-02T18:15:00+00:00,198.04000000000008,198.44000000000008,197.9200000000001,198.0600000000001,603
2026-03-02T18:20:00+00:00,198.0600000000001,198.1100000000001,197.75000000000009,197.8100000000001,712
2026-03-02T18:25:00+00:00,197.8100000000001,198.38000000000008,197.73000000000008,198.1800000000001,592
2026-03-02T18:30:00+00:00,198.1800000000001,198.3700000000001,197.8400000000001,198.3700000000001,779
2026-03-02T18:35:00+00:00,198.3700000000001,198.47000000000008,198.1800000000001,198.3600000000001,576
2026-03-02T18:40:00+00:00,198.3600000000001,198.47000000000008,198.1800000000001,198.44000000000008,601
2026-03-02T18:45:00+00:00,198.44000000000008,198.44000000000008,197.79000000000008,198.1400000000001,784
2026-03-02T18:50:00+00:00,198.1400000000001,198.19000000000008,197.8700000000001,198.07000000000008,657
2026-03-02T18:55:00+00:00,198.07000000000008,198.07000000000008,197.72000000000008,197.8300000000001,734
2026-03-02T19:00:00+00:00,197.8300000000001,198.1100000000001,197.72000000000008,197.9300000000001,732
2026-03-02T19:05:00+00:00,197.9300000000001,198.1400000000001,197.47000000000008,198.1200000000001,700
2026-03-02T19:10:00+00:00,198.1200000000001,198.2700000000001,197.7400000000001,198.0200000000001,722
2026-03-02T19:15:00+00:00,198.0200000000001,198.85000000000008,198.00000000000009,198.73000000000008,907
2026-03-02T19:20:00+00:00,198.73000000000008,198.85000000000008,198.5900000000001,198.6700000000001,790
2026-03-02T19:25:00+00:00,198.6700000000001,198.85000000000008,198.44000000000008,198.60000000000008,602
2026-03-02T19:30:00+00:00,198.60000000000008,199.01000000000008,198.5800000000001,198.9600000000001,837
2026-03-02T19:35:00+00:00,198.9600000000001,199.3400000000001,198.9200000000001,199.1700000000001,609
2026-03-02T19:40:00+00:00,199.1700000000001,199.5500000000001,199.0900000000001,199.4000000000001,668
2026-03-02T19:45:00+00:00,199.4000000000001,199.5200000000001,199.2100000000001,199.5200000000001,635
2026-03-02T19:50:00+00:00,199.5200000000001,199.76000000000008,199.25000000000009,199.6800000000001,686
2026-03-02T19:55:00+00:00,199.6800000000001,199.7100000000001,199.3600000000001,199.48000000000008,651
2026-03-02T20:00:00+00:00,199.48000000000008,199.5900000000001,198.9900000000001,199.22000000000008,781
2026-03-02T20:05:00+00:00,199.22000000000008,199.3700000000001,198.4500000000001,198.6800000000001,1770
2026-03-02T20:10:00+00:00,198.6800000000001,198.6800000000001,198.0300000000001,198.3000000000001,1827
2026-03-02T20:15:00+00:00,198.3000000000001,198.94000000000008,197.9200000000001,198.6500000000001,1643
2026-03-02T20:20:00+00:00,198.6500000000001,198.79000000000008,198.3400000000001,198.5300000000001,1300
2026-03-02T20:25:00+00:00,198.5300000000001,198.5800000000001,198.1200000000001,198.2100000000001,1049
2026-03-02T20:30:00+00:00,198.2100000000001,198.8900000000001,198.1200000000001,198.85000000000008,1222
2026-03-02T20:35:00+00:00,198.85000000000008,199.1500000000001,198.4300000000001,199.0300000000001,1131
2026-03-02T20:40:00+00:00,199.0300000000001,199.2400000000001,198.79000000000008,199.22000000000008,1167
2026-03-02T20:45:00+00:00,199.22000000000008,199.5800000000001,199.1100000000001,199.4600000000001,1265
2026-03-02T20:50:00+00:00,199.4600000000001,199.8100000000001,199.1500000000001,199.8100000000001,869
2026-03-02T20:55:00+00:00,199.8100000000001,200.1400000000001,199.6700000000001,200.0500000000001,1728
2026-03-03T14:30:00+00:00,200.0500000000001,200.0500000000001,191.63000000000008,193.8300000000001,1652
2026-03-03T14:35:00+00:00,193.8300000000001,194.13000000000008,192.8000000000001,193.01000000000008,1821
2026-03-03T14:40:00+00:00,193.01000000000008,193.19000000000008,191.5600000000001,191.94000000000008,1342
2026-03-03T14:45:00+00:00,191.94000000000008,193.0200000000001,191.44000000000008,191.97000000000008,1521
2026-03-03T14:50:00+00:00,191.97000000000008,193.0300000000001,191.7800000000001,192.72000000000008,1555
2026-03-03T14:55:00+00:00,192.72000000000008,193.1200000000001,191.6800000000001,191.69000000000008,1186
2026-03-03T15:00:00+00:00,191.69000000000008,192.5500000000001,191.26000000000008,191.66000000000008,1466
2026-03-03T15:05:00+00:00,191.66000000000008,192.50000000000009,191.3300000000001,192.3300000000001,1466
2026-03-03T15:10:00+00:00,192.3300000000001,192.47000000000008,191.6700000000001,192.23000000000008,1548
2026-03-03T15:15:00+00:00,192.23000000000008,192.3900000000001,190.6500000000001,190.79000000000008,1253
2026-03-03T15:20:00+00:00,190.79000000000008,190.9300000000001,190.16000000000008,190.35000000000008,1265
2026-03-03T15:25:00+00:00,190.35000000000008,190.44000000000008,189.94000000000008,190.0500000000001,1349
2026-03-03T15:30:00+00:00,190.0500000000001,191.4200000000001,190.0300000000001,190.63000000000008,1965
2026-03-03T15:35:00+00:00,190.63000000000008,191.5800000000001,190.63000000000008,191.0900000000001,1896
2026-03-03T15:40:00+00:00,191.0900000000001,191.3000000000001,190.5900000000001,190.75000000000009,1724
2026-03-03T15:45:00+00:00,190.75000000000009,191.41000000000008,190.4300000000001,190.6100000000001,1688
2026-03-03T15:50:00+00:00,190.6100000000001,191.04000000000008,189.6400000000001,189.66000000000008,1598
2026-03-03T15:55:00+00:00,189.66000000000008,190.73000000000008,189.6500000000001,190.69000000000008,1692
2026-03-03T16:00:00+00:00,190.69000000000008,191.94000000000008,190.54000000000008,191.7800000000001,1639
2026-03-03T16:05:00+00:00,191.7800000000001,192.6500000000001,191.6700000000001,191.8600000000001,1916
2026-03-03T16:10:00+00:00,191.8600000000001,191.9500000000001,191.22000000000008,191.5200000000001,1637
2026-03-03T16:15:00+00:00,191.5200000000001,192.6800000000001,191.5200000000001,192.25000000000009,1457
2026-03-03T16:20:00+00:00,192.25000000000009,192.6200000000001,191.8600000000001,192.5900000000001,1531
2026-03-03T16:25:00+00:00,192.5900000000001,192.69000000000008,192.32000000000008,192.4200000000001,1608
2026-03-03T16:30:00+00:00,192.4200000000001,192.4200000000001,191.57000000000008,191.94000000000008,1862
2026-03-03T16:35:00+00:00,191.94000000000008,192.26000000000008,191.6100000000001,192.13000000000008,1555
2026-03-03T16:40:00+00:00,192.13000000000008,192.26000000000008,191.6400000000001,192.13000000000008,1506
2026-03-03T16:45:00+00:00,192.13000000000008,193.0900000000001,192.0800000000001,192.4500000000001,1772
2026-03-03T16:50:00+00:00,192.4500000000001,192.5900000000001,192.01000000000008,192.2100000000001,1622
2026-03-03T16:55:00+00:00,192.2100000000001,192.9300000000001,192.2000000000001,192.3300000000001,1258
2026-03-03T17:00:00+00:00,192.3300000000001,192.75000000000009,192.19000000000008,192.6100000000001,1229
2026-03-03T17:05:00+00:00,192.6100000000001,192.6500000000001,191.9000000000001,191.9200000000001,953
2026-03-03T17:10:00+00:00,191.9200000000001,192.26000000000008,191.72000000000008,192.1700000000001,1108
2026-03-03T17:15:00+00:00,192.1700000000001,192.5300000000001,191.9300000000001,192.5300000000001,1175
2026-03-03T17:20:00+00:00,192.5300000000001,193.0300000000001,192.1700000000001,192.9500000000001,1054
2026-03-03T17:25:00+00:00,192.9500000000001,193.00000000000009,192.63000000000008,192.8300000000001,1248
2026-03-03T17:30:00+00:00,192.8300000000001,192.8300000000001,191.51000000000008,191.7000000000001,1524
2026-03-03T17:35:00+00:00,191.7000000000001,192.66000000000008,191.6200000000001,192.4300000000001,1677
2026-03-03T17:40:00+00:00,192.4300000000001,193.4900000000001,192.4200000000001,193.2400000000001,1500
2026-03-03T17:45:00+00:00,193.2400000000001,193.2400000000001,192.5900000000001,192.8100000000001,1527
2026-03-03T17:50:00+00:00,192.8100000000001,192.8400000000001,192.0800000000001,192.19000000000008,1290
2026-03-03T17:55:00+00:00,192.19000000000008,192.4500000000001,192.0300000000001,192.26000000000008,1434
2026-03-03T18:00:00+00:00,192.26000000000008,192.8400000000001,192.26000000000008,192.6100000000001,1475
2026-03-03T18:05:00+00:00,192.6100000000001,192.9600000000001,192.50000000000009,192.9600000000001,1223
2026-03-03T18:10:00+00:00,192.9600000000001,193.0600000000001,192.6100000000001,192.9600000000001,1255
2026-03-03T18:15:00+00:00,192.9600000000001,193.1100000000001,192.7100000000001,192.8900000000001,1212
2026-03-03T18:20:00+00:00,192.8900000000001,193.6200000000001,192.8300000000001,193.5900000000001,1356
2026-03-03T18:25:00+00:00,193.5900000000001,193.6100000000001,192.8400000000001,192.8600000000001,1458
2026-03-03T18:30:00+00:00,192.8600000000001,193.26000000000008,192.7400000000001,193.1700000000001,1638
2026-03-03T18:35:00+00:00,193.1700000000001,193.3100000000001,192.9200000000001,193.29000000000008,1481
2026-03-03T18:40:00+00:00,193.29000000000008,193.8100000000001,193.1500000000001,193.35000000000008,1347
2026-03-03T18:45:00+00:00,193.35000000000008,193.41000000000008,192.88000000000008,193.3700000000001,1367
2026-03-03T18:50:00+00:00,193.3700000000001,193.69000000000008,193.23000000000008,193.4000000000001,1448
2026-03-03T18:55:00+00:00,193.4000000000001,193.4600000000001,193.0600000000001,193.3600000000001,1378
2026-03-03T19:00:00+00:00,193.3600000000001,193.57000000000008,193.1200000000001,193.4500000000001,1153
2026-03-03T19:05:00+00:00,193.4500000000001,193.50000000000009,192.51000000000008,192.54000000000008,1288
2026-03-03T19:10:00+00:00,192.54000000000008,192.8600000000001,192.4300000000001,192.85000000000008,1550
2026-03-03T19:15:00+00:00,192.85000000000008,193.1500000000001,192.7000000000001,193.0300000000001,1703
2026-03-03T19:20:00+00:00,193.0300000000001,193.3900000000001,193.01000000000008,193.2100000000001,1640
2026-03-03T19:25:00+00:00,193.2100000000001,193.25000000000009,192.6400000000001,192.72000000000008,1680
2026-03-03T19:30:00+00:00,192.72000000000008,192.9200000000001,192.3400000000001,192.3900000000001,1729
2026-03-03T19:35:00+00:00,192.3900000000001,193.6800000000001,192.22000000000008,193.5200000000001,2536
2026-03-03T19:40:00+00:00,193.5200000000001,193.88000000000008,193.1700000000001,193.1700000000001,2199
2026-03-03T19:45:00+00:00,193.1700000000001,193.98000000000008,193.1700000000001,193.4500000000001,1636
2026-03-03T19:50:00+00:00,193.4500000000001,193.5300000000001,192.6700000000001,192.9000000000001,1729
2026-03-03T19:55:00+00:00,192.9000000000001,193.13000000000008,192.5600000000001,193.0500000000001,1830
2026-03-03T20:00:00+00:00,193.0500000000001,193.63000000000008,192.9300000000001,193.26000000000008,1814
2026-03-03T20:05:00+00:00,193.26000000000008,193.2700000000001,192.73000000000008,192.8900000000001,1675
2026-03-03T20:10:00+00:00,192.8900000000001,192.98000000000008,192.2100000000001,192.22000000000008,1512
2026-03-03T20:15:00+00:00,192.22000000000008,192.5900000000001,192.00000000000009,192.2000000000001,1679
2026-03-03T20:20:00+00:00,192.2000000000001,192.6100000000001,192.19000000000008,192.50000000000009,1615
2026-03-03T20:25:00+00:00,192.50000000000009,192.79000000000008,192.38000000000008,192.66000000000008,1586
2026-03-03T20:30:00+00:00,192.66000000000008,192.91000000000008,192.54000000000008,192.6500000000001,1849
2026-03-03T20:35:00+00:00,192.6500000000001,193.0900000000001,192.63000000000008,192.9900000000001,1584
2026-03-03T20:40:00+00:00,192.9900000000001,193.1100000000001,192.50000000000009,192.7100000000001,1598
2026-03-03T20:45:00+00:00,192.7100000000001,192.7800000000001,192.32000000000008,192.48000000000008,1685
2026-03-03T20:50:00+00:00,192.48000000000008,192.69000000000008,192.0600000000001,192.16000000000008,1271
2026-03-03T20:55:00+00:00,192.16000000000008,192.5800000000001,191.9200000000001,192.38000000000008,1989
2026-03-04T14:30:00+00:00,192.38000000000008,194.8000000000001,191.32000000000008,194.4200000000001,1311
2026-03-04T14:35:00+00:00,194.4200000000001,194.8300000000001,193.75000000000009,194.2700000000001,1111
2026-03-04T14:40:00+00:00,194.2700000000001,194.9500000000001,193.54000000000008,194.0300000000001,1026
2026-03-04T14:45:00+00:00,194.0300000000001,196.72000000000008,193.8000000000001,195.72000000000008,1246
2026-03-04T14:50:00+00:00,195.72000000000008,196.5500000000001,195.35000000000008,195.6700000000001,1345
2026-03-04T14:55:00+00:00,195.6700000000001,196.5800000000001,195.1200000000001,196.41000000000008,1038
2026-03-04T15:00:00+00:00,196.41000000000008,197.85000000000008,196.41000000000008,197.3600000000001,1411
2026-03-04T15:05:00+00:00,197.3600000000001,198.2400000000001,197.0200000000001,198.1200000000001,1220
2026-03-04T15:10:00+00:00,198.1200000000001,198.13000000000008,197.2100000000001,197.57000000000008,1035
2026-03-04T15:15:00+00:00,197.57000000000008,198.0800000000001,197.5500000000001,197.69000000000008,952
2026-03-04T15:20:00+00:00,197.69000000000008,198.38000000000008,197.4900000000001,198.3100000000001,769
2026-03-04T15:25:00+00:00,198.3100000000001,198.3700000000001,197.5800000000001,197.66000000000008,701
2026-03-04T15:30:00+00:00,197.66000000000008,199.0800000000001,197.5800000000001,198.6500000000001,1419
2026-03-04T15:35:00+00:00,198.6500000000001,199.07000000000008,198.2700000000001,198.3900000000001,1902
2026-03-04T15:40:00+00:00,198.3900000000001,198.7100000000001,198.16000000000008,198.32000000000008,1945
2026-03-04T15:45:00+00:00,198.32000000000008,198.57000000000008,197.82000000000008,198.5200000000001,2053
2026-03-04T15:50:00+00:00,198.5200000000001,199.2700000000001,198.29000000000008,199.23000000000008,2050
2026-03-04T15:55:00+00:00,199.23000000000008,199.94000000000008,199.1500000000001,199.5800000000001,1716
2026-03-04T16:00:00+00:00,199.5800000000001,199.69000000000008,198.91000000000008,198.9500000000001,1584
2026-03-04T16:05:00+00:00,198.9500000000001,199.26000000000008,198.5900000000001,198.63000000000008,1595
2026-03-04T16:10:00+00:00,198.63000000000008,198.63000000000008,198.00000000000009,198.47000000000008,1826
2026-03-04T16:15:00+00:00,198.47000000000008,198.97000000000008,198.1100000000001,198.3400000000001,1889
2026-03-04T16:20:00+00:00,198.3400000000001,198.6500000000001,197.98000000000008,198.54000000000008,2009
2026-03-04T16:25:00+00:00,198.54000000000008,199.7400000000001,198.4300000000001,199.23000000000008,1808
2026-03-04T16:30:00+00:00,199.23000000000008,199.6400000000001,199.0200000000001,199.2700000000001,1362
2026-03-04T16:35:00+00:00,199.2700000000001,199.4300000000001,198.5900000000001,199.04000000000008,1499
2026-03-04T16:40:00+00:00,199.04000000000008,199.66000000000008,198.82000000000008,199.32000000000008,1350
2026-03-04T16:45:00+00:00,199.32000000000008,199.5800000000001,199.1700000000001,199.50000000000009,1152
2026-03-04T16:50:00+00:00,199.50000000000009,200.07000000000008,199.32000000000008,199.8400000000001,1213
2026-03-04T16:55:00+00:00,199.8400000000001,200.3700000000001,199.75000000000009,200.3300000000001,1139
2026-03-04T17:00:00+00:00,200.3300000000001,200.8400000000001,200.26000000000008,200.82000000000008,1166
2026-03-04T17:05:00+00:00,200.82000000000008,201.2400000000001,200.6700000000001,200.8100000000001,1254
2026-03-04T17:10:00+00:00,200.8100000000001,201.1800000000001,200.6700000000001,200.94000000000008,1176
2026-03-04T17:15:00+00:00,200.94000000000008,201.23000000000008,200.8000000000001,201.2100000000001,1246
2026-03-04T17:20:00+00:00,201.2100000000001,201.3000000000001,200.94000000000008,201.29000000000008,1138
2026-03-04T17:25:00+00:00,201.29000000000008,201.66000000000008,201.2000000000001,201.60000000000008,1256
2026-03-04T17:30:00+00:00,201.60000000000008,201.6100000000001,200.8600000000001,201.57000000000008,1637
2026-03-04T17:35:00+00:00,201.57000000000008,202.10000000000008,201.4000000000001,201.5500000000001,1499
2026-03-04T17:40:00+00:00,201.5500000000001,201.88000000000008,201.4900000000001,201.8000000000001,1362
2026-03-04T17:45:00+00:00,201.8000000000001,202.1200000000001,201.69000000000008,201.85000000000008,1263
2026-03-04T17:50:00+00:00,201.85000000000008,202.4200000000001,201.6800000000001,202.4200000000001,1135
2026-03-04T17:55:00+00:00,202.4200000000001,202.79000000000008,202.26000000000008,202.51000000000008,1070
2026-03-04T18:00:00+00:00,202.51000000000008,202.6800000000001,202.10000000000008,202.1400000000001,1105
2026-03-04T18:05:00+00:00,202.1400000000001,202.3400000000001,201.9000000000001,202.0500000000001,1177
2026-03-04T18:10:00+00:00,202.0500000000001,202.4600000000001,201.8300000000001,202.4300000000001,927
2026-03-04T18:15:00+00:00,202.4300000000001,202.7400000000001,202.2100000000001,202.23000000000008,1136
2026-03-04T18:20:00+00:00,202.23000000000008,202.5500000000001,202.1100000000001,202.3900000000001,1182
2026-03-04T18:25:00+00:00,202.3900000000001,202.8900000000001,202.3300000000001,202.69000000000008,1246
2026-03-04T18:30:00+00:00,202.69000000000008,203.25000000000009,202.66000000000008,203.0600000000001,1108
2026-03-04T18:35:00+00:00,203.0600000000001,203.1500000000001,202.54000000000008,202.63000000000008,1126
2026-03-04T18:40:00+00:00,202.63000000000008,203.16000000000008,202.6200000000001,203.0600000000001,1059
2026-03-04T18:45:00+00:00,203.0600000000001,203.41000000000008,202.9000000000001,203.35000000000008,1099
2026-03-04T18:50:00+00:00,203.35000000000008,203.8600000000001,203.23000000000008,203.26000000000008,860
2026-03-04T18:55:00+00:00,203.26000000000008,203.3900000000001,202.9900000000001,203.2700000000001,918
2026-03-04T19:00:00+00:00,203.2700000000001,203.4300000000001,203.07000000000008,203.1700000000001,873
2026-03-04T19:05:00+00:00,203.1700000000001,203.2400000000001,202.91000000000008,203.07000000000008,838
2026-03-04T19:10:00+00:00,203.07000000000008,203.50000000000009,202.9200000000001,203.38000000000008,992
2026-03-04T19:15:00+00:00,203.38000000000008,203.44000000000008,203.0500000000001,203.19000000000008,788
2026-03-04T19:20:00+00:00,203.19000000000008,203.23000000000008,202.7700000000001,202.8900000000001,858
2026-03-04T19:25:00+00:00,202.8900000000001,202.9000000000001,202.48000000000008,202.54000000000008,949
2026-03-04T19:30:00+00:00,202.54000000000008,203.1400000000001,202.48000000000008,202.97000000000008,1061
2026-03-04T19:35:00+00:00,202.97000000000008,203.6100000000001,202.97000000000008,203.6100000000001,844
2026-03-04T19:40:00+00:00,203.6100000000001,203.7100000000001,203.4600000000001,203.5200000000001,920
2026-03-04T19:45:00+00:00,203.5200000000001,203.7000000000001,203.2700000000001,203.47000000000008,900
2026-03-04T19:50:00+00:00,203.47000000000008,203.79000000000008,203.41000000000008,203.7800000000001,721
2026-03-04T19:55:00+00:00,203.7800000000001,203.8100000000001,203.3000000000001,203.41000000000008,867
2026-03-04T20:00:00+00:00,203.41000000000008,203.6700000000001,203.1700000000001,203.3600000000001,933
2026-03-04T20:05:00+00:00,203.3600000000001,203.4600000000001,202.97000000000008,203.22000000000008,983
2026-03-04T20:10:00+00:00,203.22000000000008,203.4300000000001,202.7700000000001,202.8100000000001,1154
2026-03-04T20:15:00+00:00,202.8100000000001,203.0600000000001,202.6800000000001,202.8400000000001,992
2026-03-04T20:20:00+00:00,202.8400000000001,202.9200000000001,202.5800000000001,202.69000000000008,1025
2026-03-04T20:25:00+00:00,202.69000000000008,202.8900000000001,202.5900000000001,202.6700000000001,1007
2026-03-04T20:30:00+00:00,202.6700000000001,202.69000000000008,202.3000000000001,202.3900000000001,1012
2026-03-04T20:35:00+00:00,202.3900000000001,202.8100000000001,202.38000000000008,202.57000000000008,978
2026-03-04T20:40:00+00:00,202.57000000000008,203.0600000000001,202.4500000000001,202.97000000000008,958
2026-03-04T20:45:00+00:00,202.97000000000008,203.1800000000001,202.7700000000001,202.9600000000001,1041
2026-03-04T20:50:00+00:00,202.9600000000001,203.35000000000008,202.2400000000001,203.2800000000001,1143
2026-03-04T20:55:00+00:00,203.2800000000001,203.66000000000008,203.00000000000009,203.66000000000008,1760
2026-03-05T14:30:00+00:00,203.66000000000008,203.8600000000001,198.8600000000001,203.2400000000001,990
2026-03-05T14:35:00+00:00,203.2400000000001,203.32000000000008,201.4500000000001,201.9900000000001,1150
2026-03-05T14:40:00+00:00,201.9900000000001,202.25000000000009,201.1200000000001,201.73000000000008,1157
2026-03-05T14:45:00+00:00,201.73000000000008,204.1800000000001,201.4200000000001,203.57000000000008,1134
2026-03-05T14:50:00+00:00,203.57000000000008,205.1200000000001,203.4600000000001,204.25000000000009,1171
2026-03-05T14:55:00+00:00,204.25000000000009,204.8100000000001,203.0200000000001,203.1400000000001,1095
2026-03-05T15:00:00+00:00,203.1400000000001,203.94000000000008,202.94000000000008,203.13000000000008,1214
2026-03-05T15:05:00+00:00,203.13000000000008,203.57000000000008,202.8000000000001,203.4900000000001,1229
2026-03-05T15:10:00+00:00,203.4900000000001,204.44000000000008,203.4000000000001,204.19000000000008,1029
2026-03-05T15:15:00+00:00,204.19000000000008,204.35000000000008,203.44000000000008,203.6100000000001,852
2026-03-05T15:20:00+00:00,203.6100000000001,203.76000000000008,202.54000000000008,202.5600000000001,1086
2026-03-05T15:25:00+00:00,202.5600000000001,202.60000000000008,201.85000000000008,201.98000000000008,1084
2026-03-05T15:30:00+00:00,201.98000000000008,202.0600000000001,200.9300000000001,201.69000000000008,1578
2026-03-05T15:35:00+00:00,201.69000000000008,202.6400000000001,201.66000000000008,202.3100000000001,1469
2026-03-05T15:40:00+00:00,202.3100000000001,202.91000000000008,202.2800000000001,202.4900000000001,1306
2026-03-05T15:45:00+00:00,202.4900000000001,203.2400000000001,202.4500000000001,202.9900000000001,1212
2026-03-05T15:50:00+00:00,202.9900000000001,203.9000000000001,202.85000000000008,203.72000000000008,1201
2026-03-05T15:55:00+00:00,203.72000000000008,204.1200000000001,203.4500000000001,203.76000000000008,1239
2026-03-05T16:00:00+00:00,203.76000000000008,203.9500000000001,203.3300000000001,203.48000000000008,1244
2026-03-05T16:05:00+00:00,203.48000000000008,203.8300000000001,202.97000000000008,202.98000000000008,1084
2026-03-05T16:10:00+00:00,202.98000000000008,203.69000000000008,202.5300000000001,202.9300000000001,1224
2026-03-05T16:15:00+00:00,202.9300000000001,203.26000000000008,202.1400000000001,202.1400000000001,1051
2026-03-05T16:20:00+00:00,202.1400000000001,203.4600000000001,202.1400000000001,202.66000000000008,1234
2026-03-05T16:25:00+00:00,202.66000000000008,202.8300000000001,202.1700000000001,202.23000000000008,970
2026-03-05T16:30:00+00:00,202.23000000000008,203.2800000000001,202.23000000000008,203.10000000000008,1090
2026-03-05T16:35:00+00:00,203.10000000000008,203.44000000000008,202.50000000000009,203.4200000000001,892
2026-03-05T16:40:00+00:00,203.4200000000001,203.63000000000008,202.8600000000001,203.1500000000001,959
2026-03-05T16:45:00+00:00,203.1500000000001,203.6700000000001,203.0600000000001,203.13000000000008,1025
2026-03-05T16:50:00+00:00,203.13000000000008,203.3300000000001,202.9500000000001,203.10000000000008,852
2026-03-05T16:55:00+00:00,203.10000000000008,203.3100000000001,202.6700000000001,202.8300000000001,711
2026-03-05T17:00:00+00:00,202.8300000000001,203.8000000000001,202.69000000000008,203.75000000000009,862
2026-03-05T17:05:00+00:00,203.75000000000009,204.13000000000008,203.0300000000001,203.0300000000001,1092
2026-03-05T17:10:00+00:00,203.0300000000001,203.0300000000001,202.2400000000001,202.63000000000008,1017
2026-03-05T17:15:00+00:00,202.63000000000008,202.66000000000008,201.26000000000008,201.4000000000001,920
2026-03-05T17:20:00+00:00,201.4000000000001,202.13000000000008,201.29000000000008,202.04000000000008,1300
2026-03-05T17:25:00+00:00,202.04000000000008,202.1800000000001,200.73000000000008,200.73000000000008,1418
2026-03-05T17:30:00+00:00,200.73000000000008,200.97000000000008,199.0200000000001,199.1200000000001,1448
2026-03-05T17:35:00+00:00,199.1200000000001,199.8400000000001,198.9300000000001,199.2100000000001,1708
2026-03-05T17:40:00+00:00,199.2100000000001,199.23000000000008,198.2000000000001,198.38000000000008,1520
2026-03-05T17:45:00+00:00,198.38000000000008,198.3900000000001,197.1700000000001,197.23000000000008,1303
2026-03-05T17:50:00+00:00,197.23000000000008,197.2800000000001,196.3100000000001,196.85000000000008,1666
2026-03-05T17:55:00+00:00,196.85000000000008,197.1700000000001,196.51000000000008,196.73000000000008,1333
2026-03-05T18:00:00+00:00,196.73000000000008,197.6400000000001,196.7100000000001,197.5500000000001,1264
2026-03-05T18:05:00+00:00,197.5500000000001,198.07000000000008,197.23000000000008,197.48000000000008,1182
2026-03-05T18:10:00+00:00,197.48000000000008,197.8600000000001,197.25000000000009,197.6200000000001,1065
2026-03-05T18:15:00+00:00,197.6200000000001,198.0900000000001,197.04000000000008,197.04000000000008,924
2026-03-05T18:20:00+00:00,197.04000000000008,197.5900000000001,196.88000000000008,197.25000000000009,1163
2026-03-05T18:25:00+00:00,197.25000000000009,197.50000000000009,196.9600000000001,197.1200000000001,945
2026-03-05T18:30:00+00:00,197.1200000000001,197.5900000000001,196.88000000000008,197.2100000000001,1127
2026-03-05T18:35:00+00:00,197.2100000000001,198.1700000000001,197.1500000000001,197.73000000000008,1121
2026-03-05T18:40:00+00:00,197.73000000000008,198.47000000000008,197.6100000000001,198.1400000000001,1054
2026-03-05T18:45:00+00:00,198.1400000000001,198.47000000000008,197.7000000000001,197.8600000000001,1002
2026-03-05T18:50:00+00:00,197.8600000000001,198.0200000000001,197.54000000000008,197.60000000000008,976
2026-03-05T18:55:00+00:00,197.60000000000008,198.50000000000009,197.5800000000001,198.2400000000001,1063
2026-03-05T19:00:00+00:00,198.2400000000001,198.6400000000001,198.1100000000001,198.23000000000008,1100
2026-03-05T19:05:00+00:00,198.23000000000008,198.6700000000001,197.9200000000001,197.9600000000001,878
2026-03-05T19:10:00+00:00,197.9600000000001,198.13000000000008,197.72000000000008,198.07000000000008,1025
2026-03-05T19:15:00+00:00,198.07000000000008,198.2400000000001,197.79000000000008,198.2000000000001,885
2026-03-05T19:20:00+00:00,198.2000000000001,198.44000000000008,197.6800000000001,197.8600000000001,910
2026-03-05T19:25:00+00:00,197.8600000000001,197.9000000000001,196.75000000000009,197.1100000000001,1329
2026-03-05T19:30:00+00:00,197.1100000000001,197.1400000000001,196.51000000000008,196.5900000000001,1230
2026-03-05T19:35:00+00:00,196.5900000000001,197.23000000000008,196.4200000000001,197.1500000000001,1815
2026-03-05T19:40:00+00:00,197.1500000000001,197.32000000000008,196.9300000000001,197.0300000000001,1893
2026-03-05T19:45:00+00:00,197.0300000000001,197.16000000000008,196.7400000000001,197.01000000000008,1802
2026-03-05T19:50:00+00:00,197.01000000000008,197.35000000000008,196.9000000000001,197.04000000000008,1679
2026-03-05T19:55:00+00:00,197.04000000000008,198.0300000000001,196.9300000000001,197.8300000000001,1742
2026-03-05T20:00:00+00:00,197.8300000000001,198.1700000000001,197.1700000000001,198.01000000000008,2077
2026-03-05T20:05:00+00:00,198.01000000000008,198.1700000000001,197.2800000000001,198.0300000000001,1888
2026-03-05T20:10:00+00:00,198.0300000000001,198.9200000000001,198.0200000000001,198.7000000000001,1702
2026-03-05T20:15:00+00:00,198.7000000000001,198.9900000000001,198.26000000000008,198.7400000000001,1615
2026-03-05T20:20:00+00:00,198.7400000000001,199.0800000000001,198.4300000000001,199.0300000000001,1159
2026-03-05T20:25:00+00:00,199.0300000000001,199.4900000000001,198.9500000000001,198.9900000000001,1662
2026-03-05T20:30:00+00:00,198.9900000000001,199.9900000000001,198.7700000000001,199.7800000000001,1372
2026-03-05T20:35:00+00:00,199.7800000000001,200.3400000000001,199.7700000000001,200.00000000000009,1298
2026-03-05T20:40:00+00:00,200.00000000000009,200.0300000000001,199.54000000000008,199.8900000000001,1524
2026-03-05T20:45:00+00:00,199.8900000000001,200.16000000000008,199.48000000000008,200.16000000000008,1619
2026-03-05T20:50:00+00:00,200.16000000000008,200.57000000000008,199.9300000000001,200.19000000000008,1129
2026-03-05T20:55:00+00:00,200.19000000000008,201.07000000000008,199.9000000000001,200.9300000000001,1559
2026-03-06T14:30:00+00:00,200.9300000000001,200.9300000000001,196.3400000000001,198.9200000000001,828
2026-03-06T14:35:00+00:00,198.9200000000001,199.1500000000001,197.35000000000008,198.47000000000008,963
2026-03-06T14:40:00+00:00,198.47000000000008,198.82000000000008,197.51000000000008,197.7000000000001,903
2026-03-06T14:45:00+00:00,197.7000000000001,198.54000000000008,197.2800000000001,197.4500000000001,1007
2026-03-06T14:50:00+00:00,197.4500000000001,198.69000000000008,197.44000000000008,198.4600000000001,1150
2026-03-06T14:55:00+00:00,198.4600000000001,198.4600000000001,197.3000000000001,197.9000000000001,945
2026-03-06T15:00:00+00:00,197.9000000000001,199.2700000000001,197.6500000000001,199.13000000000008,1139
2026-03-06T15:05:00+00:00,199.13000000000008,199.7800000000001,198.44000000000008,198.4900000000001,1126
2026-03-06T15:10:00+00:00,198.4900000000001,199.94000000000008,198.3700000000001,199.75000000000009,1085
2026-03-06T15:15:00+00:00,199.75000000000009,200.2800000000001,199.4300000000001,199.7400000000001,1019
2026-03-06T15:20:00+00:00,199.7400000000001,199.9600000000001,198.98000000000008,199.5600000000001,938
2026-03-06T15:25:00+00:00,199.5600000000001,199.7800000000001,199.2400000000001,199.57000000000008,836
2026-03-06T15:30:00+00:00,199.57000000000008,199.82000000000008,199.13000000000008,199.3600000000001,836
2026-03-06T15:35:00+00:00,199.3600000000001,200.1700000000001,199.23000000000008,199.6200000000001,1051
2026-03-06T15:40:00+00:00,199.6200000000001,199.6400000000001,198.8300000000001,199.19000000000008,1258
2026-03-06T15:45:00+00:00,199.19000000000008,199.32000000000008,198.7400000000001,198.8900000000001,1153
2026-03-06T15:50:00+00:00,198.8900000000001,199.1500000000001,198.48000000000008,199.1500000000001,1266
2026-03-06T15:55:00+00:00,199.1500000000001,200.60000000000008,199.1100000000001,200.26000000000008,1500
2026-03-06T16:00:00+00:00,200.26000000000008,200.7700000000001,200.1200000000001,200.5800000000001,1593
2026-03-06T16:05:00+00:00,200.5800000000001,200.8300000000001,199.8400000000001,199.9900000000001,1435
2026-03-06T16:10:00+00:00,199.9900000000001,200.07000000000008,199.3300000000001,199.41000000000008,1259
2026-03-06T16:15:00+00:00,199.41000000000008,199.9000000000001,199.13000000000008,199.69000000000008,1354
2026-03-06T16:20:00+00:00,199.69000000000008,200.07000000000008,199.2800000000001,200.01000000000008,1023
2026-03-06T16:25:00+00:00,200.01000000000008,200.2100000000001,199.7400000000001,200.0600000000001,995
2026-03-06T16:30:00+00:00,200.0600000000001,200.3300000000001,199.6500000000001,199.79000000000008,1145
2026-03-06T16:35:00+00:00,199.79000000000008,201.00000000000009,199.7800000000001,200.7800000000001,1224
2026-03-06T16:40:00+00:00,200.7800000000001,201.3700000000001,200.6800000000001,201.1400000000001,1284
2026-03-06T16:45:00+00:00,201.1400000000001,201.54000000000008,200.7800000000001,201.0500000000001,1280
2026-03-06T16:50:00+00:00,201.0500000000001,201.4600000000001,200.72000000000008,200.7800000000001,1162
2026-03-06T16:55:00+00:00,200.7800000000001,201.4200000000001,200.5800000000001,201.29000000000008,1217
2026-03-06T17:00:00+00:00,201.29000000000008,201.60000000000008,201.01000000000008,201.2400000000001,1380
2026-03-06T17:05:00+00:00,201.2400000000001,201.3000000000001,200.54000000000008,200.7400000000001,1067
2026-03-06T17:10:00+00:00,200.7400000000001,200.9000000000001,200.32000000000008,200.4900000000001,994
2026-03-06T17:15:00+00:00,200.4900000000001,200.57000000000008,199.98000000000008,200.29000000000008,907
2026-03-06T17:20:00+00:00,200.29000000000008,200.4000000000001,199.8900000000001,199.94000000000008,955
2026-03-06T17:25:00+00:00,199.94000000000008,200.0200000000001,199.35000000000008,199.60000000000008,1002
2026-03-06T17:30:00+00:00,199.60000000000008,199.6700000000001,199.25000000000009,199.4900000000001,931
2026-03-06T17:35:00+00:00,199.4900000000001,199.5600000000001,198.8400000000001,199.01000000000008,934
2026-03-06T17:40:00+00:00,199.01000000000008,199.1200000000001,198.6200000000001,198.9000000000001,1039
2026-03-06T17:45:00+00:00,198.9000000000001,199.2000000000001,198.8300000000001,199.16000000000008,1022
2026-03-06T17:50:00+00:00,199.16000000000008,199.3900000000001,198.7700000000001,198.8900000000001,1153
2026-03-06T17:55:00+00:00,198.8900000000001,199.0600000000001,198.6700000000001,198.7700000000001,1055
2026-03-06T18:00:00+00:00,198.7700000000001,199.04000000000008,198.5300000000001,198.97000000000008,1218
2026-03-06T18:05:00+00:00,198.97000000000008,199.5500000000001,198.8900000000001,199.3300000000001,1076
2026-03-06T18:10:00+00:00,199.3300000000001,200.23000000000008,199.22000000000008,200.1500000000001,1109
2026-03-06T18:15:00+00:00,200.1500000000001,200.54000000000008,200.04000000000008,200.2100000000001,951
2026-03-06T18:20:00+00:00,200.2100000000001,200.25000000000009,199.6200000000001,199.8900000000001,983
2026-03-06T18:25:00+00:00,199.8900000000001,199.9200000000001,199.23000000000008,199.35000000000008,855
2026-03-06T18:30:00+00:00,199.35000000000008,199.6100000000001,198.8300000000001,199.3000000000001,1031
2026-03-06T18:35:00+00:00,199.3000000000001,199.3000000000001,198.6400000000001,198.8400000000001,998
2026-03-06T18:40:00+00:00,198.8400000000001,199.19000000000008,198.6800000000001,199.0200000000001,1009
2026-03-06T18:45:00+00:00,199.0200000000001,199.07000000000008,198.6100000000001,198.9300000000001,949
2026-03-06T18:50:00+00:00,198.9300000000001,198.9300000000001,198.3300000000001,198.4900000000001,1203
2026-03-06T18:55:00+00:00,198.4900000000001,198.6100000000001,198.00000000000009,198.0500000000001,1266
2026-03-06T19:00:00+00:00,198.0500000000001,198.1500000000001,197.7100000000001,197.72000000000008,1043
2026-03-06T19:05:00+00:00,197.72000000000008,198.04000000000008,197.57000000000008,197.88000000000008,1328
2026-03-06T19:10:00+00:00,197.88000000000008,198.3400000000001,197.88000000000008,198.2100000000001,1469
2026-03-06T19:15:00+00:00,198.2100000000001,198.22000000000008,197.73000000000008,197.8600000000001,1440
2026-03-06T19:20:00+00:00,197.8600000000001,197.9200000000001,197.25000000000009,197.3600000000001,1569
2026-03-06T19:25:00+00:00,197.3600000000001,197.98000000000008,197.2700000000001,197.94000000000008,1598
2026-03-06T19:30:00+00:00,197.94000000000008,198.2000000000001,197.8400000000001,197.98000000000008,1535
2026-03-06T19:35:00+00:00,197.98000000000008,198.0600000000001,197.32000000000008,197.5800000000001,1200
2026-03-06T19:40:00+00:00,197.5800000000001,198.0900000000001,197.4600000000001,197.48000000000008,1305
2026-03-06T19:45:00+00:00,197.48000000000008,197.5500000000001,197.23000000000008,197.3300000000001,991
2026-03-06T19:50:00+00:00,197.3300000000001,197.5900000000001,197.16000000000008,197.4200000000001,1269
2026-03-06T19:55:00+00:00,197.4200000000001,197.57000000000008,197.22000000000008,197.5300000000001,1131
2026-03-06T20:00:00+00:00,197.5300000000001,198.0200000000001,197.4600000000001,197.69000000000008,1542
2026-03-06T20:05:00+00:00,197.69000000000008,197.7100000000001,196.72000000000008,196.73000000000008,1314
2026-03-06T20:10:00+00:00,196.73000000000008,196.8300000000001,195.3100000000001,195.50000000000009,2112
2026-03-06T20:15:00+00:00,195.50000000000009,195.8000000000001,195.10000000000008,195.32000000000008,2172
2026-03-06T20:20:00+00:00,195.32000000000008,195.35000000000008,194.0200000000001,194.0300000000001,1962
2026-03-06T20:25:00+00:00,194.0300000000001,194.1100000000001,193.4200000000001,193.51000000000008,2064
2026-03-06T20:30:00+00:00,193.51000000000008,193.72000000000008,193.19000000000008,193.25000000000009,2400
2026-03-06T20:35:00+00:00,193.25000000000009,193.32000000000008,192.6700000000001,193.2400000000001,2429
2026-03-06T20:40:00+00:00,193.2400000000001,194.9300000000001,192.85000000000008,194.69000000000008,2653
2026-03-06T20:45:00+00:00,194.69000000000008,195.1800000000001,194.6100000000001,194.9600000000001,2169
2026-03-06T20:50:00+00:00,194.9600000000001,195.00000000000009,194.04000000000008,194.19000000000008,1171
2026-03-06T20:55:00+00:00,194.19000000000008,194.19000000000008,193.41000000000008,193.8100000000001,1831
2026-03-09T13:30:00+00:00,193.8100000000001,193.8100000000001,190.44000000000008,193.01000000000008,1288
2026-03-09T13:35:00+00:00,193.01000000000008,193.4900000000001,191.79000000000008,192.2700000000001,1393
2026-03-09T13:40:00+00:00,192.2700000000001,192.5500000000001,191.5500000000001,192.0600000000001,1328
2026-03-09T13:45:00+00:00,192.0600000000001,193.3100000000001,191.75000000000009,192.6200000000001,1610
2026-03-09T13:50:00+00:00,192.6200000000001,192.7000000000001,191.1700000000001,191.66000000000008,1311
2026-03-09T13:55:00+00:00,191.66000000000008,192.63000000000008,191.2400000000001,192.0600000000001,1456
2026-03-09T14:00:00+00:00,192.0600000000001,194.6400000000001,191.9200000000001,194.48000000000008,1508
2026-03-09T14:05:00+00:00,194.48000000000008,194.5800000000001,192.98000000000008,193.3000000000001,1675
2026-03-09T14:10:00+00:00,193.3000000000001,193.3100000000001,191.6500000000001,192.48000000000008,1186
2026-03-09T14:15:00+00:00,192.48000000000008,194.0600000000001,192.4200000000001,193.8300000000001,1305
2026-03-09T14:20:00+00:00,193.8300000000001,194.73000000000008,192.9500000000001,194.5300000000001,1487
2026-03-09T14:25:00+00:00,194.5300000000001,194.7700000000001,193.1700000000001,193.2700000000001,1540
2026-03-09T14:30:00+00:00,193.2700000000001,194.10000000000008,193.2400000000001,193.2800000000001,963
2026-03-09T14:35:00+00:00,193.2800000000001,194.7400000000001,193.1500000000001,194.3300000000001,1089
2026-03-09T14:40:00+00:00,194.3300000000001,195.26000000000008,193.9500000000001,195.25000000000009,1272
2026-03-09T14:45:00+00:00,195.25000000000009,195.4500000000001,194.8100000000001,195.1500000000001,1214
2026-03-09T14:50:00+00:00,195.1500000000001,195.4900000000001,194.63000000000008,194.9200000000001,1198
2026-03-09T14:55:00+00:00,194.9200000000001,195.1200000000001,194.4300000000001,194.8400000000001,1318
2026-03-09T15:00:00+00:00,194.8400000000001,195.3000000000001,194.82000000000008,195.10000000000008,1226
2026-03-09T15:05:00+00:00,195.10000000000008,195.9000000000001,194.8400000000001,195.6500000000001,1274
2026-03-09T15:10:00+00:00,195.6500000000001,196.07000000000008,195.44000000000008,195.8600000000001,1461
2026-03-09T15:15:00+00:00,195.8600000000001,196.3000000000001,195.48000000000008,196.29000000000008,1352
2026-03-09T15:20:00+00:00,196.29000000000008,197.1100000000001,196.16000000000008,197.00000000000009,1798
2026-03-09T15:25:00+00:00,197.00000000000009,197.44000000000008,196.8300000000001,197.0900000000001,1597
2026-03-09T15:30:00+00:00,197.0900000000001,197.2400000000001,196.07000000000008,196.23000000000008,1451
2026-03-09T15:35:00+00:00,196.23000000000008,196.35000000000008,195.8300000000001,196.0600000000001,1245
2026-03-09T15:40:00+00:00,196.0600000000001,196.5500000000001,195.8700000000001,196.3700000000001,1079
2026-03-09T15:45:00+00:00,196.3700000000001,196.57000000000008,196.1200000000001,196.32000000000008,1020
2026-03-09T15:50:00+00:00,196.32000000000008,197.5900000000001,196.1100000000001,197.5200000000001,1004
2026-03-09T15:55:00+00:00,197.5200000000001,197.85000000000008,197.4000000000001,197.50000000000009,1141
2026-03-09T16:00:00+00:00,197.50000000000009,197.7700000000001,197.35000000000008,197.76000000000008,1297
2026-03-09T16:05:00+00:00,197.76000000000008,198.23000000000008,197.5800000000001,197.7100000000001,1268
2026-03-09T16:10:00+00:00,197.7100000000001,197.82000000000008,197.38000000000008,197.75000000000009,1072
2026-03-09T16:15:00+00:00,197.75000000000009,197.98000000000008,197.47000000000008,197.5600000000001,1061
2026-03-09T16:20:00+00:00,197.5600000000001,197.82000000000008,197.3400000000001,197.7000000000001,1313
2026-03-09T16:25:00+00:00,197.7000000000001,198.54000000000008,197.6100000000001,198.2000000000001,1232
2026-03-09T16:30:00+00:00,198.2000000000001,198.54000000000008,197.8300000000001,198.4600000000001,1295
2026-03-09T16:35:00+00:00,198.4600000000001,198.9200000000001,198.3300000000001,198.8100000000001,1091
2026-03-09T16:40:00+00:00,198.8100000000001,199.25000000000009,198.7400000000001,199.1700000000001,1025
2026-03-09T16:45:00+00:00,199.1700000000001,199.32000000000008,198.82000000000008,199.1100000000001,1046
2026-03-09T16:50:00+00:00,199.1100000000001,199.1100000000001,198.6100000000001,198.63000000000008,1097
2026-03-09T16:55:00+00:00,198.63000000000008,198.69000000000008,198.4200000000001,198.48000000000008,1135
2026-03-09T17:00:00+00:00,198.48000000000008,198.60000000000008,198.0500000000001,198.23000000000008,1077
2026-03-09T17:05:00+00:00,198.23000000000008,198.2400000000001,197.72000000000008,198.13000000000008,1082
2026-03-09T17:10:00+00:00,198.13000000000008,198.32000000000008,197.8300000000001,197.97000000000008,1001
2026-03-09T17:15:00+00:00,197.97000000000008,198.0500000000001,197.6400000000001,197.82000000000008,838
2026-03-09T17:20:00+00:00,197.82000000000008,197.8600000000001,197.38000000000008,197.69000000000008,1146
2026-03-09T17:25:00+00:00,197.69000000000008,197.91000000000008,197.5200000000001,197.85000000000008,1159
2026-03-09T17:30:00+00:00,197.85000000000008,198.07000000000008,197.7000000000001,197.88000000000008,1281
2026-03-09T17:35:00+00:00,197.88000000000008,198.01000000000008,197.63000000000008,197.9000000000001,920
2026-03-09T17:40:00+00:00,197.9000000000001,197.9900000000001,197.0800000000001,197.2700000000001,1010
2026-03-09T17:45:00+00:00,197.2700000000001,198.0200000000001,197.22000000000008,197.75000000000009,982
2026-03-09T17:50:00+00:00,197.75000000000009,198.0500000000001,197.48000000000008,198.01000000000008,787
2026-03-09T17:55:00+00:00,198.01000000000008,198.0600000000001,197.73000000000008,197.8600000000001,784
2026-03-09T18:00:00+00:00,197.8600000000001,198.1500000000001,197.73000000000008,197.7700000000001,794
2026-03-09T18:05:00+00:00,197.7700000000001,198.1500000000001,197.75000000000009,197.98000000000008,786
2026-03-09T18:10:00+00:00,197.98000000000008,198.7700000000001,197.97000000000008,198.5600000000001,807
2026-03-09T18:15:00+00:00,198.5600000000001,199.1400000000001,198.47000000000008,198.79000000000008,956
2026-03-09T18:20:00+00:00,198.79000000000008,198.91000000000008,198.23000000000008,198.85000000000008,1226
2026-03-09T18:25:00+00:00,198.85000000000008,198.8900000000001,198.4600000000001,198.6100000000001,900
2026-03-09T18:30:00+00:00,198.6100000000001,199.25000000000009,198.50000000000009,199.1800000000001,1003
2026-03-09T18:35:00+00:00,199.1800000000001,199.6400000000001,199.00000000000009,199.23000000000008,1119
2026-03-09T18:40:00+00:00,199.23000000000008,199.3100000000001,198.79000000000008,198.85000000000008,902
2026-03-09T18:45:00+00:00,198.85000000000008,199.22000000000008,198.82000000000008,198.9900000000001,806
2026-03-09T18:50:00+00:00,198.9900000000001,199.3100000000001,198.8300000000001,199.00000000000009,802
2026-03-09T18:55:00+00:00,199.00000000000009,199.0500000000001,198.4500000000001,198.6400000000001,1097
2026-03-09T19:00:00+00:00,198.6400000000001,199.00000000000009,198.5200000000001,198.85000000000008,932
2026-03-09T19:05:00+00:00,198.85000000000008,199.1400000000001,198.66000000000008,199.0600000000001,960
2026-03-09T19:10:00+00:00,199.0600000000001,199.23000000000008,198.85000000000008,198.9300000000001,1089
2026-03-09T19:15:00+00:00,198.9300000000001,200.7400000000001,198.8700000000001,200.5900000000001,1485
2026-03-09T19:20:00+00:00,200.5900000000001,202.25000000000009,200.1100000000001,202.25000000000009,1370
2026-03-09T19:25:00+00:00,202.25000000000009,203.6200000000001,202.0200000000001,203.48000000000008,801
2026-03-09T19:30:00+00:00,203.48000000000008,204.26000000000008,202.5900000000001,204.01000000000008,906
2026-03-09T19:35:00+00:00,204.01000000000008,204.3300000000001,203.47000000000008,204.26000000000008,1625
2026-03-09T19:40:00+00:00,204.26000000000008,204.26000000000008,202.76000000000008,203.4000000000001,1282
2026-03-09T19:45:00+00:00,203.4000000000001,203.9500000000001,203.13000000000008,203.7100000000001,642
2026-03-09T19:50:00+00:00,203.7100000000001,203.7100000000001,202.23000000000008,202.7100000000001,906
2026-03-09T19:55:00+00:00,202.7100000000001,204.23000000000008,202.5800000000001,204.23000000000008,1490
2026-03-10T13:30:00+00:00,204.23000000000008,206.44000000000008,203.94000000000008,205.9500000000001,1138
2026-03-10T13:35:00+00:00,205.9500000000001,206.8100000000001,204.72000000000008,206.32000000000008,1381
2026-03-10T13:40:00+00:00,206.32000000000008,207.94000000000008,205.9900000000001,207.8100000000001,1579
2026-03-10T13:45:00+00:00,207.8100000000001,207.8100000000001,205.4300000000001,206.66000000000008,1386
2026-03-10T13:50:00+00:00,206.66000000000008,207.0800000000001,205.9200000000001,205.9500000000001,1149
2026-03-10T13:55:00+00:00,205.9500000000001,205.9900000000001,205.2400000000001,205.57000000000008,1093
2026-03-10T14:00:00+00:00,205.57000000000008,205.57000000000008,204.76000000000008,205.2100000000001,1094
2026-03-10T14:05:00+00:00,205.2100000000001,205.3900000000001,203.91000000000008,203.9500000000001,1101
2026-03-10T14:10:00+00:00,203.9500000000001,204.6500000000001,203.9200000000001,204.2700000000001,1369
2026-03-10T14:15:00+00:00,204.2700000000001,204.41000000000008,203.60000000000008,204.29000000000008,1572
2026-03-10T14:20:00+00:00,204.29000000000008,204.76000000000008,204.0200000000001,204.6800000000001,1161
2026-03-10T14:25:00+00:00,204.6800000000001,205.2100000000001,204.2800000000001,204.5500000000001,1251
2026-03-10T14:30:00+00:00,204.5500000000001,205.4600000000001,204.5500000000001,205.41000000000008,1019
2026-03-10T14:35:00+00:00,205.41000000000008,205.9000000000001,205.3900000000001,205.9000000000001,975
2026-03-10T14:40:00+00:00,205.9000000000001,205.94000000000008,205.3600000000001,205.3700000000001,945
2026-03-10T14:45:00+00:00,205.3700000000001,205.6100000000001,204.88000000000008,205.6100000000001,984
2026-03-10T14:50:00+00:00,205.6100000000001,206.19000000000008,205.5600000000001,206.0300000000001,835
2026-03-10T14:55:00+00:00,206.0300000000001,206.4900000000001,205.8900000000001,206.23000000000008,837
2026-03-10T15:00:00+00:00,206.23000000000008,207.8300000000001,206.1500000000001,206.57000000000008,1224
2026-03-10T15:05:00+00:00,206.57000000000008,206.94000000000008,206.2400000000001,206.2700000000001,1264
2026-03-10T15:10:00+00:00,206.2700000000001,206.9900000000001,206.2400000000001,206.5300000000001,1033
2026-03-10T15:15:00+00:00,206.5300000000001,206.6500000000001,206.2400000000001,206.44000000000008,1097
2026-03-10T15:20:00+00:00,206.44000000000008,206.7000000000001,206.2700000000001,206.50000000000009,1076
2026-03-10T15:25:00+00:00,206.50000000000009,207.0800000000001,206.1500000000001,206.25000000000009,1019
2026-03-10T15:30:00+00:00,206.25000000000009,206.38000000000008,205.6400000000001,205.8000000000001,1008
2026-03-10T15:35:00+00:00,205.8000000000001,206.3100000000001,205.6700000000001,205.9300000000001,853
2026-03-10T15:40:00+00:00,205.9300000000001,206.2800000000001,205.57000000000008,205.88000000000008,900
2026-03-10T15:45:00+00:00,205.88000000000008,206.23000000000008,205.73000000000008,205.7700000000001,1007
2026-03-10T15:50:00+00:00,205.7700000000001,206.10000000000008,205.6100000000001,205.75000000000009,706
2026-03-10T15:55:00+00:00,205.75000000000009,206.25000000000009,205.75000000000009,206.0800000000001,722
2026-03-10T16:00:00+00:00,206.0800000000001,206.0900000000001,205.2800000000001,205.3000000000001,895
2026-03-10T16:05:00+00:00,205.3000000000001,205.44000000000008,204.63000000000008,205.3900000000001,1067
2026-03-10T16:10:00+00:00,205.3900000000001,205.73000000000008,205.22000000000008,205.50000000000009,1167
2026-03-10T16:15:00+00:00,205.50000000000009,205.8000000000001,205.22000000000008,205.4900000000001,980
2026-03-10T16:20:00+00:00,205.4900000000001,205.91000000000008,205.2800000000001,205.6500000000001,871
2026-03-10T16:25:00+00:00,205.6500000000001,206.1700000000001,205.44000000000008,205.50000000000009,860
2026-03-10T16:30:00+00:00,205.50000000000009,205.76000000000008,205.4200000000001,205.7400000000001,881
2026-03-10T16:35:00+00:00,205.7400000000001,206.0600000000001,205.6200000000001,205.9000000000001,775
2026-03-10T16:40:00+00:00,205.9000000000001,206.22000000000008,205.7700000000001,206.19000000000008,623
2026-03-10T16:45:00+00:00,206.19000000000008,206.2100000000001,205.63000000000008,205.73000000000008,790
2026-03-10T16:50:00+00:00,205.73000000000008,206.1200000000001,205.6100000000001,206.0600000000001,660
2026-03-10T16:55:00+00:00,206.0600000000001,206.54000000000008,205.9600000000001,206.3900000000001,692
2026-03-10T17:00:00+00:00,206.3900000000001,206.7800000000001,206.3100000000001,206.5300000000001,908
2026-03-10T17:05:00+00:00,206.5300000000001,206.7400000000001,206.4200000000001,206.5300000000001,1046
2026-03-10T17:10:00+00:00,206.5300000000001,206.6700000000001,206.3400000000001,206.5200000000001,1049
2026-03-10T17:15:00+00:00,206.5200000000001,206.9200000000001,206.4300000000001,206.8600000000001,1096
2026-03-10T17:20:00+00:00,206.8600000000001,207.04000000000008,206.69000000000008,207.01000000000008,1107
2026-03-10T17:25:00+00:00,207.01000000000008,207.4900000000001,206.98000000000008,207.3100000000001,895
2026-03-10T17:30:00+00:00,207.3100000000001,207.3100000000001,206.7100000000001,206.8000000000001,1388
2026-03-10T17:35:00+00:00,206.8000000000001,206.98000000000008,206.10000000000008,206.5800000000001,1645
2026-03-10T17:40:00+00:00,206.5800000000001,206.79000000000008,206.23000000000008,206.5200000000001,1332
2026-03-10T17:45:00+00:00,206.5200000000001,206.94000000000008,206.3000000000001,206.6700000000001,1021
2026-03-10T17:50:00+00:00,206.6700000000001,207.2400000000001,206.66000000000008,207.0900000000001,931
2026-03-10T17:55:00+00:00,207.0900000000001,207.3000000000001,206.72000000000008,207.0500000000001,827
2026-03-10T18:00:00+00:00,207.0500000000001,207.3700000000001,207.0200000000001,207.10000000000008,1004
2026-03-10T18:05:00+00:00,207.10000000000008,207.22000000000008,206.60000000000008,206.72000000000008,965
2026-03-10T18:10:00+00:00,206.72000000000008,207.0300000000001,205.4300000000001,205.44000000000008,1445
2026-03-10T18:15:00+00:00,205.44000000000008,206.01000000000008,204.9900000000001,205.22000000000008,665
2026-03-10T18:20:00+00:00,205.22000000000008,205.66000000000008,204.60000000000008,205.35000000000008,678
2026-03-10T18:25:00+00:00,205.35000000000008,206.1500000000001,205.35000000000008,205.4600000000001,1040
2026-03-10T18:30:00+00:00,205.4600000000001,206.0600000000001,205.1800000000001,206.00000000000009,976
2026-03-10T18:35:00+00:00,206.00000000000009,206.13000000000008,205.1700000000001,205.4500000000001,1122
2026-03-10T18:40:00+00:00,205.4500000000001,205.63000000000008,205.0900000000001,205.16000000000008,1016
2026-03-10T18:45:00+00:00,205.16000000000008,205.6800000000001,205.0900000000001,205.47000000000008,853
2026-03-10T18:50:00+00:00,205.47000000000008,206.00000000000009,205.2400000000001,205.57000000000008,1010
2026-03-10T18:55:00+00:00,205.57000000000008,205.69000000000008,204.9200000000001,204.9900000000001,1012
2026-03-10T19:00:00+00:00,204.9900000000001,205.3400000000001,204.7000000000001,204.9900000000001,1007
2026-03-10T19:05:00+00:00,204.9900000000001,205.66000000000008,204.73000000000008,205.50000000000009,919
2026-03-10T19:10:00+00:00,205.50000000000009,205.7100000000001,204.9200000000001,205.6800000000001,956
2026-03-10T19:15:00+00:00,205.6800000000001,206.1200000000001,205.6200000000001,205.9000000000001,1006
2026-03-10T19:20:00+00:00,205.9000000000001,206.00000000000009,205.29000000000008,205.8100000000001,1672
2026-03-10T19:25:00+00:00,205.8100000000001,205.8100000000001,205.00000000000009,205.0900000000001,1362
2026-03-10T19:30:00+00:00,205.0900000000001,205.0900000000001,204.6700000000001,204.73000000000008,1470
2026-03-10T19:35:00+00:00,204.73000000000008,205.04000000000008,204.3000000000001,204.9200000000001,1445
2026-03-10T19:40:00+00:00,204.9200000000001,205.32000000000008,204.6100000000001,204.73000000000008,1672
2026-03-10T19:45:00+00:00,204.73000000000008,204.8300000000001,203.7800000000001,204.10000000000008,1382
2026-03-10T19:50:00+00:00,204.10000000000008,204.41000000000008,203.72000000000008,204.3400000000001,928
2026-03-10T19:55:00+00:00,204.3400000000001,204.8000000000001,204.22000000000008,204.8000000000001,1542
2026-03-11T13:30:00+00:00,204.8000000000001,206.7300000000001,204.3700000000001,205.9800000000001,1140
2026-03-11T13:35:00+00:00,205.9800000000001,207.4100000000001,205.7700000000001,207.2400000000001,1196
2026-03-11T13:40:00+00:00,207.2400000000001,208.7900000000001,207.1500000000001,207.4500000000001,1390
2026-03-11T13:45:00+00:00,207.4500000000001,207.8200000000001,206.1900000000001,206.3500000000001,1338
2026-03-11T13:50:00+00:00,206.3500000000001,206.6800000000001,205.3400000000001,206.3100000000001,1692
2026-03-11T13:55:00+00:00,206.3100000000001,207.0300000000001,205.9300000000001,206.9500000000001,1478
2026-03-11T14:00:00+00:00,206.9500000000001,208.0300000000001,206.5100000000001,207.4000000000001,2317
2026-03-11T14:05:00+00:00,207.4000000000001,207.7000000000001,206.7300000000001,206.9200000000001,1628
2026-03-11T14:10:00+00:00,206.9200000000001,207.4500000000001,206.8500000000001,207.25000000000009,1330
2026-03-11T14:15:00+00:00,207.25000000000009,207.2900000000001,206.3600000000001,206.8400000000001,1230
2026-03-11T14:20:00+00:00,206.8400000000001,206.8600000000001,205.6300000000001,205.8200000000001,1155
2026-03-11T14:25:00+00:00,205.8200000000001,206.6900000000001,205.5700000000001,206.5700000000001,1354
2026-03-11T14:30:00+00:00,206.5700000000001,206.7700000000001,205.2400000000001,205.4100000000001,1144
2026-03-11T14:35:00+00:00,205.4100000000001,206.3600000000001,205.3900000000001,205.8500000000001,1187
2026-03-11T14:40:00+00:00,205.8500000000001,206.3900000000001,205.8000000000001,206.1200000000001,885
2026-03-11T14:45:00+00:00,206.1200000000001,206.3800000000001,205.75000000000009,206.1500000000001,836
2026-03-11T14:50:00+00:00,206.1500000000001,206.2400000000001,205.5900000000001,205.7200000000001,810
2026-03-11T14:55:00+00:00,205.7200000000001,206.1100000000001,205.3600000000001,205.7300000000001,966
2026-03-11T15:00:00+00:00,205.7300000000001,206.2200000000001,205.2100000000001,205.8400000000001,1182
2026-03-11T15:05:00+00:00,205.8400000000001,205.9300000000001,205.4900000000001,205.5700000000001,1214
2026-03-11T15:10:00+00:00,205.5700000000001,205.6200000000001,204.6400000000001,205.5600000000001,1407
2026-03-11T15:15:00+00:00,205.5600000000001,205.5600000000001,205.0100000000001,205.2200000000001,1317
2026-03-11T15:20:00+00:00,205.2200000000001,206.2300000000001,205.1300000000001,205.9700000000001,1420
2026-03-11T15:25:00+00:00,205.9700000000001,206.2400000000001,204.9700000000001,204.9900000000001,1232
2026-03-11T15:30:00+00:00,204.9900000000001,205.6900000000001,204.7800000000001,205.6100000000001,1455
2026-03-11T15:35:00+00:00,205.6100000000001,205.7000000000001,205.1500000000001,205.3600000000001,1241
2026-03-11T15:40:00+00:00,205.3600000000001,205.6200000000001,204.9700000000001,204.9700000000001,1218
2026-03-11T15:45:00+00:00,204.9700000000001,205.0600000000001,204.3900000000001,204.5800000000001,1046
2026-03-11T15:50:00+00:00,204.5800000000001,205.2600000000001,204.5800000000001,204.9300000000001,1011
2026-03-11T15:55:00+00:00,204.9300000000001,205.0300000000001,204.6200000000001,204.7600000000001,960
2026-03-11T16:00:00+00:00,204.7600000000001,204.8200000000001,204.3000000000001,204.50000000000009,915
2026-03-11T16:05:00+00:00,204.50000000000009,204.7400000000001,204.4000000000001,204.4700000000001,876
2026-03-11T16:10:00+00:00,204.4700000000001,204.6800000000001,204.0600000000001,204.5400000000001,1277
2026-03-11T16:15:00+00:00,204.5400000000001,204.6600000000001,204.1300000000001,204.1300000000001,1028
2026-03-11T16:20:00+00:00,204.1300000000001,204.8400000000001,204.1200000000001,204.4300000000001,1020
2026-03-11T16:25:00+00:00,204.4300000000001,204.5600000000001,203.9600000000001,204.3800000000001,1080
2026-03-11T16:30:00+00:00,204.3800000000001,205.1700000000001,204.3600000000001,205.1100000000001,1160
2026-03-11T16:35:00+00:00,205.1100000000001,205.1300000000001,204.50000000000009,204.6600000000001,984
2026-03-11T16:40:00+00:00,204.6600000000001,204.8100000000001,204.5200000000001,204.6200000000001,961
2026-03-11T16:45:00+00:00,204.6200000000001,204.7300000000001,204.0900000000001,204.1400000000001,961
2026-03-11T16:50:00+00:00,204.1400000000001,204.8000000000001,204.1300000000001,204.75000000000009,743
2026-03-11T16:55:00+00:00,204.75000000000009,204.8800000000001,204.4400000000001,204.7700000000001,741
2026-03-11T17:00:00+00:00,204.7700000000001,205.1200000000001,204.7300000000001,204.9300000000001,910
2026-03-11T17:05:00+00:00,204.9300000000001,205.1700000000001,204.8300000000001,205.0300000000001,837
2026-03-11T17:10:00+00:00,205.0300000000001,205.1200000000001,204.8400000000001,205.0100000000001,1104
2026-03-11T17:15:00+00:00,205.0100000000001,205.2800000000001,204.5500000000001,204.6400000000001,810
2026-03-11T17:20:00+00:00,204.6400000000001,205.1800000000001,204.6400000000001,205.1600000000001,954
2026-03-11T17:25:00+00:00,205.1600000000001,205.2600000000001,204.7900000000001,205.0400000000001,880
2026-03-11T17:30:00+00:00,205.0400000000001,205.1100000000001,204.6800000000001,204.7000000000001,894
2026-03-11T17:35:00+00:00,204.7000000000001,204.9000000000001,203.2900000000001,203.9700000000001,1728
2026-03-11T17:40:00+00:00,203.9700000000001,204.5500000000001,203.8000000000001,204.4500000000001,1783
2026-03-11T17:45:00+00:00,204.4500000000001,204.50000000000009,204.0100000000001,204.4700000000001,1249
2026-03-11T17:50:00+00:00,204.4700000000001,204.8000000000001,204.4200000000001,204.4700000000001,1074
2026-03-11T17:55:00+00:00,204.4700000000001,204.7100000000001,204.0600000000001,204.5600000000001,1142
2026-03-11T18:00:00+00:00,204.5600000000001,204.6400000000001,204.2900000000001,204.3900000000001,823
2026-03-11T18:05:00+00:00,204.3900000000001,204.4800000000001,203.9000000000001,203.9300000000001,888
2026-03-11T18:10:00+00:00,203.9300000000001,203.9300000000001,203.3900000000001,203.6400000000001,1083
2026-03-11T18:15:00+00:00,203.6400000000001,203.8300000000001,203.3900000000001,203.5500000000001,826
2026-03-11T18:20:00+00:00,203.5500000000001,203.8000000000001,203.4000000000001,203.6400000000001,823
2026-03-11T18:25:00+00:00,203.6400000000001,204.1400000000001,203.5400000000001,204.1100000000001,1097
2026-03-11T18:30:00+00:00,204.1100000000001,204.4200000000001,203.9900000000001,204.3500000000001,1054
2026-03-11T18:35:00+00:00,204.3500000000001,204.5800000000001,204.1100000000001,204.5400000000001,1255
2026-03-11T18:40:00+00:00,204.5400000000001,204.6300000000001,204.1700000000001,204.2700000000001,1143
2026-03-11T18:45:00+00:00,204.2700000000001,204.4600000000001,203.9900000000001,204.00000000000009,953
2026-03-11T18:50:00+00:00,204.00000000000009,204.5200000000001,203.9100000000001,204.4900000000001,1336
2026-03-11T18:55:00+00:00,204.4900000000001,204.7600000000001,204.2000000000001,204.4400000000001,1497
2026-03-11T19:00:00+00:00,204.4400000000001,204.5200000000001,203.7100000000001,204.0200000000001,1138
2026-03-11T19:05:00+00:00,204.0200000000001,204.1700000000001,203.8600000000001,204.0700000000001,1154
2026-03-11T19:10:00+00:00,204.0700000000001,204.2300000000001,203.5400000000001,203.5400000000001,1048
2026-03-11T19:15:00+00:00,203.5400000000001,204.3800000000001,203.4000000000001,204.3500000000001,1224
2026-03-11T19:20:00+00:00,204.3500000000001,204.3800000000001,203.7000000000001,204.00000000000009,1238
2026-03-11T19:25:00+00:00,204.00000000000009,204.2000000000001,203.7600000000001,203.8800000000001,1170
2026-03-11T19:30:00+00:00,203.8800000000001,204.2400000000001,203.6500000000001,204.1600000000001,1198
2026-03-11T19:35:00+00:00,204.1600000000001,204.4600000000001,204.0200000000001,204.4200000000001,1029
2026-03-11T19:40:00+00:00,204.4200000000001,204.7400000000001,204.25000000000009,204.6900000000001,1004
2026-03-11T19:45:00+00:00,204.6900000000001,204.7700000000001,204.4000000000001,204.6500000000001,1133
2026-03-11T19:50:00+00:00,204.6500000000001,204.7700000000001,204.50000000000009,204.7400000000001,657
2026-03-11T19:55:00+00:00,204.7400000000001,204.8600000000001,204.3800000000001,204.3800000000001,988
2026-03-12T13:30:00+00:00,204.3800000000001,204.3800000000001,200.2700000000001,202.6300000000001,1022
2026-03-12T13:35:00+00:00,202.6300000000001,203.2600000000001,202.00000000000009,202.0700000000001,1168
2026-03-12T13:40:00+00:00,202.0700000000001,202.0700000000001,200.3600000000001,200.8000000000001,1067
2026-03-12T13:45:00+00:00,200.8000000000001,200.8000000000001,199.1900000000001,199.4500000000001,1197
2026-03-12T13:50:00+00:00,199.4500000000001,200.0600000000001,198.1900000000001,198.2400000000001,1310
2026-03-12T13:55:00+00:00,198.2400000000001,198.4300000000001,197.7600000000001,198.2800000000001,1732
2026-03-12T14:00:00+00:00,198.2800000000001,199.9000000000001,198.2800000000001,199.6800000000001,1692
2026-03-12T14:05:00+00:00,199.6800000000001,200.00000000000009,199.1200000000001,199.3800000000001,1471
2026-03-12T14:10:00+00:00,199.3800000000001,199.9100000000001,199.0900000000001,199.8100000000001,1426
2026-03-12T14:15:00+00:00,199.8100000000001,199.9200000000001,199.0100000000001,199.0200000000001,1275
2026-03-12T14:20:00+00:00,199.0200000000001,199.1800000000001,198.0700000000001,198.3900000000001,1247
2026-03-12T14:25:00+00:00,198.3900000000001,198.6600000000001,198.00000000000009,198.0700000000001,1159
2026-03-12T14:30:00+00:00,198.0700000000001,198.2300000000001,197.7900000000001,198.0200000000001,984
2026-03-12T14:35:00+00:00,198.0200000000001,198.4100000000001,197.3900000000001,197.9700000000001,1395
2026-03-12T14:40:00+00:00,197.9700000000001,198.2400000000001,197.5400000000001,197.9100000000001,1162
2026-03-12T14:45:00+00:00,197.9100000000001,198.8300000000001,197.3000000000001,197.4800000000001,1705
2026-03-12T14:50:00+00:00,197.4800000000001,197.7100000000001,197.2300000000001,197.5200000000001,1313
2026-03-12T14:55:00+00:00,197.5200000000001,197.8000000000001,197.0200000000001,197.1000000000001,1233
2026-03-12T15:00:00+00:00,197.1000000000001,197.4300000000001,196.9600000000001,197.3000000000001,954
2026-03-12T15:05:00+00:00,197.3000000000001,197.4300000000001,196.7800000000001,196.9000000000001,1051
2026-03-12T15:10:00+00:00,196.9000000000001,196.9300000000001,196.3500000000001,196.9200000000001,1278
2026-03-12T15:15:00+00:00,196.9200000000001,196.9500000000001,196.6400000000001,196.7000000000001,1516
2026-03-12T15:20:00+00:00,196.7000000000001,197.1100000000001,196.5700000000001,197.0200000000001,1410
2026-03-12T15:25:00+00:00,197.0200000000001,197.7000000000001,196.9900000000001,197.3500000000001,1474
2026-03-12T15:30:00+00:00,197.3500000000001,197.6900000000001,197.1300000000001,197.2700000000001,1623
2026-03-12T15:35:00+00:00,197.2700000000001,198.6100000000001,196.9800000000001,198.5900000000001,1908
2026-03-12T15:40:00+00:00,198.5900000000001,198.6000000000001,197.8300000000001,198.4000000000001,2118
2026-03-12T15:45:00+00:00,198.4000000000001,198.7100000000001,197.6900000000001,197.8900000000001,1687
2026-03-12T15:50:00+00:00,197.8900000000001,198.1200000000001,197.5700000000001,198.0600000000001,1224
2026-03-12T15:55:00+00:00,198.0600000000001,198.0800000000001,197.6000000000001,197.8400000000001,1168
2026-03-12T16:00:00+00:00,197.8400000000001,199.0100000000001,197.7200000000001,198.9900000000001,1223
2026-03-12T16:05:00+00:00,198.9900000000001,199.1200000000001,197.7400000000001,198.0400000000001,1451
2026-03-12T16:10:00+00:00,198.0400000000001,199.0200000000001,198.00000000000009,198.9500000000001,1081
2026-03-12T16:15:00+00:00,198.9500000000001,199.6300000000001,198.9100000000001,199.0200000000001,1199
2026-03-12T16:20:00+00:00,199.0200000000001,199.6600000000001,198.9500000000001,199.0100000000001,1088
2026-03-12T16:25:00+00:00,199.0100000000001,199.0600000000001,198.2800000000001,198.3900000000001,990
2026-03-12T16:30:00+00:00,198.3900000000001,199.1700000000001,198.2900000000001,198.9600000000001,1090
2026-03-12T16:35:00+00:00,198.9600000000001,199.4100000000001,198.7900000000001,199.3200000000001,1086
2026-03-12T16:40:00+00:00,199.3200000000001,199.4200000000001,198.9700000000001,199.1200000000001,962
2026-03-12T16:45:00+00:00,199.1200000000001,199.2600000000001,198.2800000000001,198.8200000000001,982
2026-03-12T16:50:00+00:00,198.8200000000001,199.0900000000001,198.2900000000001,198.5200000000001,849
2026-03-12T16:55:00+00:00,198.5200000000001,198.7700000000001,198.3200000000001,198.6000000000001,736
2026-03-12T17:00:00+00:00,198.6000000000001,199.0800000000001,198.4700000000001,198.9300000000001,609
2026-03-12T17:05:00+00:00,198.9300000000001,199.2800000000001,198.7200000000001,198.7800000000001,818
2026-03-12T17:10:00+00:00,198.7800000000001,199.1200000000001,198.6000000000001,198.7000000000001,756
2026-03-12T17:15:00+00:00,198.7000000000001,198.8200000000001,198.1100000000001,198.1300000000001,804
2026-03-12T17:20:00+00:00,198.1300000000001,198.6500000000001,197.9900000000001,198.6100000000001,937
2026-03-12T17:25:00+00:00,198.6100000000001,198.7700000000001,198.2100000000001,198.4100000000001,701
2026-03-12T17:30:00+00:00,198.4100000000001,198.6800000000001,198.2900000000001,198.3800000000001,886
2026-03-12T17:35:00+00:00,198.3800000000001,198.6400000000001,198.0200000000001,198.2700000000001,869
2026-03-12T17:40:00+00:00,198.2700000000001,198.4400000000001,197.8900000000001,198.0500000000001,889
2026-03-12T17:45:00+00:00,198.0500000000001,198.1600000000001,197.6900000000001,197.8500000000001,792
2026-03-12T17:50:00+00:00,197.8500000000001,198.1300000000001,197.7700000000001,197.8700000000001,831
2026-03-12T17:55:00+00:00,197.8700000000001,197.9700000000001,197.4000000000001,197.9000000000001,1026
2026-03-12T18:00:00+00:00,197.9000000000001,198.2300000000001,197.8900000000001,197.9600000000001,928
2026-03-12T18:05:00+00:00,197.9600000000001,198.3900000000001,197.7900000000001,198.1100000000001,809
2026-03-12T18:10:00+00:00,198.1100000000001,198.25000000000009,197.8700000000001,198.2300000000001,779
2026-03-12T18:15:00+00:00,198.2300000000001,198.3600000000001,197.8400000000001,197.9300000000001,775
2026-03-12T18:20:00+00:00,197.9300000000001,197.9900000000001,197.6500000000001,197.8500000000001,936
2026-03-12T18:25:00+00:00,197.8500000000001,197.9200000000001,197.6300000000001,197.8400000000001,1061
2026-03-12T18:30:00+00:00,197.8400000000001,198.1200000000001,197.7200000000001,197.75000000000009,973
2026-03-12T18:35:00+00:00,197.75000000000009,197.7700000000001,197.4900000000001,197.5800000000001,906
2026-03-12T18:40:00+00:00,197.5800000000001,197.7000000000001,197.3700000000001,197.4800000000001,874
2026-03-12T18:45:00+00:00,197.4800000000001,197.6900000000001,197.3700000000001,197.3800000000001,892
2026-03-12T18:50:00+00:00,197.3800000000001,197.8700000000001,197.3800000000001,197.6400000000001,1049
2026-03-12T18:55:00+00:00,197.6400000000001,197.7200000000001,197.3600000000001,197.3700000000001,1046
2026-03-12T19:00:00+00:00,197.3700000000001,197.7200000000001,197.1200000000001,197.4600000000001,1339
2026-03-12T19:05:00+00:00,197.4600000000001,197.7200000000001,196.9500000000001,197.2900000000001,1124
2026-03-12T19:10:00+00:00,197.2900000000001,197.3900000000001,196.8400000000001,197.2100000000001,984
2026-03-12T19:15:00+00:00,197.2100000000001,197.7600000000001,197.1000000000001,197.5500000000001,983
2026-03-12T19:20:00+00:00,197.5500000000001,198.1500000000001,197.4600000000001,197.8300000000001,1013
2026-03-12T19:25:00+00:00,197.8300000000001,198.00000000000009,197.6500000000001,197.9300000000001,1088
2026-03-12T19:30:00+00:00,197.9300000000001,198.2800000000001,197.9300000000001,197.9900000000001,1154
2026-03-12T19:35:00+00:00,197.9900000000001,198.1000000000001,197.6400000000001,197.7800000000001,1097
2026-03-12T19:40:00+00:00,197.7800000000001,197.8000000000001,197.2000000000001,197.3400000000001,1081
2026-03-12T19:45:00+00:00,197.3400000000001,197.6700000000001,197.0600000000001,197.3700000000001,1233
2026-03-12T19:50:00+00:00,197.3700000000001,197.3700000000001,196.7700000000001,196.9600000000001,1214
2026-03-12T19:55:00+00:00,196.9600000000001,197.5200000000001,196.9400000000001,197.5100000000001,1727
2026-03-13T13:30:00+00:00,197.5100000000001,198.7100000000001,196.1300000000001,198.00000000000009,1006
2026-03-13T13:35:00+00:00,198.00000000000009,198.4500000000001,196.7000000000001,197.9300000000001,1093
2026-03-13T13:40:00+00:00,197.9300000000001,199.0900000000001,197.1900000000001,198.8200000000001,1116
2026-03-13T13:45:00+00:00,198.8200000000001,199.3200000000001,198.2400000000001,198.2400000000001,1203
2026-03-13T13:50:00+00:00,198.2400000000001,198.6800000000001,197.6100000000001,198.5100000000001,1544
2026-03-13T13:55:00+00:00,198.5100000000001,198.5300000000001,197.7000000000001,197.8400000000001,1065
2026-03-13T14:00:00+00:00,197.8400000000001,198.3800000000001,197.3300000000001,197.4400000000001,1276
2026-03-13T14:05:00+00:00,197.4400000000001,197.8300000000001,196.8400000000001,197.1000000000001,1465
2026-03-13T14:10:00+00:00,197.1000000000001,197.3900000000001,196.9100000000001,197.1500000000001,1299
2026-03-13T14:15:00+00:00,197.1500000000001,197.1800000000001,196.3000000000001,196.7900000000001,1399
2026-03-13T14:20:00+00:00,196.7900000000001,197.3100000000001,196.5400000000001,196.7300000000001,1597
2026-03-13T14:25:00+00:00,196.7300000000001,197.2300000000001,196.5400000000001,196.6400000000001,1461
2026-03-13T14:30:00+00:00,196.6400000000001,197.2300000000001,196.4900000000001,196.7000000000001,1289
2026-03-13T14:35:00+00:00,196.7000000000001,196.7200000000001,196.0400000000001,196.2700000000001,1460
2026-03-13T14:40:00+00:00,196.2700000000001,196.3000000000001,195.7800000000001,195.7800000000001,1346
2026-03-13T14:45:00+00:00,195.7800000000001,195.7900000000001,194.8400000000001,194.9900000000001,1857
2026-03-13T14:50:00+00:00,194.9900000000001,195.9800000000001,194.9700000000001,195.7300000000001,1647
2026-03-13T14:55:00+00:00,195.7300000000001,195.8400000000001,194.7400000000001,195.0700000000001,1618
2026-03-13T15:00:00+00:00,195.0700000000001,195.2600000000001,194.5400000000001,194.7400000000001,1883
2026-03-13T15:05:00+00:00,194.7400000000001,195.7200000000001,194.5400000000001,195.4500000000001,1743
2026-03-13T15:10:00+00:00,195.4500000000001,196.0400000000001,195.3900000000001,195.8200000000001,1290
2026-03-13T15:15:00+00:00,195.8200000000001,195.8800000000001,195.0900000000001,195.0900000000001,1206
2026-03-13T15:20:00+00:00,195.0900000000001,195.3300000000001,194.5500000000001,194.5800000000001,1504
2026-03-13T15:25:00+00:00,194.5800000000001,194.5800000000001,194.1600000000001,194.3100000000001,1385
2026-03-13T15:30:00+00:00,194.3100000000001,194.8000000000001,194.2900000000001,194.6300000000001,1509
2026-03-13T15:35:00+00:00,194.6300000000001,194.7400000000001,194.0000000000001,194.3800000000001,1562
2026-03-13T15:40:00+00:00,194.3800000000001,194.4700000000001,193.5400000000001,193.6000000000001,1354
2026-03-13T15:45:00+00:00,193.6000000000001,194.12000000000012,193.12000000000012,194.0100000000001,2118
2026-03-13T15:50:00+00:00,194.0100000000001,194.0100000000001,193.4500000000001,193.7400000000001,1358
2026-03-13T15:55:00+00:00,193.7400000000001,193.7500000000001,193.3800000000001,193.40000000000012,1154
2026-03-13T16:00:00+00:00,193.40000000000012,194.1000000000001,193.2900000000001,193.71000000000012,1452
2026-03-13T16:05:00+00:00,193.71000000000012,193.9400000000001,193.37000000000012,193.78000000000011,1117
2026-03-13T16:10:00+00:00,193.78000000000011,194.1400000000001,193.1300000000001,193.6300000000001,1146
2026-03-13T16:15:00+00:00,193.6300000000001,193.78000000000011,193.2000000000001,193.4800000000001,1125
2026-03-13T16:20:00+00:00,193.4800000000001,193.8900000000001,193.43000000000012,193.53000000000011,981
2026-03-13T16:25:00+00:00,193.53000000000011,193.6300000000001,193.0100000000001,193.37000000000012,977
2026-03-13T16:30:00+00:00,193.37000000000012,193.8500000000001,193.3200000000001,193.4900000000001,960
2026-03-13T16:35:00+00:00,193.4900000000001,194.1300000000001,193.4500000000001,193.84000000000012,1242
2026-03-13T16:40:00+00:00,193.84000000000012,194.0700000000001,193.3900000000001,193.4200000000001,1295
2026-03-13T16:45:00+00:00,193.4200000000001,193.5100000000001,192.9100000000001,193.43000000000012,1212
2026-03-13T16:50:00+00:00,193.43000000000012,194.1100000000001,193.43000000000012,193.9900000000001,1286
2026-03-13T16:55:00+00:00,193.9900000000001,194.0500000000001,193.1000000000001,193.28000000000011,1309
2026-03-13T17:00:00+00:00,193.28000000000011,193.5100000000001,193.1300000000001,193.2900000000001,1163
2026-03-13T17:05:00+00:00,193.2900000000001,193.7300000000001,193.1300000000001,193.65000000000012,973
2026-03-13T17:10:00+00:00,193.65000000000012,193.7400000000001,193.0800000000001,193.7300000000001,857
2026-03-13T17:15:00+00:00,193.7300000000001,193.9800000000001,193.4900000000001,193.7900000000001,792
2026-03-13T17:20:00+00:00,193.7900000000001,194.06000000000012,193.4400000000001,193.8600000000001,945
2026-03-13T17:25:00+00:00,193.8600000000001,193.9100000000001,193.4800000000001,193.71000000000012,988
2026-03-13T17:30:00+00:00,193.71000000000012,193.7300000000001,193.28000000000011,193.4700000000001,993
2026-03-13T17:35:00+00:00,193.4700000000001,193.7300000000001,193.28000000000011,193.6000000000001,962
2026-03-13T17:40:00+00:00,193.6000000000001,193.6900000000001,193.2600000000001,193.59000000000012,1193
2026-03-13T17:45:00+00:00,193.59000000000012,193.65000000000012,192.9400000000001,193.0200000000001,958
2026-03-13T17:50:00+00:00,193.0200000000001,193.1000000000001,192.68000000000012,192.9400000000001,1275
2026-03-13T17:55:00+00:00,192.9400000000001,193.1000000000001,192.68000000000012,192.7200000000001,1187
2026-03-13T18:00:00+00:00,192.7200000000001,192.9700000000001,192.6100000000001,192.8500000000001,1237
2026-03-13T18:05:00+00:00,192.8500000000001,192.9200000000001,192.59000000000012,192.8200000000001,1084
2026-03-13T18:10:00+00:00,192.8200000000001,192.8900000000001,192.5800000000001,192.71000000000012,1176
2026-03-13T18:15:00+00:00,192.71000000000012,192.9800000000001,192.6300000000001,192.8000000000001,1079
2026-03-13T18:20:00+00:00,192.8000000000001,192.8900000000001,192.53000000000011,192.7200000000001,1019
2026-03-13T18:25:00+00:00,192.7200000000001,193.0500000000001,192.6100000000001,192.9700000000001,1015
2026-03-13T18:30:00+00:00,192.9700000000001,193.3800000000001,192.84000000000012,192.9400000000001,1204
2026-03-13T18:35:00+00:00,192.9400000000001,193.0200000000001,192.7000000000001,192.90000000000012,1139
2026-03-13T18:40:00+00:00,192.90000000000012,193.4500000000001,192.8800000000001,193.4200000000001,849
2026-03-13T18:45:00+00:00,193.4200000000001,193.4400000000001,193.1300000000001,193.3600000000001,910
2026-03-13T18:50:00+00:00,193.3600000000001,193.5100000000001,193.1300000000001,193.4400000000001,1097
2026-03-13T18:55:00+00:00,193.4400000000001,193.4400000000001,193.0800000000001,193.21000000000012,974
2026-03-13T19:00:00+00:00,193.21000000000012,193.21000000000012,192.68000000000012,192.7000000000001,988
2026-03-13T19:05:00+00:00,192.7000000000001,192.9700000000001,192.3300000000001,192.8300000000001,1174
2026-03-13T19:10:00+00:00,192.8300000000001,192.9200000000001,192.65000000000012,192.6700000000001,921
2026-03-13T19:15:00+00:00,192.6700000000001,192.9700000000001,192.53000000000011,192.78000000000011,1041
2026-03-13T19:20:00+00:00,192.78000000000011,192.78000000000011,191.9400000000001,192.3000000000001,1205
2026-03-13T19:25:00+00:00,192.3000000000001,192.3600000000001,192.1000000000001,192.3200000000001,1141
2026-03-13T19:30:00+00:00,192.3200000000001,192.6000000000001,192.2400000000001,192.37000000000012,1107
2026-03-13T19:35:00+00:00,192.37000000000012,192.6400000000001,192.34000000000012,192.4800000000001,1021
2026-03-13T19:40:00+00:00,192.4800000000001,192.65000000000012,192.1300000000001,192.53000000000011,1201
2026-03-13T19:45:00+00:00,192.53000000000011,192.7400000000001,192.2300000000001,192.40000000000012,1159
2026-03-13T19:50:00+00:00,192.40000000000012,192.7000000000001,192.21000000000012,192.5400000000001,930
2026-03-13T19:55:00+00:00,192.5400000000001,193.2000000000001,192.3200000000001,193.2000000000001,1100
2026-03-16T13:30:00+00:00,193.2000000000001,197.8300000000001,193.2000000000001,197.43000000000012,1289
2026-03-16T13:35:00+00:00,197.43000000000012,198.03000000000011,196.0100000000001,196.37000000000012,1722
2026-03-16T13:40:00+00:00,196.37000000000012,196.37000000000012,195.03000000000011,195.3300000000001,1877
2026-03-16T13:45:00+00:00,195.3300000000001,196.5400000000001,195.2900000000001,196.4700000000001,1880
2026-03-16T13:50:00+00:00,196.4700000000001,196.8300000000001,195.9800000000001,196.7000000000001,1386
2026-03-16T13:55:00+00:00,196.7000000000001,197.0200000000001,196.37000000000012,196.90000000000012,1608
2026-03-16T14:00:00+00:00,196.90000000000012,197.1400000000001,196.31000000000012,196.6000000000001,1734
2026-03-16T14:05:00+00:00,196.6000000000001,197.1100000000001,196.3300000000001,197.0200000000001,1603
2026-03-16T14:10:00+00:00,197.0200000000001,197.5100000000001,196.8600000000001,197.34000000000012,1704
2026-03-16T14:15:00+00:00,197.34000000000012,197.53000000000011,197.1700000000001,197.31000000000012,1737
2026-03-16T14:20:00+00:00,197.31000000000012,197.84000000000012,197.2900000000001,197.7500000000001,1453
2026-03-16T14:25:00+00:00,197.7500000000001,197.93000000000012,197.3500000000001,197.3500000000001,1441
2026-03-16T14:30:00+00:00,197.3500000000001,197.62000000000012,197.0000000000001,197.0800000000001,1809
2026-03-16T14:35:00+00:00,197.0800000000001,197.5500000000001,196.3900000000001,196.5200000000001,1483
2026-03-16T14:40:00+00:00,196.5200000000001,196.90000000000012,196.43000000000012,196.8200000000001,1558
2026-03-16T14:45:00+00:00,196.8200000000001,197.4500000000001,196.8200000000001,197.3200000000001,1510
2026-03-16T14:50:00+00:00,197.3200000000001,198.0800000000001,196.96000000000012,197.7400000000001,1563
2026-03-16T14:55:00+00:00,197.7400000000001,198.1000000000001,197.3500000000001,198.0700000000001,1345
2026-03-16T15:00:00+00:00,198.0700000000001,198.28000000000011,197.65000000000012,197.8800000000001,1268
2026-03-16T15:05:00+00:00,197.8800000000001,198.0200000000001,197.4900000000001,198.0200000000001,1421
2026-03-16T15:10:00+00:00,198.0200000000001,198.8900000000001,197.4400000000001,198.7900000000001,1299
2026-03-16T15:15:00+00:00,198.7900000000001,199.1000000000001,198.59000000000012,199.0800000000001,1343
2026-03-16T15:20:00+00:00,199.0800000000001,199.8300000000001,198.9500000000001,199.7200000000001,1116
2026-03-16T15:25:00+00:00,199.7200000000001,199.7700000000001,199.37000000000012,199.5400000000001,1023
2026-03-16T15:30:00+00:00,199.5400000000001,199.84000000000012,199.1000000000001,199.5800000000001,924
2026-03-16T15:35:00+00:00,199.5800000000001,199.62000000000012,199.31000000000012,199.40000000000012,905
2026-03-16T15:40:00+00:00,199.40000000000012,199.5400000000001,199.1400000000001,199.40000000000012,992
2026-03-16T15:45:00+00:00,199.40000000000012,199.53000000000011,199.18000000000012,199.2200000000001,816
2026-03-16T15:50:00+00:00,199.2200000000001,199.4100000000001,198.81000000000012,199.3600000000001,1224
2026-03-16T15:55:00+00:00,199.3600000000001,199.56000000000012,199.0800000000001,199.18000000000012,1239
2026-03-16T16:00:00+00:00,199.18000000000012,199.5100000000001,198.9900000000001,199.0400000000001,1349
2026-03-16T16:05:00+00:00,199.0400000000001,199.28000000000011,198.7600000000001,198.90000000000012,1196
2026-03-16T16:10:00+00:00,198.90000000000012,198.9800000000001,198.4400000000001,198.5100000000001,1120
2026-03-16T16:15:00+00:00,198.5100000000001,198.7300000000001,198.43000000000012,198.4500000000001,1326
2026-03-16T16:20:00+00:00,198.4500000000001,198.5000000000001,197.81000000000012,197.90000000000012,1561
2026-03-16T16:25:00+00:00,197.90000000000012,198.1300000000001,197.71000000000012,198.06000000000012,1438
2026-03-16T16:30:00+00:00,198.06000000000012,198.2200000000001,197.7400000000001,197.8600000000001,1484
2026-03-16T16:35:00+00:00,197.8600000000001,198.31000000000012,197.8300000000001,198.31000000000012,1187
2026-03-16T16:40:00+00:00,198.31000000000012,198.5200000000001,197.9900000000001,198.1900000000001,1037
2026-03-16T16:45:00+00:00,198.1900000000001,198.53000000000011,198.1900000000001,198.4500000000001,1058
2026-03-16T16:50:00+00:00,198.4500000000001,198.5100000000001,198.09000000000012,198.1100000000001,978
2026-03-16T16:55:00+00:00,198.1100000000001,198.2500000000001,197.8500000000001,198.2000000000001,1005
2026-03-16T17:00:00+00:00,198.2000000000001,198.7700000000001,198.1300000000001,198.15000000000012,1640
2026-03-16T17:05:00+00:00,198.15000000000012,198.3000000000001,197.8300000000001,197.9200000000001,1040
2026-03-16T17:10:00+00:00,197.9200000000001,198.18000000000012,197.8600000000001,198.0200000000001,1078
2026-03-16T17:15:00+00:00,198.0200000000001,198.5100000000001,197.78000000000011,198.4200000000001,896
2026-03-16T17:20:00+00:00,198.4200000000001,198.78000000000011,198.37000000000012,198.5500000000001,834
2026-03-16T17:25:00+00:00,198.5500000000001,198.62000000000012,198.18000000000012,198.1900000000001,895
2026-03-16T17:30:00+00:00,198.1900000000001,198.5400000000001,198.1300000000001,198.2300000000001,841
2026-03-16T17:35:00+00:00,198.2300000000001,198.3300000000001,198.0100000000001,198.0200000000001,803
2026-03-16T17:40:00+00:00,198.0200000000001,198.12000000000012,197.9200000000001,198.0100000000001,920
2026-03-16T17:45:00+00:00,198.0100000000001,198.2700000000001,197.9700000000001,198.2000000000001,901
2026-03-16T17:50:00+00:00,198.2000000000001,198.3600000000001,197.8300000000001,198.1700000000001,968
2026-03-16T17:55:00+00:00,198.1700000000001,198.59000000000012,198.03000000000011,198.5200000000001,799
2026-03-16T18:00:00+00:00,198.5200000000001,198.81000000000012,198.5000000000001,198.7500000000001,943
2026-03-16T18:05:00+00:00,198.7500000000001,199.0800000000001,198.7000000000001,198.8500000000001,1126
2026-03-16T18:10:00+00:00,198.8500000000001,198.9200000000001,198.4100000000001,198.4400000000001,865
2026-03-16T18:15:00+00:00,198.4400000000001,198.68000000000012,198.3900000000001,198.4400000000001,1011
2026-03-16T18:20:00+00:00,198.4400000000001,198.68000000000012,198.2600000000001,198.4400000000001,931
2026-03-16T18:25:00+00:00,198.4400000000001,198.81000000000012,198.3200000000001,198.5700000000001,730
2026-03-16T18:30:00+00:00,198.5700000000001,198.65000000000012,198.0400000000001,198.0800000000001,739
2026-03-16T18:35:00+00:00,198.0800000000001,198.1300000000001,197.7000000000001,197.8500000000001,808
2026-03-16T18:40:00+00:00,197.8500000000001,197.8800000000001,197.5400000000001,197.78000000000011,676
2026-03-16T18:45:00+00:00,197.78000000000011,198.0100000000001,197.71000000000012,197.8000000000001,661
2026-03-16T18:50:00+00:00,197.8000000000001,197.8000000000001,197.4900000000001,197.4900000000001,723
2026-03-16T18:55:00+00:00,197.4900000000001,197.53000000000011,197.0800000000001,197.4200000000001,714
2026-03-16T19:00:00+00:00,197.4200000000001,197.5500000000001,197.12000000000012,197.2500000000001,1502
2026-03-16T19:05:00+00:00,197.2500000000001,198.4700000000001,196.7900000000001,198.4500000000001,2026
2026-03-16T19:10:00+00:00,198.4500000000001,198.7900000000001,197.1100000000001,197.3000000000001,3783
2026-03-16T19:15:00+00:00,197.3000000000001,197.9900000000001,197.21000000000012,197.87000000000012,2641
2026-03-16T19:20:00+00:00,197.87000000000012,197.93000000000012,196.8800000000001,196.9100000000001,2637
2026-03-16T19:25:00+00:00,196.9100000000001,197.09000000000012,196.4200000000001,196.93000000000012,2580
2026-03-16T19:30:00+00:00,196.93000000000012,196.9400000000001,196.21000000000012,196.4400000000001,2439
2026-03-16T19:35:00+00:00,196.4400000000001,196.5700000000001,196.0800000000001,196.09000000000012,1854
2026-03-16T19:40:00+00:00,196.09000000000012,196.2300000000001,195.7200000000001,196.1400000000001,1961
2026-03-16T19:45:00+00:00,196.1400000000001,196.2400000000001,195.8200000000001,195.9700000000001,2040
2026-03-16T19:50:00+00:00,195.9700000000001,196.3600000000001,195.3900000000001,196.0400000000001,1386
2026-03-16T19:55:00+00:00,196.0400000000001,196.37000000000012,195.9800000000001,196.2500000000001,1874
2026-03-17T13:30:00+00:00,196.2500000000001,197.6700000000001,194.9500000000001,197.2200000000001,1183
2026-03-17T13:35:00+00:00,197.2200000000001,197.6300000000001,196.6600000000001,196.8800000000001,1315
2026-03-17T13:40:00+00:00,196.8800000000001,197.3800000000001,196.28000000000011,197.0000000000001,1466
2026-03-17T13:45:00+00:00,197.0000000000001,198.0700000000001,196.9100000000001,198.0200000000001,1526
2026-03-17T13:50:00+00:00,198.0200000000001,198.5800000000001,197.9800000000001,198.4200000000001,1667
2026-03-17T13:55:00+00:00,198.4200000000001,198.8600000000001,198.1600000000001,198.5100000000001,1455
2026-03-17T14:00:00+00:00,198.5100000000001,198.8300000000001,197.62000000000012,197.7000000000001,1637
2026-03-17T14:05:00+00:00,197.7000000000001,197.8800000000001,196.9400000000001,196.9500000000001,1246
2026-03-17T14:10:00+00:00,196.9500000000001,197.1300000000001,196.6900000000001,196.84000000000012,1814
2026-03-17T14:15:00+00:00,196.84000000000012,197.9200000000001,196.68000000000012,197.8500000000001,1702
2026-03-17T14:20:00+00:00,197.8500000000001,198.4500000000001,197.68000000000012,198.3300000000001,1729
2026-03-17T14:25:00+00:00,198.3300000000001,198.4700000000001,197.78000000000011,197.90000000000012,1778
2026-03-17T14:30:00+00:00,197.90000000000012,198.09000000000012,197.43000000000012,197.8900000000001,1204
2026-03-17T14:35:00+00:00,197.8900000000001,198.2200000000001,197.28000000000011,197.3000000000001,1099
2026-03-17T14:40:00+00:00,197.3000000000001,198.2600000000001,197.2500000000001,197.90000000000012,1124
2026-03-17T14:45:00+00:00,197.90000000000012,197.9700000000001,197.6100000000001,197.8200000000001,911
2026-03-17T14:50:00+00:00,197.8200000000001,197.8500000000001,197.4800000000001,197.62000000000012,919
2026-03-17T14:55:00+00:00,197.62000000000012,197.93000000000012,197.56000000000012,197.9100000000001,939
2026-03-17T15:00:00+00:00,197.9100000000001,198.1900000000001,197.34000000000012,197.37000000000012,988
2026-03-17T15:05:00+00:00,197.37000000000012,197.4500000000001,196.7400000000001,196.87000000000012,997
2026-03-17T15:10:00+00:00,196.87000000000012,197.03000000000011,196.62000000000012,196.7300000000001,1145
2026-03-17T15:15:00+00:00,196.7300000000001,197.1900000000001,196.37000000000012,196.6100000000001,1175
2026-03-17T15:20:00+00:00,196.6100000000001,196.71000000000012,195.9800000000001,196.21000000000012,1088
2026-03-17T15:25:00+00:00,196.21000000000012,196.3900000000001,195.90000000000012,195.93000000000012,978
2026-03-17T15:30:00+00:00,195.93000000000012,196.1100000000001,195.6300000000001,195.7000000000001,1115
2026-03-17T15:35:00+00:00,195.7000000000001,195.78000000000011,194.93000000000012,195.18000000000012,1329
2026-03-17T15:40:00+00:00,195.18000000000012,195.8300000000001,195.12000000000012,195.7600000000001,1236
2026-03-17T15:45:00+00:00,195.7600000000001,195.9800000000001,195.68000000000012,195.78000000000011,1141
2026-03-17T15:50:00+00:00,195.78000000000011,196.0800000000001,195.7400000000001,195.93000000000012,1002
2026-03-17T15:55:00+00:00,195.93000000000012,196.15000000000012,195.7900000000001,195.96000000000012,1003
2026-03-17T16:00:00+00:00,195.96000000000012,195.9700000000001,195.6000000000001,195.6900000000001,1059
2026-03-17T16:05:00+00:00,195.6900000000001,195.8600000000001,195.0400000000001,195.68000000000012,1435
2026-03-17T16:10:00+00:00,195.68000000000012,195.93000000000012,195.53000000000011,195.6000000000001,1167
2026-03-17T16:15:00+00:00,195.6000000000001,196.40000000000012,195.56000000000012,196.40000000000012,1155
2026-03-17T16:20:00+00:00,196.40000000000012,196.4100000000001,195.7700000000001,196.06000000000012,1343
2026-03-17T16:25:00+00:00,196.06000000000012,196.1900000000001,195.84000000000012,195.9700000000001,1018
2026-03-17T16:30:00+00:00,195.9700000000001,196.2600000000001,195.8300000000001,196.0800000000001,1230
2026-03-17T16:35:00+00:00,196.0800000000001,196.1700000000001,195.5400000000001,195.7900000000001,1153
2026-03-17T16:40:00+00:00,195.7900000000001,196.1700000000001,195.7600000000001,196.1100000000001,895
2026-03-17T16:45:00+00:00,196.1100000000001,196.1300000000001,195.6700000000001,195.8800000000001,979
2026-03-17T16:50:00+00:00,195.8800000000001,196.3500000000001,195.8300000000001,196.1900000000001,891
2026-03-17T16:55:00+00:00,196.1900000000001,196.2600000000001,195.9100000000001,195.93000000000012,727
2026-03-17T17:00:00+00:00,195.93000000000012,196.18000000000012,195.8900000000001,196.0400000000001,854
2026-03-17T17:05:00+00:00,196.0400000000001,196.0400000000001,195.6000000000001,195.6000000000001,747
2026-03-17T17:10:00+00:00,195.6000000000001,195.6400000000001,195.1600000000001,195.3000000000001,698
2026-03-17T17:15:00+00:00,195.3000000000001,195.62000000000012,195.2400000000001,195.6000000000001,690
2026-03-17T17:20:00+00:00,195.6000000000001,195.8300000000001,195.5000000000001,195.65000000000012,653
2026-03-17T17:25:00+00:00,195.65000000000012,195.7700000000001,195.5400000000001,195.7000000000001,534
2026-03-17T17:30:00+00:00,195.7000000000001,195.9100000000001,195.6100000000001,195.7000000000001,544
2026-03-17T17:35:00+00:00,195.7000000000001,195.9900000000001,195.6400000000001,195.8800000000001,579
2026-03-17T17:40:00+00:00,195.8800000000001,195.9500000000001,195.65000000000012,195.68000000000012,563
2026-03-17T17:45:00+00:00,195.68000000000012,195.8000000000001,195.4800000000001,195.6100000000001,591
2026-03-17T17:50:00+00:00,195.6100000000001,196.1300000000001,195.4500000000001,196.1300000000001,613
2026-03-17T17:55:00+00:00,196.1300000000001,196.15000000000012,195.8900000000001,195.9500000000001,534
2026-03-17T18:00:00+00:00,195.9500000000001,196.5000000000001,195.8500000000001,196.3300000000001,722
2026-03-17T18:05:00+00:00,196.3300000000001,196.62000000000012,196.18000000000012,196.5400000000001,631
2026-03-17T18:10:00+00:00,196.5400000000001,196.62000000000012,196.4500000000001,196.4500000000001,556
2026-03-17T18:15:00+00:00,196.4500000000001,196.7500000000001,196.40000000000012,196.5800000000001,461
2026-03-17T18:20:00+00:00,196.5800000000001,196.6900000000001,196.31000000000012,196.34000000000012,612
2026-03-17T18:25:00+00:00,196.34000000000012,196.56000000000012,196.1900000000001,196.2200000000001,772
2026-03-17T18:30:00+00:00,196.2200000000001,196.4500000000001,196.1700000000001,196.3300000000001,655
2026-03-17T18:35:00+00:00,196.3300000000001,196.6000000000001,196.2300000000001,196.2600000000001,610
2026-03-17T18:40:00+00:00,196.2600000000001,196.37000000000012,196.0100000000001,196.0400000000001,597
2026-03-17T18:45:00+00:00,196.0400000000001,196.2000000000001,195.9900000000001,196.1100000000001,554
2026-03-17T18:50:00+00:00,196.1100000000001,196.4400000000001,195.9800000000001,196.3800000000001,399
2026-03-17T18:55:00+00:00,196.3800000000001,196.40000000000012,196.0000000000001,196.06000000000012,423
2026-03-17T19:00:00+00:00,196.06000000000012,196.2600000000001,195.9800000000001,196.0800000000001,1362
2026-03-17T19:05:00+00:00,196.0800000000001,196.1300000000001,195.78000000000011,196.0000000000001,1020
2026-03-17T19:10:00+00:00,196.0000000000001,196.0700000000001,195.84000000000012,195.9500000000001,871
2026-03-17T19:15:00+00:00,195.9500000000001,196.1700000000001,195.90000000000012,196.0000000000001,1072
2026-03-17T19:20:00+00:00,196.0000000000001,196.03000000000011,195.7000000000001,195.7300000000001,724
2026-03-17T19:25:00+00:00,195.7300000000001,196.1900000000001,195.68000000000012,195.9500000000001,1300
2026-03-17T19:30:00+00:00,195.9500000000001,196.0400000000001,195.7700000000001,195.78000000000011,1251
2026-03-17T19:35:00+00:00,195.78000000000011,195.8800000000001,195.71000000000012,195.8500000000001,728
2026-03-17T19:40:00+00:00,195.8500000000001,196.0000000000001,195.7000000000001,195.7700000000001,764
2026-03-17T19:45:00+00:00,195.7700000000001,196.1100000000001,195.7700000000001,196.0800000000001,872
2026-03-17T19:50:00+00:00,196.0800000000001,196.4100000000001,195.8200000000001,196.3800000000001,1037
2026-03-17T19:55:00+00:00,196.3800000000001,196.3900000000001,195.8600000000001,195.9900000000001,1586
2026-03-18T13:30:00+00:00,195.9900000000001,196.6300000000001,195.15000000000012,195.6700000000001,543
2026-03-18T13:35:00+00:00,195.6700000000001,197.2000000000001,195.5800000000001,196.18000000000012,755
2026-03-18T13:40:00+00:00,196.18000000000012,197.7200000000001,195.8800000000001,196.7600000000001,905
2026-03-18T13:45:00+00:00,196.7600000000001,198.0100000000001,196.59000000000012,197.7700000000001,865
2026-03-18T13:50:00+00:00,197.7700000000001,198.5400000000001,197.4500000000001,198.4500000000001,801
2026-03-18T13:55:00+00:00,198.4500000000001,199.4200000000001,198.12000000000012,199.2500000000001,718
2026-03-18T14:00:00+00:00,199.2500000000001,199.4900000000001,198.4800000000001,199.2700000000001,1006
2026-03-18T14:05:00+00:00,199.2700000000001,200.2400000000001,198.93000000000012,200.2400000000001,946
2026-03-18T14:10:00+00:00,200.2400000000001,200.3900000000001,199.0100000000001,199.0100000000001,812
2026-03-18T14:15:00+00:00,199.0100000000001,199.6100000000001,198.81000000000012,198.8900000000001,754
2026-03-18T14:20:00+00:00,198.8900000000001,199.4400000000001,198.81000000000012,199.0500000000001,635
2026-03-18T14:25:00+00:00,199.0500000000001,199.1400000000001,197.78000000000011,198.12000000000012,751
2026-03-18T14:30:00+00:00,198.12000000000012,198.9400000000001,197.9500000000001,198.4100000000001,806
2026-03-18T14:35:00+00:00,198.4100000000001,198.6100000000001,198.18000000000012,198.18000000000012,518
2026-03-18T14:40:00+00:00,198.18000000000012,198.43000000000012,198.0000000000001,198.18000000000012,482
2026-03-18T14:45:00+00:00,198.18000000000012,198.4900000000001,197.8800000000001,197.8800000000001,468
2026-03-18T14:50:00+00:00,197.8800000000001,198.6100000000001,197.8800000000001,198.21000000000012,661
2026-03-18T14:55:00+00:00,198.21000000000012,198.9400000000001,198.06000000000012,198.8900000000001,657
2026-03-18T15:00:00+00:00,198.8900000000001,199.8300000000001,198.8000000000001,199.46000000000012,657
2026-03-18T15:05:00+00:00,199.46000000000012,200.3900000000001,199.4100000000001,199.71000000000012,697
2026-03-18T15:10:00+00:00,199.71000000000012,199.71000000000012,198.81000000000012,198.84000000000012,732
2026-03-18T15:15:00+00:00,198.84000000000012,198.9800000000001,198.0800000000001,198.2400000000001,601
2026-03-18T15:20:00+00:00,198.2400000000001,198.8500000000001,198.1900000000001,198.65000000000012,502
2026-03-18T15:25:00+00:00,198.65000000000012,199.4200000000001,198.6000000000001,198.90000000000012,621
2026-03-18T15:30:00+00:00,198.90000000000012,199.4500000000001,198.7600000000001,199.3500000000001,534
2026-03-18T15:35:00+00:00,199.3500000000001,200.0700000000001,199.15000000000012,199.7900000000001,573
2026-03-18T15:40:00+00:00,199.7900000000001,200.1000000000001,199.68000000000012,199.8600000000001,522
2026-03-18T15:45:00+00:00,199.8600000000001,200.1100000000001,199.6000000000001,199.62000000000012,616
2026-03-18T15:50:00+00:00,199.62000000000012,200.1100000000001,199.56000000000012,200.06000000000012,491
2026-03-18T15:55:00+00:00,200.06000000000012,200.15000000000012,199.8000000000001,199.9800000000001,539
2026-03-18T16:00:00+00:00,199.9800000000001,199.9800000000001,199.56000000000012,199.78000000000011,360
2026-03-18T16:05:00+00:00,199.78000000000011,199.96000000000012,199.5800000000001,199.6000000000001,495
2026-03-18T16:10:00+00:00,199.6000000000001,199.7200000000001,199.46000000000012,199.6000000000001,477
2026-03-18T16:15:00+00:00,199.6000000000001,199.6300000000001,199.21000000000012,199.53000000000011,453
2026-03-18T16:20:00+00:00,199.53000000000011,199.8200000000001,199.5000000000001,199.68000000000012,316
2026-03-18T16:25:00+00:00,199.68000000000012,199.9100000000001,199.3500000000001,199.37000000000012,436
2026-03-18T16:30:00+00:00,199.37000000000012,199.9500000000001,199.3200000000001,199.4500000000001,526
2026-03-18T16:35:00+00:00,199.4500000000001,199.6700000000001,199.2500000000001,199.6000000000001,527
2026-03-18T16:40:00+00:00,199.6000000000001,199.6600000000001,199.1700000000001,199.3600000000001,467
2026-03-18T16:45:00+00:00,199.3600000000001,199.6600000000001,199.2300000000001,199.59000000000012,400
2026-03-18T16:50:00+00:00,199.59000000000012,199.6700000000001,199.28000000000011,199.6300000000001,347
2026-03-18T16:55:00+00:00,199.6300000000001,199.68000000000012,199.2200000000001,199.2600000000001,352
2026-03-18T17:00:00+00:00,199.2600000000001,199.3300000000001,198.9100000000001,199.1100000000001,510
2026-03-18T17:05:00+00:00,199.1100000000001,199.2400000000001,198.8300000000001,199.0000000000001,305
2026-03-18T17:10:00+00:00,199.0000000000001,199.1900000000001,198.78000000000011,199.03000000000011,473
2026-03-18T17:15:00+00:00,199.03000000000011,199.4400000000001,199.0200000000001,199.1400000000001,455
2026-03-18T17:20:00+00:00,199.1400000000001,199.2500000000001,199.0000000000001,199.2500000000001,350
2026-03-18T17:25:00+00:00,199.2500000000001,199.59000000000012,199.1900000000001,199.3600000000001,433
2026-03-18T17:30:00+00:00,199.3600000000001,199.6100000000001,199.18000000000012,199.6100000000001,370
2026-03-18T17:35:00+00:00,199.6100000000001,200.09000000000012,199.6000000000001,200.0200000000001,407
2026-03-18T17:40:00+00:00,200.0200000000001,200.0700000000001,199.7600000000001,199.9800000000001,385
2026-03-18T17:45:00+00:00,199.9800000000001,200.59000000000012,199.93000000000012,200.5400000000001,473
2026-03-18T17:50:00+00:00,200.5400000000001,201.2200000000001,200.46000000000012,201.03000000000011,542
2026-03-18T17:55:00+00:00,201.03000000000011,201.84000000000012,201.03000000000011,201.5800000000001,464
2026-03-18T18:00:00+00:00,201.5800000000001,202.53000000000011,201.5500000000001,202.3900000000001,1025
2026-03-18T18:05:00+00:00,202.3900000000001,202.5200000000001,202.09000000000012,202.1600000000001,816
2026-03-18T18:10:00+00:00,202.1600000000001,202.4100000000001,201.90000000000012,202.2200000000001,816
2026-03-18T18:15:00+00:00,202.2200000000001,202.28000000000011,201.1900000000001,201.21000000000012,1108
2026-03-18T18:20:00+00:00,201.21000000000012,201.2400000000001,200.84000000000012,201.0000000000001,676
2026-03-18T18:25:00+00:00,201.0000000000001,201.0700000000001,200.8500000000001,200.96000000000012,520
2026-03-18T18:30:00+00:00,200.96000000000012,201.28000000000011,200.5800000000001,200.6100000000001,813
2026-03-18T18:35:00+00:00,200.6100000000001,201.40000000000012,200.59000000000012,200.65000000000012,967
2026-03-18T18:40:00+00:00,200.65000000000012,200.9200000000001,200.4100000000001,200.59000000000012,755
2026-03-18T18:45:00+00:00,200.59000000000012,200.6300000000001,199.9700000000001,199.9900000000001,596
2026-03-18T18:50:00+00:00,199.9900000000001,200.0000000000001,199.3500000000001,199.4700000000001,836
2026-03-18T18:55:00+00:00,199.4700000000001,199.6700000000001,199.2000000000001,199.31000000000012,849
2026-03-18T19:00:00+00:00,199.31000000000012,200.3600000000001,199.28000000000011,200.31000000000012,1000
2026-03-18T19:05:00+00:00,200.31000000000012,200.5100000000001,199.9900000000001,200.03000000000011,762
2026-03-18T19:10:00+00:00,200.03000000000011,200.03000000000011,199.53000000000011,199.6100000000001,672
2026-03-18T19:15:00+00:00,199.6100000000001,199.65000000000012,199.21000000000012,199.2400000000001,701
2026-03-18T19:20:00+00:00,199.2400000000001,199.3300000000001,198.8900000000001,199.09000000000012,866
2026-03-18T19:25:00+00:00,199.09000000000012,199.31000000000012,198.78000000000011,199.1100000000001,823
2026-03-18T19:30:00+00:00,199.1100000000001,199.65000000000012,199.1000000000001,199.4700000000001,938
2026-03-18T19:35:00+00:00,199.4700000000001,199.5000000000001,198.9700000000001,199.03000000000011,767
2026-03-18T19:40:00+00:00,199.03000000000011,199.31000000000012,198.9200000000001,199.18000000000012,814
2026-03-18T19:45:00+00:00,199.18000000000012,199.43000000000012,199.0100000000001,199.40000000000012,884
2026-03-18T19:50:00+00:00,199.40000000000012,199.56000000000012,199.1400000000001,199.2300000000001,1064
2026-03-18T19:55:00+00:00,199.2300000000001,199.46000000000012,198.8500000000001,199.43000000000012,1582
2026-03-19T13:30:00+00:00,199.43000000000012,199.43000000000012,192.68000000000012,193.3300000000001,899
2026-03-19T13:35:00+00:00,193.3300000000001,194.0400000000001,192.4800000000001,193.6000000000001,1161
2026-03-19T13:40:00+00:00,193.6000000000001,194.5400000000001,193.34000000000012,194.3300000000001,1263
2026-03-19T13:45:00+00:00,194.3300000000001,194.8300000000001,193.6900000000001,194.7900000000001,1275
2026-03-19T13:50:00+00:00,194.7900000000001,195.46000000000012,194.46000000000012,195.2700000000001,1093
2026-03-19T13:55:00+00:00,195.2700000000001,196.1300000000001,195.1900000000001,196.0800000000001,942
2026-03-19T14:00:00+00:00,196.0800000000001,196.8000000000001,195.8000000000001,196.7600000000001,999
2026-03-19T14:05:00+00:00,196.7600000000001,197.3800000000001,196.59000000000012,196.87000000000012,1095
2026-03-19T14:10:00+00:00,196.87000000000012,198.0000000000001,196.6100000000001,197.1900000000001,1111
2026-03-19T14:15:00+00:00,197.1900000000001,197.87000000000012,197.0500000000001,197.6000000000001,1009
2026-03-19T14:20:00+00:00,197.6000000000001,198.06000000000012,196.6000000000001,197.0000000000001,834
2026-03-19T14:25:00+00:00,197.0000000000001,197.4900000000001,196.62000000000012,196.8600000000001,791
2026-03-19T14:30:00+00:00,196.8600000000001,198.3600000000001,196.78000000000011,198.28000000000011,829
2026-03-19T14:35:00+00:00,198.28000000000011,198.65000000000012,197.2200000000001,197.56000000000012,748
2026-03-19T14:40:00+00:00,197.56000000000012,197.9200000000001,197.3800000000001,197.59000000000012,782
2026-03-19T14:45:00+00:00,197.59000000000012,198.0100000000001,197.4800000000001,197.9900000000001,598
2026-03-19T14:50:00+00:00,197.9900000000001,198.4800000000001,197.71000000000012,198.09000000000012,700
2026-03-19T14:55:00+00:00,198.09000000000012,198.7600000000001,197.8000000000001,198.40000000000012,563
2026-03-19T15:00:00+00:00,198.40000000000012,199.03000000000011,198.3300000000001,198.9700000000001,685
2026-03-19T15:05:00+00:00,198.9700000000001,199.9900000000001,198.7500000000001,199.2200000000001,705
2026-03-19T15:10:00+00:00,199.2200000000001,199.7200000000001,199.0500000000001,199.62000000000012,566
2026-03-19T15:15:00+00:00,199.62000000000012,200.0700000000001,199.21000000000012,199.2400000000001,631
2026-03-19T15:20:00+00:00,199.2400000000001,199.4900000000001,198.7900000000001,198.8300000000001,614
2026-03-19T15:25:00+00:00,198.8300000000001,198.9800000000001,198.5400000000001,198.7000000000001,673
2026-03-19T15:30:00+00:00,198.7000000000001,198.71000000000012,197.9800000000001,197.9800000000001,638
2026-03-19T15:35:00+00:00,197.9800000000001,198.43000000000012,197.8900000000001,198.3900000000001,574
2026-03-19T15:40:00+00:00,198.3900000000001,198.6700000000001,198.2700000000001,198.3200000000001,695
2026-03-19T15:45:00+00:00,198.3200000000001,198.9400000000001,198.1900000000001,198.8600000000001,814
2026-03-19T15:50:00+00:00,198.8600000000001,199.0100000000001,198.5500000000001,198.78000000000011,594
2026-03-19T15:55:00+00:00,198.78000000000011,199.5100000000001,198.7200000000001,199.4900000000001,752
2026-03-19T16:00:00+00:00,199.4900000000001,200.7400000000001,199.3300000000001,200.3200000000001,712
2026-03-19T16:05:00+00:00,200.3200000000001,200.7200000000001,200.1300000000001,200.31000000000012,683
2026-03-19T16:10:00+00:00,200.31000000000012,200.3800000000001,199.7000000000001,199.7900000000001,736
2026-03-19T16:15:00+00:00,199.7900000000001,199.9700000000001,199.4900000000001,199.6900000000001,615
2026-03-19T16:20:00+00:00,199.6900000000001,200.0500000000001,199.62000000000012,199.90000000000012,526
2026-03-19T16:25:00+00:00,199.90000000000012,200.6400000000001,199.8800000000001,200.56000000000012,553
2026-03-19T16:30:00+00:00,200.56000000000012,200.7200000000001,200.0700000000001,200.18000000000012,630
2026-03-19T16:35:00+00:00,200.18000000000012,200.8000000000001,200.0800000000001,200.8000000000001,502
2026-03-19T16:40:00+00:00,200.8000000000001,201.1100000000001,200.5200000000001,200.7000000000001,646
2026-03-19T16:45:00+00:00,200.7000000000001,200.7700000000001,200.1100000000001,200.21000000000012,533
2026-03-19T16:50:00+00:00,200.21000000000012,200.2200000000001,199.7000000000001,200.09000000000012,560
2026-03-19T16:55:00+00:00,200.09000000000012,200.2500000000001,199.96000000000012,200.1700000000001,436
2026-03-19T17:00:00+00:00,200.1700000000001,200.3300000000001,199.84000000000012,199.8500000000001,474
2026-03-19T17:05:00+00:00,199.8500000000001,199.9100000000001,199.0000000000001,199.1700000000001,481
2026-03-19T17:10:00+00:00,199.1700000000001,199.3200000000001,198.90000000000012,199.06000000000012,547
2026-03-19T17:15:00+00:00,199.06000000000012,199.37000000000012,198.9500000000001,199.3300000000001,489
2026-03-19T17:20:00+00:00,199.3300000000001,199.8200000000001,199.2300000000001,199.6100000000001,570
2026-03-19T17:25:00+00:00,199.6100000000001,199.9900000000001,199.5500000000001,199.9100000000001,375
2026-03-19T17:30:00+00:00,199.9100000000001,200.2700000000001,199.8900000000001,199.9800000000001,513
2026-03-19T17:35:00+00:00,199.9800000000001,200.12000000000012,199.7900000000001,199.84000000000012,432
2026-03-19T17:40:00+00:00,199.84000000000012,200.0800000000001,199.6900000000001,200.0500000000001,385
2026-03-19T17:45:00+00:00,200.0500000000001,200.2600000000001,199.9700000000001,200.21000000000012,387
2026-03-19T17:50:00+00:00,200.21000000000012,201.0100000000001,200.1700000000001,201.0100000000001,417
2026-03-19T17:55:00+00:00,201.0100000000001,201.0100000000001,200.6900000000001,200.8300000000001,516
2026-03-19T18:00:00+00:00,200.8300000000001,201.0700000000001,200.8300000000001,201.0100000000001,448
2026-03-19T18:05:00+00:00,201.0100000000001,201.6900000000001,200.8600000000001,201.4700000000001,515
2026-03-19T18:10:00+00:00,201.4700000000001,202.59000000000012,201.3800000000001,202.4700000000001,567
2026-03-19T18:15:00+00:00,202.4700000000001,202.5000000000001,202.0400000000001,202.2700000000001,531
2026-03-19T18:20:00+00:00,202.2700000000001,202.4700000000001,202.0800000000001,202.1900000000001,507
2026-03-19T18:25:00+00:00,202.1900000000001,202.7400000000001,202.1900000000001,202.5500000000001,416
2026-03-19T18:30:00+00:00,202.5500000000001,202.6300000000001,202.2000000000001,202.31000000000012,476
2026-03-19T18:35:00+00:00,202.31000000000012,202.46000000000012,201.9700000000001,202.0200000000001,494
2026-03-19T18:40:00+00:00,202.0200000000001,202.0500000000001,201.43000000000012,201.5000000000001,362
2026-03-19T18:45:00+00:00,201.5000000000001,201.71000000000012,201.3000000000001,201.71000000000012,469
2026-03-19T18:50:00+00:00,201.71000000000012,201.9500000000001,201.4200000000001,201.87000000000012,468
2026-03-19T18:55:00+00:00,201.87000000000012,202.9800000000001,201.7600000000001,202.7700000000001,665
2026-03-19T19:00:00+00:00,202.7700000000001,203.96000000000012,202.7300000000001,203.7000000000001,1384
2026-03-19T19:05:00+00:00,203.7000000000001,205.1300000000001,203.68000000000012,204.59000000000012,1970
2026-03-19T19:10:00+00:00,204.59000000000012,205.2900000000001,204.1000000000001,204.8500000000001,1657
2026-03-19T19:15:00+00:00,204.8500000000001,205.0700000000001,204.12000000000012,204.5400000000001,1086
2026-03-19T19:20:00+00:00,204.5400000000001,204.6100000000001,204.09000000000012,204.2300000000001,894
2026-03-19T19:25:00+00:00,204.2300000000001,204.7400000000001,203.81000000000012,204.6400000000001,1015
2026-03-19T19:30:00+00:00,204.6400000000001,204.81000000000012,204.21000000000012,204.4100000000001,905
2026-03-19T19:35:00+00:00,204.4100000000001,204.7400000000001,203.7200000000001,204.6900000000001,717
2026-03-19T19:40:00+00:00,204.6900000000001,205.21000000000012,204.68000000000012,204.8300000000001,1077
2026-03-19T19:45:00+00:00,204.8300000000001,205.5700000000001,204.7400000000001,205.2200000000001,1230
2026-03-19T19:50:00+00:00,205.2200000000001,205.43000000000012,204.56000000000012,204.8800000000001,1477
2026-03-19T19:55:00+00:00,204.8800000000001,205.2000000000001,204.71000000000012,204.93000000000012,1906
2026-03-20T13:30:00+00:00,204.93000000000012,205.78000000000011,202.4500000000001,204.1000000000001,658
2026-03-20T13:35:00+00:00,204.1000000000001,204.90000000000012,203.4800000000001,203.56000000000012,679
2026-03-20T13:40:00+00:00,203.56000000000012,204.8000000000001,203.3000000000001,204.68000000000012,762
2026-03-20T13:45:00+00:00,204.68000000000012,205.0200000000001,203.5100000000001,203.7900000000001,982
2026-03-20T13:50:00+00:00,203.7900000000001,203.8300000000001,202.5800000000001,202.9200000000001,730
2026-03-20T13:55:00+00:00,202.9200000000001,203.0400000000001,201.6100000000001,201.68000000000012,768
2026-03-20T14:00:00+00:00,201.68000000000012,201.96000000000012,201.2400000000001,201.7000000000001,1037
2026-03-20T14:05:00+00:00,201.7000000000001,202.0700000000001,200.5500000000001,201.2900000000001,829
2026-03-20T14:10:00+00:00,201.2900000000001,201.4200000000001,200.4100000000001,200.56000000000012,828
2026-03-20T14:15:00+00:00,200.56000000000012,201.2000000000001,200.5200000000001,200.9500000000001,949
2026-03-20T14:20:00+00:00,200.9500000000001,200.96000000000012,199.8500000000001,200.0400000000001,1005
2026-03-20T14:25:00+00:00,200.0400000000001,200.21000000000012,199.34000000000012,199.43000000000012,901
2026-03-20T14:30:00+00:00,199.43000000000012,200.5700000000001,199.43000000000012,200.5400000000001,897
2026-03-20T14:35:00+00:00,200.5400000000001,200.6900000000001,199.7000000000001,200.1400000000001,836
2026-03-20T14:40:00+00:00,200.1400000000001,200.87000000000012,199.9400000000001,200.87000000000012,809
2026-03-20T14:45:00+00:00,200.87000000000012,201.12000000000012,200.56000000000012,200.8600000000001,674
2026-03-20T14:50:00+00:00,200.8600000000001,200.9700000000001,200.09000000000012,200.1700000000001,695
2026-03-20T14:55:00+00:00,200.1700000000001,201.2300000000001,200.15000000000012,201.09000000000012,728
2026-03-20T15:00:00+00:00,201.09000000000012,201.90000000000012,200.3300000000001,200.5000000000001,860
2026-03-20T15:05:00+00:00,200.5000000000001,200.9700000000001,200.4900000000001,200.90000000000012,635
2026-03-20T15:10:00+00:00,200.90000000000012,202.0700000000001,200.87000000000012,201.8000000000001,584
2026-03-20T15:15:00+00:00,201.8000000000001,201.9100000000001,200.93000000000012,200.9400000000001,575
2026-03-20T15:20:00+00:00,200.9400000000001,202.2300000000001,200.90000000000012,201.31000000000012,785
2026-03-20T15:25:00+00:00,201.31000000000012,201.7000000000001,201.0200000000001,201.5200000000001,619
2026-03-20T15:30:00+00:00,201.5200000000001,202.0700000000001,201.2400000000001,201.9800000000001,603
2026-03-20T15:35:00+00:00,201.9800000000001,202.1000000000001,201.5400000000001,201.7000000000001,613
2026-03-20T15:40:00+00:00,201.7000000000001,201.8900000000001,201.3800000000001,201.62000000000012,467
2026-03-20T15:45:00+00:00,201.62000000000012,201.8600000000001,201.3800000000001,201.53000000000011,438
2026-03-20T15:50:00+00:00,201.53000000000011,201.6600000000001,201.31000000000012,201.6000000000001,429
2026-03-20T15:55:00+00:00,201.6000000000001,202.1000000000001,201.5500000000001,201.9800000000001,452
2026-03-20T16:00:00+00:00,201.9800000000001,202.5800000000001,201.6900000000001,202.5200000000001,451
2026-03-20T16:05:00+00:00,202.5200000000001,202.5200000000001,201.93000000000012,202.1600000000001,506
2026-03-20T16:10:00+00:00,202.1600000000001,202.4400000000001,201.8800000000001,201.96000000000012,436
2026-03-20T16:15:00+00:00,201.96000000000012,202.5200000000001,201.7900000000001,202.37000000000012,475
2026-03-20T16:20:00+00:00,202.37000000000012,202.4500000000001,202.0800000000001,202.1000000000001,358
2026-03-20T16:25:00+00:00,202.1000000000001,202.1600000000001,201.6300000000001,201.6900000000001,383
2026-03-20T16:30:00+00:00,201.6900000000001,201.7200000000001,200.9200000000001,201.2900000000001,500
2026-03-20T16:35:00+00:00,201.2900000000001,201.4500000000001,200.9500000000001,201.0700000000001,400
2026-03-20T16:40:00+00:00,201.0700000000001,201.15000000000012,200.8500000000001,201.0100000000001,346
2026-03-20T16:45:00+00:00,201.0100000000001,201.06000000000012,200.6300000000001,200.8900000000001,388
2026-03-20T16:50:00+00:00,200.8900000000001,201.0400000000001,200.59000000000012,200.7500000000001,472
2026-03-20T16:55:00+00:00,200.7500000000001,201.2500000000001,200.7200000000001,200.8600000000001,406
2026-03-20T17:00:00+00:00,200.8600000000001,201.2500000000001,200.8600000000001,200.9700000000001,404
2026-03-20T17:05:00+00:00,200.9700000000001,201.3200000000001,200.31000000000012,200.9900000000001,863
2026-03-20T17:10:00+00:00,200.9900000000001,201.0700000000001,200.43000000000012,200.43000000000012,495
2026-03-20T17:15:00+00:00,200.43000000000012,200.5500000000001,200.18000000000012,200.2700000000001,428
2026-03-20T17:20:00+00:00,200.2700000000001,200.65000000000012,200.2500000000001,200.4500000000001,466
2026-03-20T17:25:00+00:00,200.4500000000001,200.4500000000001,199.8800000000001,199.93000000000012,395
2026-03-20T17:30:00+00:00,199.93000000000012,200.18000000000012,199.7500000000001,199.84000000000012,367
2026-03-20T17:35:00+00:00,199.84000000000012,199.9500000000001,199.1000000000001,199.2900000000001,563
2026-03-20T17:40:00+00:00,199.2900000000001,199.4800000000001,199.03000000000011,199.0800000000001,523
2026-03-20T17:45:00+00:00,199.0800000000001,199.15000000000012,198.5700000000001,198.7300000000001,527
2026-03-20T17:50:00+00:00,198.7300000000001,199.3900000000001,198.6900000000001,199.2900000000001,500
2026-03-20T17:55:00+00:00,199.2900000000001,199.65000000000012,199.28000000000011,199.46000000000012,483
2026-03-20T18:00:00+00:00,199.46000000000012,199.62000000000012,199.31000000000012,199.31000000000012,407
2026-03-20T18:05:00+00:00,199.31000000000012,199.68000000000012,199.1600000000001,199.6300000000001,431
2026-03-20T18:10:00+00:00,199.6300000000001,199.7400000000001,199.3300000000001,199.6300000000001,283
2026-03-20T18:15:00+00:00,199.6300000000001,199.7400000000001,199.4400000000001,199.6300000000001,361
2026-03-20T18:20:00+00:00,199.6300000000001,199.7500000000001,198.6000000000001,198.90000000000012,625
2026-03-20T18:25:00+00:00,198.90000000000012,199.4800000000001,198.84000000000012,199.2000000000001,696
2026-03-20T18:30:00+00:00,199.2000000000001,199.3000000000001,198.7200000000001,198.8200000000001,394
2026-03-20T18:35:00+00:00,198.8200000000001,198.8900000000001,198.2700000000001,198.46000000000012,440
2026-03-20T18:40:00+00:00,198.46000000000012,198.7500000000001,198.37000000000012,198.56000000000012,457
2026-03-20T18:45:00+00:00,198.56000000000012,198.7300000000001,198.2900000000001,198.3900000000001,460
2026-03-20T18:50:00+00:00,198.3900000000001,198.6600000000001,198.1700000000001,198.21000000000012,477
2026-03-20T18:55:00+00:00,198.21000000000012,198.6000000000001,197.96000000000012,198.40000000000012,475
2026-03-20T19:00:00+00:00,198.40000000000012,198.87000000000012,198.3000000000001,198.46000000000012,622
2026-03-20T19:05:00+00:00,198.46000000000012,198.5800000000001,198.0200000000001,198.2000000000001,460
2026-03-20T19:10:00+00:00,198.2000000000001,198.6700000000001,197.9400000000001,198.6000000000001,487
2026-03-20T19:15:00+00:00,198.6000000000001,198.90000000000012,198.4500000000001,198.6900000000001,511
2026-03-20T19:20:00+00:00,198.6900000000001,199.0500000000001,198.2000000000001,198.2900000000001,613
2026-03-20T19:25:00+00:00,198.2900000000001,198.7300000000001,198.2600000000001,198.4200000000001,689
2026-03-20T19:30:00+00:00,198.4200000000001,198.8300000000001,198.3500000000001,198.5100000000001,682
2026-03-20T19:35:00+00:00,198.5100000000001,198.7600000000001,198.0700000000001,198.7400000000001,915
2026-03-20T19:40:00+00:00,198.7400000000001,199.5800000000001,198.6600000000001,199.43000000000012,1043
2026-03-20T19:45:00+00:00,199.43000000000012,199.43000000000012,198.9400000000001,199.3300000000001,1184
2026-03-20T19:50:00+00:00,199.3300000000001,200.0700000000001,199.15000000000012,199.96000000000012,1378
2026-03-20T19:55:00+00:00,199.96000000000012,201.5700000000001,199.8500000000001,201.12000000000012,1989
2026-03-23T13:30:00+00:00,201.12000000000012,208.68000000000012,201.12000000000012,206.03000000000011,854
2026-03-23T13:35:00+00:00,206.03000000000011,206.7400000000001,205.4800000000001,206.59000000000012,1255
2026-03-23T13:40:00+00:00,206.59000000000012,206.62000000000012,205.6900000000001,206.1400000000001,1336
2026-03-23T13:45:00+00:00,206.1400000000001,207.4900000000001,206.0800000000001,207.3900000000001,1171
2026-03-23T13:50:00+00:00,207.3900000000001,207.6900000000001,206.2400000000001,206.7500000000001,920
2026-03-23T13:55:00+00:00,206.7500000000001,207.87000000000012,206.4800000000001,207.84000000000012,980
2026-03-23T14:00:00+00:00,207.84000000000012,207.96000000000012,205.78000000000011,205.8000000000001,1115
2026-03-23T14:05:00+00:00,205.8000000000001,206.59000000000012,205.78000000000011,206.0000000000001,1112
2026-03-23T14:10:00+00:00,206.0000000000001,206.9800000000001,205.8900000000001,206.3200000000001,950
2026-03-23T14:15:00+00:00,206.3200000000001,207.53000000000011,206.31000000000012,207.3900000000001,760
2026-03-23T14:20:00+00:00,207.3900000000001,207.81000000000012,207.1400000000001,207.65000000000012,766
2026-03-23T14:25:00+00:00,207.65000000000012,207.8200000000001,206.6000000000001,207.06000000000012,1005
2026-03-23T14:30:00+00:00,207.06000000000012,207.1300000000001,206.28000000000011,206.46000000000012,1064
2026-03-23T14:35:00+00:00,206.46000000000012,206.5000000000001,205.6300000000001,205.7700000000001,1034
2026-03-23T14:40:00+00:00,205.7700000000001,205.9700000000001,205.3900000000001,205.9500000000001,931
2026-03-23T14:45:00+00:00,205.9500000000001,206.3200000000001,205.43000000000012,206.2300000000001,972
2026-03-23T14:50:00+00:00,206.2300000000001,206.8900000000001,205.78000000000011,206.81000000000012,849
2026-03-23T14:55:00+00:00,206.81000000000012,207.1700000000001,206.4200000000001,206.53000000000011,820
2026-03-23T15:00:00+00:00,206.53000000000011,207.6100000000001,206.4200000000001,207.43000000000012,898
2026-03-23T15:05:00+00:00,207.43000000000012,207.7500000000001,207.18000000000012,207.68000000000012,727
2026-03-23T15:10:00+00:00,207.68000000000012,207.90000000000012,207.18000000000012,207.4500000000001,845
2026-03-23T15:15:00+00:00,207.4500000000001,207.6300000000001,206.8800000000001,206.8900000000001,856
2026-03-23T15:20:00+00:00,206.8900000000001,206.9800000000001,206.2200000000001,206.8300000000001,952
2026-03-23T15:25:00+00:00,206.8300000000001,206.9200000000001,206.18000000000012,206.6600000000001,721
2026-03-23T15:30:00+00:00,206.6600000000001,207.3500000000001,206.4200000000001,206.5400000000001,760
2026-03-23T15:35:00+00:00,206.5400000000001,206.59000000000012,204.8800000000001,205.09000000000012,837
2026-03-23T15:40:00+00:00,205.09000000000012,205.1300000000001,204.43000000000012,204.8300000000001,840
2026-03-23T15:45:00+00:00,204.8300000000001,204.9800000000001,204.0700000000001,204.1000000000001,849
2026-03-23T15:50:00+00:00,204.1000000000001,204.2200000000001,203.0100000000001,203.2200000000001,1120
2026-03-23T15:55:00+00:00,203.2200000000001,203.2200000000001,201.4400000000001,201.6400000000001,1163
2026-03-23T16:00:00+00:00,201.6400000000001,202.3300000000001,201.43000000000012,201.4800000000001,1078
2026-03-23T16:05:00+00:00,201.4800000000001,203.0000000000001,201.3900000000001,202.7300000000001,975
2026-03-23T16:10:00+00:00,202.7300000000001,203.40000000000012,202.4200000000001,203.2300000000001,825
2026-03-23T16:15:00+00:00,203.2300000000001,203.28000000000011,202.7200000000001,202.9400000000001,766
2026-03-23T16:20:00+00:00,202.9400000000001,203.4100000000001,202.6600000000001,203.2500000000001,848
2026-03-23T16:25:00+00:00,203.2500000000001,203.2700000000001,202.1900000000001,202.2300000000001,775
2026-03-23T16:30:00+00:00,202.2300000000001,203.0100000000001,202.18000000000012,202.9900000000001,818
2026-03-23T16:35:00+00:00,202.9900000000001,203.46000000000012,202.81000000000012,203.1700000000001,670
2026-03-23T16:40:00+00:00,203.1700000000001,203.4900000000001,202.93000000000012,203.2000000000001,701
2026-03-23T16:45:00+00:00,203.2000000000001,203.9900000000001,203.1700000000001,203.5400000000001,751
2026-03-23T16:50:00+00:00,203.5400000000001,203.6900000000001,202.84000000000012,202.90000000000012,678
2026-03-23T16:55:00+00:00,202.90000000000012,203.2900000000001,202.7200000000001,203.1600000000001,528
2026-03-23T17:00:00+00:00,203.1600000000001,203.7700000000001,203.1600000000001,203.59000000000012,685
2026-03-23T17:05:00+00:00,203.59000000000012,203.8200000000001,203.2500000000001,203.6900000000001,565
2026-03-23T17:10:00+00:00,203.6900000000001,203.7500000000001,203.0800000000001,203.1300000000001,600
2026-03-23T17:15:00+00:00,203.1300000000001,203.4100000000001,202.81000000000012,203.0500000000001,520
2026-03-23T17:20:00+00:00,203.0500000000001,203.12000000000012,202.62000000000012,202.8000000000001,528
2026-03-23T17:25:00+00:00,202.8000000000001,203.3800000000001,202.7300000000001,203.1900000000001,543
2026-03-23T17:30:00+00:00,203.1900000000001,204.09000000000012,203.1700000000001,203.78000000000011,721
2026-03-23T17:35:00+00:00,203.78000000000011,204.3500000000001,203.7500000000001,203.9700000000001,718
2026-03-23T17:40:00+00:00,203.9700000000001,204.12000000000012,203.6000000000001,203.7600000000001,721
2026-03-23T17:45:00+00:00,203.7600000000001,203.7700000000001,203.3800000000001,203.59000000000012,536
2026-03-23T17:50:00+00:00,203.59000000000012,203.9900000000001,203.5100000000001,203.9100000000001,543
2026-03-23T17:55:00+00:00,203.9100000000001,204.40000000000012,203.7200000000001,204.3900000000001,576
2026-03-23T18:00:00+00:00,204.3900000000001,204.7900000000001,204.2900000000001,204.68000000000012,488
2026-03-23T18:05:00+00:00,204.68000000000012,204.78000000000011,203.9800000000001,204.2700000000001,702
2026-03-23T18:10:00+00:00,204.2700000000001,204.8000000000001,204.18000000000012,204.4200000000001,551
2026-03-23T18:15:00+00:00,204.4200000000001,204.59000000000012,204.09000000000012,204.1900000000001,554
2026-03-23T18:20:00+00:00,204.1900000000001,204.46000000000012,204.18000000000012,204.40000000000012,460
2026-03-23T18:25:00+00:00,204.40000000000012,204.62000000000012,204.1300000000001,204.2600000000001,530
2026-03-23T18:30:00+00:00,204.2600000000001,205.1400000000001,204.2400000000001,205.1300000000001,516
2026-03-23T18:35:00+00:00,205.1300000000001,205.46000000000012,204.7000000000001,204.9800000000001,740
2026-03-23T18:40:00+00:00,204.9800000000001,205.37000000000012,204.90000000000012,205.3000000000001,577
2026-03-23T18:45:00+00:00,205.3000000000001,205.5400000000001,205.18000000000012,205.46000000000012,582
2026-03-23T18:50:00+00:00,205.46000000000012,205.53000000000011,204.5200000000001,204.7400000000001,541
2026-03-23T18:55:00+00:00,204.7400000000001,204.8200000000001,204.4800000000001,204.6300000000001,488
2026-03-23T19:00:00+00:00,204.6300000000001,204.6300000000001,203.87000000000012,203.9700000000001,783
2026-03-23T19:05:00+00:00,203.9700000000001,204.4500000000001,203.8900000000001,204.37000000000012,659
2026-03-23T19:10:00+00:00,204.37000000000012,204.40000000000012,203.96000000000012,204.2200000000001,552
2026-03-23T19:15:00+00:00,204.2200000000001,204.37000000000012,203.59000000000012,203.9500000000001,615
2026-03-23T19:20:00+00:00,203.9500000000001,204.1400000000001,203.8500000000001,204.0700000000001,695
2026-03-23T19:25:00+00:00,204.0700000000001,204.3200000000001,203.8300000000001,204.1400000000001,797
2026-03-23T19:30:00+00:00,204.1400000000001,204.3300000000001,204.06000000000012,204.1300000000001,653
2026-03-23T19:35:00+00:00,204.1300000000001,204.2300000000001,203.6400000000001,203.7200000000001,746
2026-03-23T19:40:00+00:00,203.7200000000001,203.7900000000001,203.2300000000001,203.3500000000001,827
2026-03-23T19:45:00+00:00,203.3500000000001,203.65000000000012,203.0100000000001,203.06000000000012,1094
2026-03-23T19:50:00+00:00,203.06000000000012,203.1100000000001,202.5200000000001,202.7600000000001,1320
2026-03-23T19:55:00+00:00,202.7600000000001,202.9900000000001,202.31000000000012,202.31000000000012,1638
2026-03-24T13:30:00+00:00,202.31000000000012,204.31000000000012,199.8800000000001,204.1700000000001,504
2026-03-24T13:35:00+00:00,204.1700000000001,204.5500000000001,203.6100000000001,204.06000000000012,683
2026-03-24T13:40:00+00:00,204.06000000000012,204.06000000000012,201.81000000000012,202.68000000000012,942
2026-03-24T13:45:00+00:00,202.68000000000012,203.7700000000001,202.5000000000001,202.9100000000001,861
2026-03-24T13:50:00+00:00,202.9100000000001,203.18000000000012,201.43000000000012,202.1000000000001,1018
2026-03-24T13:55:00+00:00,202.1000000000001,202.8000000000001,201.9700000000001,202.0800000000001,701
2026-03-24T14:00:00+00:00,202.0800000000001,202.7700000000001,201.68000000000012,202.4200000000001,896
2026-03-24T14:05:00+00:00,202.4200000000001,203.1100000000001,202.3200000000001,203.0400000000001,1034
2026-03-24T14:10:00+00:00,203.0400000000001,203.09000000000012,200.4800000000001,201.0400000000001,1013
2026-03-24T14:15:00+00:00,201.0400000000001,201.5400000000001,200.8500000000001,201.31000000000012,949
2026-03-24T14:20:00+00:00,201.31000000000012,201.4200000000001,200.1400000000001,200.78000000000011,899
2026-03-24T14:25:00+00:00,200.78000000000011,201.0700000000001,199.84000000000012,200.62000000000012,980
2026-03-24T14:30:00+00:00,200.62000000000012,201.71000000000012,200.5700000000001,201.68000000000012,821
2026-03-24T14:35:00+00:00,201.68000000000012,202.0800000000001,201.2000000000001,201.46000000000012,856
2026-03-24T14:40:00+00:00,201.46000000000012,202.0100000000001,201.2700000000001,201.8600000000001,706
2026-03-24T14:45:00+00:00,201.8600000000001,202.7600000000001,201.3900000000001,201.3900000000001,778
2026-03-24T14:50:00+00:00,201.3900000000001,202.7700000000001,200.7600000000001,202.2200000000001,1532
2026-03-24T14:55:00+00:00,202.2200000000001,202.7700000000001,200.8500000000001,201.4700000000001,1088
2026-03-24T15:00:00+00:00,201.4700000000001,202.6700000000001,201.46000000000012,202.34000000000012,974
2026-03-24T15:05:00+00:00,202.34000000000012,203.0100000000001,202.1900000000001,202.5000000000001,558
2026-03-24T15:10:00+00:00,202.5000000000001,203.12000000000012,201.9900000000001,202.9200000000001,685
2026-03-24T15:15:00+00:00,202.9200000000001,204.0200000000001,202.8800000000001,203.8800000000001,623
2026-03-24T15:20:00+00:00,203.8800000000001,204.62000000000012,203.53000000000011,204.4500000000001,586
2026-03-24T15:25:00+00:00,204.4500000000001,204.7400000000001,204.1400000000001,204.15000000000012,572
2026-03-24T15:30:00+00:00,204.15000000000012,204.31000000000012,203.56000000000012,204.1300000000001,646
2026-03-24T15:35:00+00:00,204.1300000000001,204.6700000000001,204.0000000000001,204.4200000000001,525
2026-03-24T15:40:00+00:00,204.4200000000001,204.4700000000001,203.90000000000012,203.9900000000001,508
2026-03-24T15:45:00+00:00,203.9900000000001,204.15000000000012,203.40000000000012,203.4500000000001,629
2026-03-24T15:50:00+00:00,203.4500000000001,203.87000000000012,203.4200000000001,203.46000000000012,608
2026-03-24T15:55:00+00:00,203.46000000000012,203.46000000000012,202.5500000000001,203.15000000000012,743
2026-03-24T16:00:00+00:00,203.15000000000012,203.5000000000001,202.78000000000011,202.96000000000012,791
2026-03-24T16:05:00+00:00,202.96000000000012,203.3300000000001,202.8200000000001,203.2600000000001,542
2026-03-24T16:10:00+00:00,203.2600000000001,203.40000000000012,202.6300000000001,202.7400000000001,583
2026-03-24T16:15:00+00:00,202.7400000000001,203.1600000000001,202.71000000000012,203.0800000000001,542
2026-03-24T16:20:00+00:00,203.0800000000001,203.2200000000001,202.7300000000001,203.0700000000001,467
2026-03-24T16:25:00+00:00,203.0700000000001,203.1600000000001,202.7500000000001,203.03000000000011,431
2026-03-24T16:30:00+00:00,203.03000000000011,203.1600000000001,202.7300000000001,202.7400000000001,397
2026-03-24T16:35:00+00:00,202.7400000000001,202.7600000000001,202.0400000000001,202.2600000000001,620
2026-03-24T16:40:00+00:00,202.2600000000001,202.9400000000001,202.1900000000001,202.8600000000001,503
2026-03-24T16:45:00+00:00,202.8600000000001,203.4100000000001,202.8500000000001,203.0700000000001,485
2026-03-24T16:50:00+00:00,203.0700000000001,203.1900000000001,201.9500000000001,201.9800000000001,628
2026-03-24T16:55:00+00:00,201.9800000000001,202.2600000000001,201.1900000000001,201.31000000000012,649
2026-03-24T17:00:00+00:00,201.31000000000012,201.9800000000001,200.8300000000001,200.8500000000001,740
2026-03-24T17:05:00+00:00,200.8500000000001,201.12000000000012,200.18000000000012,200.59000000000012,1112
2026-03-24T17:10:00+00:00,200.59000000000012,200.6900000000001,199.81000000000012,200.37000000000012,769
2026-03-24T17:15:00+00:00,200.37000000000012,200.5400000000001,199.87000000000012,200.03000000000011,634
2026-03-24T17:20:00+00:00,200.03000000000011,200.5400000000001,199.9800000000001,200.2000000000001,664
2026-03-24T17:25:00+00:00,200.2000000000001,201.03000000000011,200.18000000000012,200.9400000000001,533
2026-03-24T17:30:00+00:00,200.9400000000001,201.18000000000012,200.62000000000012,200.6700000000001,431
2026-03-24T17:35:00+00:00,200.6700000000001,201.1000000000001,200.4800000000001,200.9700000000001,442
2026-03-24T17:40:00+00:00,200.9700000000001,201.4100000000001,200.8800000000001,201.1400000000001,526
2026-03-24T17:45:00+00:00,201.1400000000001,202.0700000000001,200.9800000000001,202.03000000000011,430
2026-03-24T17:50:00+00:00,202.03000000000011,202.31000000000012,201.71000000000012,202.2600000000001,607
2026-03-24T17:55:00+00:00,202.2600000000001,203.4700000000001,202.0400000000001,203.3800000000001,1096
2026-03-24T18:00:00+00:00,203.3800000000001,203.4500000000001,202.7200000000001,203.1000000000001,759
2026-03-24T18:05:00+00:00,203.1000000000001,203.4500000000001,202.9500000000001,203.3500000000001,431
2026-03-24T18:10:00+00:00,203.3500000000001,204.03000000000011,203.2400000000001,203.7300000000001,478
2026-03-24T18:15:00+00:00,203.7300000000001,203.7500000000001,203.1300000000001,203.53000000000011,704
2026-03-24T18:20:00+00:00,203.53000000000011,203.7900000000001,203.3500000000001,203.4900000000001,562
2026-03-24T18:25:00+00:00,203.4900000000001,204.3900000000001,203.4400000000001,204.2700000000001,537
2026-03-24T18:30:00+00:00,204.2700000000001,204.9100000000001,204.1300000000001,204.7600000000001,601
2026-03-24T18:35:00+00:00,204.7600000000001,205.7900000000001,204.6400000000001,205.78000000000011,630
2026-03-24T18:40:00+00:00,205.78000000000011,205.8300000000001,205.2000000000001,205.4800000000001,888
2026-03-24T18:45:00+00:00,205.4800000000001,205.5800000000001,205.1700000000001,205.2900000000001,521
2026-03-24T18:50:00+00:00,205.2900000000001,205.5500000000001,205.2300000000001,205.34000000000012,555
2026-03-24T18:55:00+00:00,205.34000000000012,205.3500000000001,204.9200000000001,205.0100000000001,595
2026-03-24T19:00:00+00:00,205.0100000000001,205.4700000000001,205.0000000000001,205.12000000000012,694
2026-03-24T19:05:00+00:00,205.12000000000012,205.4900000000001,204.9700000000001,205.4100000000001,547
2026-03-24T19:10:00+00:00,205.4100000000001,205.7700000000001,205.3500000000001,205.68000000000012,544
2026-03-24T19:15:00+00:00,205.68000000000012,205.7200000000001,205.3500000000001,205.6000000000001,564
2026-03-24T19:20:00+00:00,205.6000000000001,205.7700000000001,205.3200000000001,205.65000000000012,650
2026-03-24T19:25:00+00:00,205.65000000000012,206.09000000000012,205.31000000000012,205.3800000000001,680
2026-03-24T19:30:00+00:00,205.3800000000001,205.6400000000001,205.03000000000011,205.1100000000001,791
2026-03-24T19:35:00+00:00,205.1100000000001,205.43000000000012,204.7900000000001,205.2600000000001,858
2026-03-24T19:40:00+00:00,205.2600000000001,205.4400000000001,205.1900000000001,205.2400000000001,751
2026-03-24T19:45:00+00:00,205.2400000000001,205.2400000000001,204.7900000000001,204.9100000000001,803
2026-03-24T19:50:00+00:00,204.9100000000001,204.9700000000001,204.2600000000001,204.4100000000001,990
2026-03-24T19:55:00+00:00,204.4100000000001,205.1300000000001,204.4100000000001,205.0700000000001,1379
2026-03-25T13:30:00+00:00,205.0700000000001,215.7600000000001,205.0700000000001,215.7400000000001,1200
2026-03-25T13:35:00+00:00,215.7400000000001,218.2700000000001,215.1300000000001,217.21000000000012,1488
2026-03-25T13:40:00+00:00,217.21000000000012,218.3000000000001,215.9400000000001,216.15000000000012,1350
2026-03-25T13:45:00+00:00,216.15000000000012,216.5100000000001,215.0500000000001,215.3800000000001,1294
2026-03-25T13:50:00+00:00,215.3800000000001,216.3500000000001,214.9700000000001,215.8200000000001,1446
2026-03-25T13:55:00+00:00,215.8200000000001,216.5000000000001,214.9700000000001,215.0700000000001,1309
2026-03-25T14:00:00+00:00,215.0700000000001,216.7400000000001,214.1600000000001,216.2200000000001,1432
2026-03-25T14:05:00+00:00,216.2200000000001,218.0700000000001,215.8600000000001,218.0700000000001,1364
2026-03-25T14:10:00+00:00,218.0700000000001,218.7400000000001,217.68000000000012,218.7000000000001,1251
2026-03-25T14:15:00+00:00,218.7000000000001,218.7400000000001,217.6100000000001,217.8000000000001,1209
2026-03-25T14:20:00+00:00,217.8000000000001,218.78000000000011,217.71000000000012,218.3000000000001,1199
2026-03-25T14:25:00+00:00,218.3000000000001,219.46000000000012,218.3000000000001,219.0800000000001,1537
2026-03-25T14:30:00+00:00,219.0800000000001,219.1100000000001,218.3900000000001,218.6100000000001,1049
2026-03-25T14:35:00+00:00,218.6100000000001,219.0500000000001,218.21000000000012,218.4500000000001,882
2026-03-25T14:40:00+00:00,218.4500000000001,218.81000000000012,218.2400000000001,218.5500000000001,823
2026-03-25T14:45:00+00:00,218.5500000000001,219.2700000000001,218.1900000000001,219.1300000000001,847
2026-03-25T14:50:00+00:00,219.1300000000001,219.62000000000012,219.0000000000001,219.1300000000001,890
2026-03-25T14:55:00+00:00,219.1300000000001,219.34000000000012,218.8000000000001,219.0200000000001,760
2026-03-25T15:00:00+00:00,219.0200000000001,219.2300000000001,218.56000000000012,219.0100000000001,874
2026-03-25T15:05:00+00:00,219.0100000000001,219.0700000000001,218.4200000000001,218.6300000000001,975
2026-03-25T15:10:00+00:00,218.6300000000001,218.93000000000012,218.1400000000001,218.3900000000001,1196
2026-03-25T15:15:00+00:00,218.3900000000001,218.6300000000001,217.2600000000001,218.2500000000001,1805
2026-03-25T15:20:00+00:00,218.2500000000001,219.3200000000001,218.1000000000001,218.9400000000001,1320
2026-03-25T15:25:00+00:00,218.9400000000001,219.2900000000001,218.6000000000001,219.2200000000001,1090
2026-03-25T15:30:00+00:00,219.2200000000001,219.6000000000001,219.1000000000001,219.2700000000001,962
2026-03-25T15:35:00+00:00,219.2700000000001,219.3200000000001,218.18000000000012,218.3800000000001,907
2026-03-25T15:40:00+00:00,218.3800000000001,218.3800000000001,216.9800000000001,217.4200000000001,998
2026-03-25T15:45:00+00:00,217.4200000000001,217.68000000000012,216.8900000000001,217.40000000000012,1004
2026-03-25T15:50:00+00:00,217.40000000000012,217.65000000000012,216.93000000000012,217.3900000000001,813
2026-03-25T15:55:00+00:00,217.3900000000001,217.9800000000001,217.2200000000001,217.6400000000001,922
2026-03-25T16:00:00+00:00,217.6400000000001,217.9700000000001,216.46000000000012,216.6100000000001,1010
2026-03-25T16:05:00+00:00,216.6100000000001,216.8300000000001,216.43000000000012,216.6700000000001,751
2026-03-25T16:10:00+00:00,216.6700000000001,216.9200000000001,216.4800000000001,216.71000000000012,652
2026-03-25T16:15:00+00:00,216.71000000000012,216.8200000000001,216.3000000000001,216.7500000000001,728
2026-03-25T16:20:00+00:00,216.7500000000001,217.1700000000001,216.3900000000001,217.0700000000001,738
2026-03-25T16:25:00+00:00,217.0700000000001,218.03000000000011,217.0700000000001,217.8500000000001,1121
2026-03-25T16:30:00+00:00,217.8500000000001,218.2400000000001,217.6600000000001,218.0000000000001,726
2026-03-25T16:35:00+00:00,218.0000000000001,218.0400000000001,217.21000000000012,217.5500000000001,610
2026-03-25T16:40:00+00:00,217.5500000000001,218.2700000000001,217.4800000000001,218.2300000000001,641
2026-03-25T16:45:00+00:00,218.2300000000001,218.3600000000001,217.9700000000001,218.1900000000001,579
2026-03-25T16:50:00+00:00,218.1900000000001,218.37000000000012,217.6400000000001,218.2700000000001,590
2026-03-25T16:55:00+00:00,218.2700000000001,218.3300000000001,217.68000000000012,217.87000000000012,476
2026-03-25T17:00:00+00:00,217.87000000000012,218.1300000000001,217.4800000000001,217.5400000000001,678
2026-03-25T17:05:00+00:00,217.5400000000001,218.2200000000001,217.1000000000001,217.7700000000001,710
2026-03-25T17:10:00+00:00,217.7700000000001,218.4100000000001,217.7700000000001,218.28000000000011,635
2026-03-25T17:15:00+00:00,218.28000000000011,218.3300000000001,217.4700000000001,217.78000000000011,618
2026-03-25T17:20:00+00:00,217.78000000000011,218.0700000000001,217.6000000000001,217.8600000000001,587
2026-03-25T17:25:00+00:00,217.8600000000001,218.2600000000001,217.8600000000001,218.06000000000012,571
2026-03-25T17:30:00+00:00,218.06000000000012,218.90000000000012,218.0000000000001,218.87000000000012,666
2026-03-25T17:35:00+00:00,218.87000000000012,219.1600000000001,218.7900000000001,219.1000000000001,475
2026-03-25T17:40:00+00:00,219.1000000000001,220.2500000000001,218.9900000000001,219.96000000000012,753
2026-03-25T17:45:00+00:00,219.96000000000012,220.06000000000012,219.5800000000001,219.7600000000001,693
2026-03-25T17:50:00+00:00,219.7600000000001,219.9800000000001,219.28000000000011,219.3000000000001,815
2026-03-25T17:55:00+00:00,219.3000000000001,219.6600000000001,219.0800000000001,219.59000000000012,882
2026-03-25T18:00:00+00:00,219.59000000000012,219.6000000000001,219.2900000000001,219.4900000000001,599
2026-03-25T18:05:00+00:00,219.4900000000001,219.6600000000001,219.1900000000001,219.6300000000001,600
2026-03-25T18:10:00+00:00,219.6300000000001,220.3500000000001,219.5500000000001,220.2700000000001,554
2026-03-25T18:15:00+00:00,220.2700000000001,220.5200000000001,220.0500000000001,220.3200000000001,650
2026-03-25T18:20:00+00:00,220.3200000000001,220.93000000000012,220.3200000000001,220.71000000000012,585
2026-03-25T18:25:00+00:00,220.71000000000012,220.8500000000001,220.4900000000001,220.7000000000001,540
2026-03-25T18:30:00+00:00,220.7000000000001,221.0000000000001,220.4800000000001,220.5700000000001,652
2026-03-25T18:35:00+00:00,220.5700000000001,220.7700000000001,220.5100000000001,220.68000000000012,482
2026-03-25T18:40:00+00:00,220.68000000000012,220.7600000000001,220.3600000000001,220.5200000000001,512
2026-03-25T18:45:00+00:00,220.5200000000001,220.5500000000001,220.2900000000001,220.4100000000001,508
2026-03-25T18:50:00+00:00,220.4100000000001,220.6000000000001,220.1100000000001,220.21000000000012,574
2026-03-25T18:55:00+00:00,220.21000000000012,220.3300000000001,219.4500000000001,219.96000000000012,973
2026-03-25T19:00:00+00:00,219.96000000000012,219.9700000000001,219.4400000000001,219.8000000000001,904
2026-03-25T19:05:00+00:00,219.8000000000001,219.90000000000012,219.4800000000001,219.7300000000001,723
2026-03-25T19:10:00+00:00,219.7300000000001,220.18000000000012,219.5400000000001,220.18000000000012,825
2026-03-25T19:15:00+00:00,220.18000000000012,220.59000000000012,220.0400000000001,220.2200000000001,885
2026-03-25T19:20:00+00:00,220.2200000000001,220.8600000000001,220.21000000000012,220.53000000000011,793
2026-03-25T19:25:00+00:00,220.53000000000011,220.59000000000012,219.9700000000001,220.06000000000012,767
2026-03-25T19:30:00+00:00,220.06000000000012,220.1700000000001,219.8300000000001,220.09000000000012,690
2026-03-25T19:35:00+00:00,220.09000000000012,220.2200000000001,219.8800000000001,220.1100000000001,703
2026-03-25T19:40:00+00:00,220.1100000000001,220.2200000000001,219.21000000000012,219.3600000000001,1034
2026-03-25T19:45:00+00:00,219.3600000000001,219.9700000000001,219.3300000000001,219.87000000000012,1029
2026-03-25T19:50:00+00:00,219.87000000000012,220.2600000000001,219.4200000000001,219.7200000000001,1308
2026-03-25T19:55:00+00:00,219.7200000000001,220.2000000000001,219.7200000000001,220.0000000000001,1861
2026-03-26T13:30:00+00:00,220.0000000000001,220.46000000000012,215.8800000000001,218.6900000000001,865
2026-03-26T13:35:00+00:00,218.6900000000001,220.3200000000001,217.1900000000001,217.28000000000011,1314
2026-03-26T13:40:00+00:00,217.28000000000011,217.4100000000001,215.7600000000001,216.6900000000001,1352
2026-03-26T13:45:00+00:00,216.6900000000001,217.1000000000001,215.3600000000001,216.1000000000001,1281
2026-03-26T13:50:00+00:00,216.1000000000001,216.7700000000001,215.6000000000001,216.5100000000001,1316
2026-03-26T13:55:00+00:00,216.5100000000001,216.5200000000001,214.2900000000001,214.8200000000001,1262
2026-03-26T14:00:00+00:00,214.8200000000001,215.4500000000001,214.56000000000012,215.3500000000001,1064
2026-03-26T14:05:00+00:00,215.3500000000001,215.8000000000001,213.9200000000001,213.9800000000001,1162
2026-03-26T14:10:00+00:00,213.9800000000001,214.34000000000012,213.2900000000001,213.4700000000001,1016
2026-03-26T14:15:00+00:00,213.4700000000001,213.8800000000001,213.0500000000001,213.15000000000012,958
2026-03-26T14:20:00+00:00,213.15000000000012,214.06000000000012,213.0800000000001,213.5000000000001,1068
2026-03-26T14:25:00+00:00,213.5000000000001,213.5500000000001,211.9900000000001,212.0800000000001,889
2026-03-26T14:30:00+00:00,212.0800000000001,212.6100000000001,211.5400000000001,211.9200000000001,1087
2026-03-26T14:35:00+00:00,211.9200000000001,212.1300000000001,211.3600000000001,211.8300000000001,1117
2026-03-26T14:40:00+00:00,211.8300000000001,212.1100000000001,209.4400000000001,209.6100000000001,2008
2026-03-26T14:45:00+00:00,209.6100000000001,209.6900000000001,208.28000000000011,208.6300000000001,1583
2026-03-26T14:50:00+00:00,208.6300000000001,208.9100000000001,207.40000000000012,207.40000000000012,1338
2026-03-26T14:55:00+00:00,207.40000000000012,208.2600000000001,206.9900000000001,207.4900000000001,1609
2026-03-26T15:00:00+00:00,207.4900000000001,207.8600000000001,207.21000000000012,207.2900000000001,1333
2026-03-26T15:05:00+00:00,207.2900000000001,207.87000000000012,207.1000000000001,207.2700000000001,1274
2026-03-26T15:10:00+00:00,207.2700000000001,207.93000000000012,207.2700000000001,207.6000000000001,984
2026-03-26T15:15:00+00:00,207.6000000000001,207.7400000000001,206.6900000000001,206.7300000000001,933
2026-03-26T15:20:00+00:00,206.7300000000001,207.09000000000012,206.15000000000012,206.2300000000001,900
2026-03-26T15:25:00+00:00,206.2300000000001,206.9500000000001,206.09000000000012,206.68000000000012,960
2026-03-26T15:30:00+00:00,206.68000000000012,206.8900000000001,206.1000000000001,206.2600000000001,853
2026-03-26T15:35:00+00:00,206.2600000000001,207.06000000000012,206.18000000000012,206.9900000000001,803
2026-03-26T15:40:00+00:00,206.9900000000001,207.4500000000001,206.8200000000001,207.2700000000001,860
2026-03-26T15:45:00+00:00,207.2700000000001,207.8500000000001,207.0800000000001,207.7900000000001,989
2026-03-26T15:50:00+00:00,207.7900000000001,208.9400000000001,207.7000000000001,208.6100000000001,832
2026-03-26T15:55:00+00:00,208.6100000000001,208.8200000000001,208.0100000000001,208.3200000000001,796
2026-03-26T16:00:00+00:00,208.3200000000001,208.8500000000001,207.7600000000001,207.9800000000001,705
2026-03-26T16:05:00+00:00,207.9800000000001,208.28000000000011,207.8300000000001,208.1600000000001,764
2026-03-26T16:10:00+00:00,208.1600000000001,208.37000000000012,207.84000000000012,208.2900000000001,618
2026-03-26T16:15:00+00:00,208.2900000000001,208.31000000000012,207.2600000000001,207.8900000000001,915
2026-03-26T16:20:00+00:00,207.8900000000001,207.96000000000012,206.6400000000001,206.8900000000001,790
2026-03-26T16:25:00+00:00,206.8900000000001,206.93000000000012,205.71000000000012,205.7400000000001,893
2026-03-26T16:30:00+00:00,205.7400000000001,206.34000000000012,205.6900000000001,206.31000000000012,716
2026-03-26T16:35:00+00:00,206.31000000000012,206.8800000000001,206.2200000000001,206.3900000000001,845
2026-03-26T16:40:00+00:00,206.3900000000001,206.5100000000001,206.18000000000012,206.40000000000012,660
2026-03-26T16:45:00+00:00,206.40000000000012,206.4900000000001,205.3300000000001,205.5500000000001,801
2026-03-26T16:50:00+00:00,205.5500000000001,205.78000000000011,205.12000000000012,205.7600000000001,717
2026-03-26T16:55:00+00:00,205.7600000000001,206.4100000000001,205.6400000000001,206.1000000000001,619
2026-03-26T17:00:00+00:00,206.1000000000001,206.1600000000001,205.5200000000001,205.5700000000001,729
2026-03-26T17:05:00+00:00,205.5700000000001,206.0100000000001,205.5700000000001,205.8200000000001,490
2026-03-26T17:10:00+00:00,205.8200000000001,205.9100000000001,205.43000000000012,205.68000000000012,510
2026-03-26T17:15:00+00:00,205.68000000000012,205.9800000000001,205.6000000000001,205.7900000000001,412
2026-03-26T17:20:00+00:00,205.7900000000001,205.8000000000001,205.1000000000001,205.1300000000001,575
2026-03-26T17:25:00+00:00,205.1300000000001,205.3300000000001,204.93000000000012,205.09000000000012,625
2026-03-26T17:30:00+00:00,205.09000000000012,206.3000000000001,205.09000000000012,206.1000000000001,655
2026-03-26T17:35:00+00:00,206.1000000000001,206.1300000000001,205.62000000000012,205.7400000000001,569
2026-03-26T17:40:00+00:00,205.7400000000001,205.8800000000001,205.3900000000001,205.43000000000012,570
2026-03-26T17:45:00+00:00,205.43000000000012,205.5200000000001,205.0400000000001,205.1300000000001,657
2026-03-26T17:50:00+00:00,205.1300000000001,205.18000000000012,204.56000000000012,204.8000000000001,797
2026-03-26T17:55:00+00:00,204.8000000000001,205.0100000000001,204.3800000000001,204.6300000000001,763
2026-03-26T18:00:00+00:00,204.6300000000001,205.4500000000001,204.6100000000001,204.9500000000001,726
2026-03-26T18:05:00+00:00,204.9500000000001,205.4500000000001,204.7500000000001,205.37000000000012,716
2026-03-26T18:10:00+00:00,205.37000000000012,205.68000000000012,205.21000000000012,205.3900000000001,603
2026-03-26T18:15:00+00:00,205.3900000000001,205.4400000000001,204.8800000000001,205.2400000000001,639
2026-03-26T18:20:00+00:00,205.2400000000001,205.4200000000001,205.12000000000012,205.2200000000001,644
2026-03-26T18:25:00+00:00,205.2200000000001,205.2400000000001,204.6900000000001,204.8300000000001,554
2026-03-26T18:30:00+00:00,204.8300000000001,205.2500000000001,204.7700000000001,205.1400000000001,596
2026-03-26T18:35:00+00:00,205.1400000000001,205.1400000000001,204.53000000000011,204.9100000000001,573
2026-03-26T18:40:00+00:00,204.9100000000001,205.2600000000001,204.5000000000001,204.71000000000012,591
2026-03-26T18:45:00+00:00,204.71000000000012,205.0800000000001,204.3600000000001,205.0100000000001,584
2026-03-26T18:50:00+00:00,205.0100000000001,205.6000000000001,204.78000000000011,205.3600000000001,555
2026-03-26T18:55:00+00:00,205.3600000000001,205.5400000000001,205.15000000000012,205.3900000000001,594
2026-03-26T19:00:00+00:00,205.3900000000001,205.46000000000012,204.8200000000001,204.93000000000012,752
2026-03-26T19:05:00+00:00,204.93000000000012,204.93000000000012,203.78000000000011,204.0000000000001,877
2026-03-26T19:10:00+00:00,204.0000000000001,204.1400000000001,203.59000000000012,204.1300000000001,982
2026-03-26T19:15:00+00:00,204.1300000000001,204.7000000000001,204.06000000000012,204.3300000000001,843
2026-03-26T19:20:00+00:00,204.3300000000001,204.3500000000001,204.03000000000011,204.0700000000001,708
2026-03-26T19:25:00+00:00,204.0700000000001,204.2300000000001,203.78000000000011,204.2000000000001,788
2026-03-26T19:30:00+00:00,204.2000000000001,204.2700000000001,203.4500000000001,203.6300000000001,886
2026-03-26T19:35:00+00:00,203.6300000000001,204.15000000000012,203.59000000000012,203.96000000000012,937
2026-03-26T19:40:00+00:00,203.96000000000012,204.0700000000001,203.5700000000001,203.71000000000012,990
2026-03-26T19:45:00+00:00,203.71000000000012,203.78000000000011,203.1100000000001,203.6000000000001,1077
2026-03-26T19:50:00+00:00,203.6000000000001,203.9900000000001,203.2200000000001,203.84000000000012,1493
2026-03-26T19:55:00+00:00,203.84000000000012,203.9200000000001,203.28000000000011,203.5700000000001,2031
2026-03-27T13:30:00+00:00,203.5700000000001,203.5700000000001,199.8900000000001,200.9500000000001,503
2026-03-27T13:35:00+00:00,200.9500000000001,202.4400000000001,200.6600000000001,201.9400000000001,807
2026-03-27T13:40:00+00:00,201.9400000000001,202.3900000000001,200.93000000000012,201.34000000000012,1140
2026-03-27T13:45:00+00:00,201.34000000000012,202.7400000000001,201.06000000000012,201.1900000000001,1136
2026-03-27T13:50:00+00:00,201.1900000000001,201.3800000000001,198.5000000000001,198.5100000000001,1135
2026-03-27T13:55:00+00:00,198.5100000000001,198.5100000000001,197.81000000000012,198.0000000000001,1046
2026-03-27T14:00:00+00:00,198.0000000000001,199.43000000000012,197.68000000000012,199.3000000000001,1270
2026-03-27T14:05:00+00:00,199.3000000000001,199.8900000000001,198.7700000000001,199.40000000000012,1192
2026-03-27T14:10:00+00:00,199.40000000000012,200.2400000000001,199.2600000000001,199.8300000000001,1220
2026-03-27T14:15:00+00:00,199.8300000000001,200.3000000000001,199.5500000000001,199.6900000000001,1156
2026-03-27T14:20:00+00:00,199.6900000000001,200.2300000000001,199.0500000000001,199.56000000000012,1357
2026-03-27T14:25:00+00:00,199.56000000000012,199.81000000000012,198.4800000000001,198.5800000000001,1156
2026-03-27T14:30:00+00:00,198.5800000000001,199.0700000000001,198.3800000000001,198.5700000000001,1056
2026-03-27T14:35:00+00:00,198.5700000000001,198.7600000000001,197.5800000000001,197.7000000000001,1011
2026-03-27T14:40:00+00:00,197.7000000000001,198.0500000000001,197.3600000000001,197.5800000000001,862
2026-03-27T14:45:00+00:00,197.5800000000001,198.53000000000011,197.43000000000012,198.53000000000011,1032
2026-03-27T14:50:00+00:00,198.53000000000011,199.0400000000001,198.3800000000001,198.5100000000001,879
2026-03-27T14:55:00+00:00,198.5100000000001,198.84000000000012,198.4400000000001,198.7300000000001,800
2026-03-27T15:00:00+00:00,198.7300000000001,199.21000000000012,198.6100000000001,198.93000000000012,792
2026-03-27T15:05:00+00:00,198.93000000000012,199.0200000000001,198.3500000000001,198.5200000000001,908
2026-03-27T15:10:00+00:00,198.5200000000001,199.2900000000001,198.5100000000001,198.7600000000001,760
2026-03-27T15:15:00+00:00,198.7600000000001,198.8200000000001,198.3900000000001,198.71000000000012,807
2026-03-27T15:20:00+00:00,198.71000000000012,199.71000000000012,198.3900000000001,199.0500000000001,1126
2026-03-27T15:25:00+00:00,199.0500000000001,200.0800000000001,198.9800000000001,200.0000000000001,1224
2026-03-27T15:30:00+00:00,200.0000000000001,201.3300000000001,199.93000000000012,201.12000000000012,998
2026-03-27T15:35:00+00:00,201.12000000000012,201.6100000000001,200.8000000000001,201.2200000000001,1076
2026-03-27T15:40:00+00:00,201.2200000000001,201.4700000000001,200.4700000000001,200.5800000000001,1024
2026-03-27T15:45:00+00:00,200.5800000000001,201.0700000000001,200.5500000000001,200.9200000000001,754
2026-03-27T15:50:00+00:00,200.9200000000001,201.5400000000001,200.9200000000001,201.12000000000012,634
2026-03-27T15:55:00+00:00,201.12000000000012,201.56000000000012,201.0700000000001,201.2300000000001,655
2026-03-27T16:00:00+00:00,201.2300000000001,201.3300000000001,200.6000000000001,201.1400000000001,644
2026-03-27T16:05:00+00:00,201.1400000000001,201.3900000000001,200.90000000000012,201.0500000000001,618
2026-03-27T16:10:00+00:00,201.0500000000001,201.1400000000001,200.81000000000012,200.9200000000001,500
2026-03-27T16:15:00+00:00,200.9200000000001,200.9400000000001,200.3800000000001,200.7400000000001,495
2026-03-27T16:20:00+00:00,200.7400000000001,201.06000000000012,200.56000000000012,200.8600000000001,633
2026-03-27T16:25:00+00:00,200.8600000000001,200.8900000000001,200.4400000000001,200.6700000000001,598
2026-03-27T16:30:00+00:00,200.6700000000001,200.7900000000001,200.40000000000012,200.7600000000001,466
2026-03-27T16:35:00+00:00,200.7600000000001,200.8800000000001,200.1100000000001,200.1900000000001,664
2026-03-27T16:40:00+00:00,200.1900000000001,200.6700000000001,200.0700000000001,200.59000000000012,661
2026-03-27T16:45:00+00:00,200.59000000000012,201.34000000000012,200.5000000000001,201.2600000000001,737
2026-03-27T16:50:00+00:00,201.2600000000001,201.68000000000012,201.1000000000001,201.31000000000012,682
2026-03-27T16:55:00+00:00,201.31000000000012,201.4700000000001,201.1100000000001,201.3900000000001,473
2026-03-27T17:00:00+00:00,201.3900000000001,201.9900000000001,201.31000000000012,201.87000000000012,688
2026-03-27T17:05:00+00:00,201.87000000000012,202.8800000000001,201.5700000000001,202.56000000000012,1072
2026-03-27T17:10:00+00:00,202.56000000000012,202.59000000000012,202.0800000000001,202.59000000000012,694
2026-03-27T17:15:00+00:00,202.59000000000012,202.68000000000012,201.9200000000001,202.0700000000001,679
2026-03-27T17:20:00+00:00,202.0700000000001,202.1000000000001,201.46000000000012,201.96000000000012,676
2026-03-27T17:25:00+00:00,201.96000000000012,201.9900000000001,200.9400000000001,201.1900000000001,808
2026-03-27T17:30:00+00:00,201.1900000000001,202.2200000000001,201.15000000000012,202.12000000000012,855
2026-03-27T17:35:00+00:00,202.12000000000012,202.5100000000001,202.06000000000012,202.2300000000001,752
2026-03-27T17:40:00+00:00,202.2300000000001,202.3500000000001,201.96000000000012,202.09000000000012,815
2026-03-27T17:45:00+00:00,202.09000000000012,202.4100000000001,201.4900000000001,201.78000000000011,756
2026-03-27T17:50:00+00:00,201.78000000000011,202.0100000000001,201.6000000000001,201.6600000000001,590
2026-03-27T17:55:00+00:00,201.6600000000001,201.6900000000001,200.84000000000012,201.18000000000012,742.4701961287014
2026-03-27T18:00:00+00:00,201.18000000000012,201.41000000000014,201.01000000000013,201.10000000000014,458
2026-03-27T18:05:00+00:00,201.10000000000014,201.35000000000014,200.99000000000012,201.08000000000013,485
2026-03-27T18:10:00+00:00,201.08000000000013,201.49000000000012,200.99000000000012,201.22000000000014,546
2026-03-27T18:15:00+00:00,201.22000000000014,201.59000000000012,201.11000000000013,201.52000000000012,690
2026-03-27T18:20:00+00:00,201.52000000000012,201.65000000000012,200.72000000000014,200.84000000000012,657
2026-03-27T18:25:00+00:00,200.84000000000012,201.28000000000011,200.71000000000012,201.04000000000013,574
2026-03-27T18:30:00+00:00,201.04000000000013,201.12000000000012,200.70000000000013,200.89000000000013,612
2026-03-27T18:35:00+00:00,200.89000000000013,200.89000000000013,200.38000000000014,200.51000000000013,450
2026-03-27T18:40:00+00:00,200.51000000000013,201.17000000000013,200.34000000000012,200.94000000000014,747
2026-03-27T18:45:00+00:00,200.94000000000014,201.17000000000013,200.69000000000014,201.04000000000013,720
2026-03-27T18:50:00+00:00,201.04000000000013,201.11000000000013,200.7500000000001,200.85000000000014,594
2026-03-27T18:55:00+00:00,200.85000000000014,201.43000000000012,200.78000000000011,201.32000000000014,504
2026-03-27T19:00:00+00:00,201.32000000000014,201.57000000000014,200.84000000000012,201.15000000000012,658
2026-03-27T19:05:00+00:00,201.15000000000012,201.31000000000012,200.86000000000013,200.96000000000012,607
2026-03-27T19:10:00+00:00,200.96000000000012,201.05000000000013,200.72000000000014,200.85000000000014,748
2026-03-27T19:15:00+00:00,200.85000000000014,201.43000000000012,200.83000000000013,201.2500000000001,766
2026-03-27T19:20:00+00:00,201.2500000000001,201.29000000000013,200.87000000000012,201.05000000000013,801
2026-03-27T19:25:00+00:00,201.05000000000013,201.18000000000012,200.85000000000014,201.08000000000013,847
2026-03-27T19:30:00+00:00,201.08000000000013,201.39000000000013,200.84000000000012,201.15000000000012,823
2026-03-27T19:35:00+00:00,201.15000000000012,201.40000000000012,200.94000000000014,201.0000000000001,596
2026-03-27T19:40:00+00:00,201.0000000000001,201.13000000000014,200.58000000000013,200.91000000000014,903
2026-03-27T19:45:00+00:00,200.91000000000014,201.04000000000013,200.58000000000013,200.99000000000012,996
2026-03-27T19:50:00+00:00,200.99000000000012,201.51000000000013,200.5000000000001,201.01000000000013,1450
2026-03-27T19:55:00+00:00,201.01000000000013,201.97000000000014,200.98000000000013,201.61000000000013,1708
2026-03-30T13:30:00+00:00,201.61000000000013,208.02000000000012,201.61000000000013,206.66000000000014,1515
2026-03-30T13:35:00+00:00,206.66000000000014,206.82000000000014,204.73000000000013,205.33000000000013,1579
2026-03-30T13:40:00+00:00,205.33000000000013,205.93000000000012,203.27000000000012,205.62000000000012,1763
2026-03-30T13:45:00+00:00,205.62000000000012,205.73000000000013,203.44000000000014,203.66000000000014,1651
2026-03-30T13:50:00+00:00,203.66000000000014,204.14000000000013,202.81000000000012,202.83000000000013,1571
2026-03-30T13:55:00+00:00,202.83000000000013,203.0000000000001,201.54000000000013,202.02000000000012,1715
2026-03-30T14:00:00+00:00,202.02000000000012,202.73000000000013,201.40000000000012,202.52000000000012,1637
2026-03-30T14:05:00+00:00,202.52000000000012,203.38000000000014,201.97000000000014,203.26000000000013,1567
2026-03-30T14:10:00+00:00,203.26000000000013,204.91000000000014,203.19000000000014,204.81000000000012,1434
2026-03-30T14:15:00+00:00,204.81000000000012,205.12000000000012,203.64000000000013,203.99000000000012,1587
2026-03-30T14:20:00+00:00,203.99000000000012,204.18000000000012,203.05000000000013,203.35000000000014,1335
2026-03-30T14:25:00+00:00,203.35000000000014,203.72000000000014,202.36000000000013,202.82000000000014,1451
2026-03-30T14:30:00+00:00,202.82000000000014,203.40000000000012,201.56000000000012,201.68000000000012,1486
2026-03-30T14:35:00+00:00,201.68000000000012,201.88000000000014,199.79000000000013,199.97000000000014,1583
2026-03-30T14:40:00+00:00,199.97000000000014,200.38000000000014,198.85000000000014,199.04000000000013,1743
2026-03-30T14:45:00+00:00,199.04000000000013,200.59000000000012,198.97000000000014,199.71000000000012,2336
2026-03-30T14:50:00+00:00,199.71000000000012,200.45000000000013,199.41000000000014,200.30000000000013,2575
2026-03-30T14:55:00+00:00,200.30000000000013,201.0000000000001,199.88000000000014,200.94000000000014,2442
2026-03-30T15:00:00+00:00,200.94000000000014,201.89000000000013,200.91000000000014,201.7500000000001,2334
2026-03-30T15:05:00+00:00,201.7500000000001,202.13000000000014,200.52000000000012,200.7500000000001,2311
2026-03-30T15:10:00+00:00,200.7500000000001,201.03000000000011,200.03000000000011,200.04000000000013,2064
2026-03-30T15:15:00+00:00,200.04000000000013,200.12000000000012,198.5000000000001,198.89000000000013,1845
2026-03-30T15:20:00+00:00,198.89000000000013,199.60000000000014,198.71000000000012,199.42000000000013,1940
2026-03-30T15:25:00+00:00,199.42000000000013,199.93000000000012,199.42000000000013,199.51000000000013,1906
2026-03-30T15:30:00+00:00,199.51000000000013,200.38000000000014,199.19000000000014,200.22000000000014,2138
2026-03-30T15:35:00+00:00,200.22000000000014,201.07000000000014,200.19000000000014,200.20000000000013,2200
2026-03-30T15:40:00+00:00,200.20000000000013,200.91000000000014,200.10000000000014,200.84000000000012,1906
2026-03-30T15:45:00+00:00,200.84000000000012,200.96000000000012,200.35000000000014,200.61000000000013,1757
2026-03-30T15:50:00+00:00,200.61000000000013,201.58000000000013,200.35000000000014,200.36000000000013,1609
2026-03-30T15:55:00+00:00,200.36000000000013,200.36000000000013,198.92000000000013,198.96000000000012,1590
2026-03-30T16:00:00+00:00,198.96000000000012,199.06000000000012,197.84000000000012,197.98000000000013,1567
2026-03-30T16:05:00+00:00,197.98000000000013,198.14000000000013,197.53000000000011,197.7500000000001,1815
2026-03-30T16:10:00+00:00,197.7500000000001,197.95000000000013,197.49000000000012,197.62000000000012,1781
2026-03-30T16:15:00+00:00,197.62000000000012,197.79000000000013,197.11000000000013,197.70000000000013,1325
2026-03-30T16:20:00+00:00,197.70000000000013,198.05000000000013,197.34000000000012,197.53000000000011,1683
2026-03-30T16:25:00+00:00,197.53000000000011,197.59000000000012,197.14000000000013,197.36000000000013,1362
2026-03-30T16:30:00+00:00,197.36000000000013,197.54000000000013,197.18000000000012,197.32000000000014,1514
2026-03-30T16:35:00+00:00,197.32000000000014,197.77000000000012,197.15000000000012,197.68000000000012,1362
2026-03-30T16:40:00+00:00,197.68000000000012,197.76000000000013,197.40000000000012,197.53000000000011,1390
2026-03-30T16:45:00+00:00,197.53000000000011,197.53000000000011,197.0000000000001,197.34000000000012,1247
2026-03-30T16:50:00+00:00,197.34000000000012,197.7500000000001,197.29000000000013,197.34000000000012,1306
2026-03-30T16:55:00+00:00,197.34000000000012,197.5000000000001,196.7500000000001,196.99000000000012,1517
2026-03-30T17:00:00+00:00,196.99000000000012,197.34000000000012,196.51000000000013,196.52000000000012,1608
2026-03-30T17:05:00+00:00,196.52000000000012,197.02000000000012,196.39000000000013,197.01000000000013,1457
2026-03-30T17:10:00+00:00,197.01000000000013,197.11000000000013,196.33000000000013,196.33000000000013,1415
2026-03-30T17:15:00+00:00,196.33000000000013,196.53000000000011,196.09000000000012,196.39000000000013,1894
2026-03-30T17:20:00+00:00,196.39000000000013,196.55000000000013,195.99000000000012,196.17000000000013,1664
2026-03-30T17:25:00+00:00,196.17000000000013,196.34000000000012,195.77000000000012,195.81000000000012,1591
2026-03-30T17:30:00+00:00,195.81000000000012,196.02000000000012,195.44000000000014,195.56000000000012,1777
2026-03-30T17:35:00+00:00,195.56000000000012,196.21000000000012,195.54000000000013,196.13000000000014,1712
2026-03-30T17:40:00+00:00,196.13000000000014,196.38000000000014,196.02000000000012,196.28000000000011,1573
2026-03-30T17:45:00+00:00,196.28000000000011,196.95000000000013,195.93000000000012,196.54000000000013,1673
2026-03-30T17:50:00+00:00,196.54000000000013,197.04000000000013,196.39000000000013,196.46000000000012,1606
2026-03-30T17:55:00+00:00,196.46000000000012,196.5000000000001,195.94000000000014,196.27000000000012,1411
2026-03-30T18:00:00+00:00,196.27000000000012,196.61000000000013,196.09000000000012,196.22000000000014,1462
2026-03-30T18:05:00+00:00,196.22000000000014,196.42000000000013,195.5000000000001,195.54000000000013,1408
2026-03-30T18:10:00+00:00,195.54000000000013,195.76000000000013,195.35000000000014,195.60000000000014,1302
2026-03-30T18:15:00+00:00,195.60000000000014,195.81000000000012,195.44000000000014,195.72000000000014,1374
2026-03-30T18:20:00+00:00,195.72000000000014,196.10000000000014,195.57000000000014,195.71000000000012,1397
2026-03-30T18:25:00+00:00,195.71000000000012,195.90000000000012,195.37000000000012,195.63000000000014,1524
2026-03-30T18:30:00+00:00,195.63000000000014,196.14000000000013,195.55000000000013,195.91000000000014,1340
2026-03-30T18:35:00+00:00,195.91000000000014,196.29000000000013,195.44000000000014,195.53000000000011,1324
2026-03-30T18:40:00+00:00,195.53000000000011,195.84000000000012,195.45000000000013,195.60000000000014,1014
2026-03-30T18:45:00+00:00,195.60000000000014,195.91000000000014,195.29000000000013,195.29000000000013,1146
2026-03-30T18:50:00+00:00,195.29000000000013,195.35000000000014,194.79000000000013,195.04000000000013,1204
2026-03-30T18:55:00+00:00,195.04000000000013,195.28000000000011,194.70000000000013,194.88000000000014,1252
2026-03-30T19:00:00+00:00,194.88000000000014,194.99000000000012,194.55000000000013,194.82000000000014,1427
2026-03-30T19:05:00+00:00,194.82000000000014,194.85000000000014,193.90000000000012,193.90000000000012,1199
2026-03-30T19:10:00+00:00,193.90000000000012,193.91000000000014,193.02000000000012,193.23000000000013,1930
2026-03-30T19:15:00+00:00,193.23000000000013,193.88000000000014,193.22000000000014,193.55000000000013,1763
2026-03-30T19:20:00+00:00,193.55000000000013,193.80000000000013,193.17000000000013,193.17000000000013,1812
2026-03-30T19:25:00+00:00,193.17000000000013,193.30000000000013,192.69000000000014,192.93000000000012,1711
2026-03-30T19:30:00+00:00,192.93000000000012,193.32000000000014,192.56000000000012,193.29000000000013,1880
2026-03-30T19:35:00+00:00,193.29000000000013,194.11000000000013,193.26000000000013,193.67000000000013,1671
2026-03-30T19:40:00+00:00,193.67000000000013,194.20000000000013,193.60000000000014,193.99000000000012,1735
2026-03-30T19:45:00+00:00,193.99000000000012,194.52000000000012,193.82000000000014,194.5000000000001,1712
2026-03-30T19:50:00+00:00,194.5000000000001,195.87000000000012,194.07000000000014,195.57000000000014,1514
2026-03-30T19:55:00+00:00,195.57000000000014,196.16000000000014,195.57000000000014,195.82000000000014,2070
2026-03-31T13:30:00+00:00,195.82000000000014,199.45000000000013,195.82000000000014,199.45000000000013,781
2026-03-31T13:35:00+00:00,199.45000000000013,199.47000000000014,197.12000000000012,197.83000000000013,1316
2026-03-31T13:40:00+00:00,197.83000000000013,198.61000000000013,197.45000000000013,197.70000000000013,1073
2026-03-31T13:45:00+00:00,197.70000000000013,199.26000000000013,197.70000000000013,199.05000000000013,1251
2026-03-31T13:50:00+00:00,199.05000000000013,199.98000000000013,198.59000000000012,199.88000000000014,1567
2026-03-31T13:55:00+00:00,199.88000000000014,200.52000000000012,199.06000000000012,200.45000000000013,1550
2026-03-31T14:00:00+00:00,200.45000000000013,200.90000000000012,199.90000000000012,200.20000000000013,1771
2026-03-31T14:05:00+00:00,200.20000000000013,200.28000000000011,199.10000000000014,199.39000000000013,1757
2026-03-31T14:10:00+00:00,199.39000000000013,200.0000000000001,199.02000000000012,199.84000000000012,1763
2026-03-31T14:15:00+00:00,199.84000000000012,201.60000000000014,199.78000000000011,200.95000000000013,2092
2026-03-31T14:20:00+00:00,200.95000000000013,200.96000000000012,200.09000000000012,200.48000000000013,1862
2026-03-31T14:25:00+00:00,200.48000000000013,200.90000000000012,200.12000000000012,200.47000000000014,1745
2026-03-31T14:30:00+00:00,200.47000000000014,201.23000000000013,200.28000000000011,200.59000000000012,2074
2026-03-31T14:35:00+00:00,200.59000000000012,200.77000000000012,199.90000000000012,200.33000000000013,2318
2026-03-31T14:40:00+00:00,200.33000000000013,200.67000000000013,199.36000000000013,199.76000000000013,2025
2026-03-31T14:45:00+00:00,199.76000000000013,199.87000000000012,198.82000000000014,198.82000000000014,2208
2026-03-31T14:50:00+00:00,198.82000000000014,198.97000000000014,198.11000000000013,198.41000000000014,2332
2026-03-31T14:55:00+00:00,198.41000000000014,199.01000000000013,197.82000000000014,198.87000000000012,2379
2026-03-31T15:00:00+00:00,198.87000000000012,199.59000000000012,198.74000000000012,199.07000000000014,2203
2026-03-31T15:05:00+00:00,199.07000000000014,199.96000000000012,198.99000000000012,199.32000000000014,2375
2026-03-31T15:10:00+00:00,199.32000000000014,200.28000000000011,199.14000000000013,200.24000000000012,2030
2026-03-31T15:15:00+00:00,200.24000000000012,200.34000000000012,199.11000000000013,199.18000000000012,2103
2026-03-31T15:20:00+00:00,199.18000000000012,199.31000000000012,198.38000000000014,199.12000000000012,2103
2026-03-31T15:25:00+00:00,199.12000000000012,199.29000000000013,197.79000000000013,197.97000000000014,2248
2026-03-31T15:30:00+00:00,197.97000000000014,198.78000000000011,197.76000000000013,198.74000000000012,2227
2026-03-31T15:35:00+00:00,198.74000000000012,199.27000000000012,198.71000000000012,199.05000000000013,2014
2026-03-31T15:40:00+00:00,199.05000000000013,199.20000000000013,198.30000000000013,198.35000000000014,1798
2026-03-31T15:45:00+00:00,198.35000000000014,198.35000000000014,197.52000000000012,198.06000000000012,1831
2026-03-31T15:50:00+00:00,198.06000000000012,198.40000000000012,197.85000000000014,198.26000000000013,1757
2026-03-31T15:55:00+00:00,198.26000000000013,198.38000000000014,196.23000000000013,196.40000000000012,1543
2026-03-31T16:00:00+00:00,196.40000000000012,197.35000000000014,196.07000000000014,197.10000000000014,2050
2026-03-31T16:05:00+00:00,197.10000000000014,198.18000000000012,197.04000000000013,197.58000000000013,1678
2026-03-31T16:10:00+00:00,197.58000000000013,197.83000000000013,196.89000000000013,197.77000000000012,1711
2026-03-31T16:15:00+00:00,197.77000000000012,198.43000000000012,197.77000000000012,198.33000000000013,1554
2026-03-31T16:20:00+00:00,198.33000000000013,198.63000000000014,197.83000000000013,198.58000000000013,1353
2026-03-31T16:25:00+00:00,198.58000000000013,198.74000000000012,198.21000000000012,198.34000000000012,1482
2026-03-31T16:30:00+00:00,198.34000000000012,198.38000000000014,197.95000000000013,198.33000000000013,1313
2026-03-31T16:35:00+00:00,198.33000000000013,199.93000000000012,198.14000000000013,199.91000000000014,1539
2026-03-31T16:40:00+00:00,199.91000000000014,201.94000000000014,199.72000000000014,201.38000000000014,3165
2026-03-31T16:45:00+00:00,201.38000000000014,202.02000000000012,199.85000000000014,200.72000000000014,1812
2026-03-31T16:50:00+00:00,200.72000000000014,201.65000000000012,199.81000000000012,201.22000000000014,1684
2026-03-31T16:55:00+00:00,201.22000000000014,201.57000000000014,200.71000000000012,201.41000000000014,1763
2026-03-31T17:00:00+00:00,201.41000000000014,202.92000000000013,201.22000000000014,202.61000000000013,2365
2026-03-31T17:05:00+00:00,202.61000000000013,202.61000000000013,201.44000000000014,201.72000000000014,2370
2026-03-31T17:10:00+00:00,201.72000000000014,202.06000000000012,201.13000000000014,201.98000000000013,2234
2026-03-31T17:15:00+00:00,201.98000000000013,202.96000000000012,201.91000000000014,202.83000000000013,1704
2026-03-31T17:20:00+00:00,202.83000000000013,202.99000000000012,202.57000000000014,202.77000000000012,1761
2026-03-31T17:25:00+00:00,202.77000000000012,202.86000000000013,201.53000000000011,201.62000000000012,2309
2026-03-31T17:30:00+00:00,201.62000000000012,202.48000000000013,201.54000000000013,202.36000000000013,2087
2026-03-31T17:35:00+00:00,202.36000000000013,202.60000000000014,200.85000000000014,201.14000000000013,2416
2026-03-31T17:40:00+00:00,201.14000000000013,201.76000000000013,200.99000000000012,201.36000000000013,1984
2026-03-31T17:45:00+00:00,201.36000000000013,201.78000000000011,200.97000000000014,201.73000000000013,1570
2026-03-31T17:50:00+00:00,201.73000000000013,202.06000000000012,201.44000000000014,201.72000000000014,1517
2026-03-31T17:55:00+00:00,201.72000000000014,201.76000000000013,200.85000000000014,201.16000000000014,1494
2026-03-31T18:00:00+00:00,201.16000000000014,201.76000000000013,201.09000000000012,201.28000000000011,1896
2026-03-31T18:05:00+00:00,201.28000000000011,201.78000000000011,201.22000000000014,201.58000000000013,1301
2026-03-31T18:10:00+00:00,201.58000000000013,202.01000000000013,201.26000000000013,201.84000000000012,1045
2026-03-31T18:15:00+00:00,201.84000000000012,202.43000000000012,201.78000000000011,201.90000000000012,924
2026-03-31T18:20:00+00:00,201.90000000000012,202.05000000000013,201.57000000000014,201.81000000000012,1185
2026-03-31T18:25:00+00:00,201.81000000000012,202.34000000000012,201.57000000000014,202.06000000000012,1784
2026-03-31T18:30:00+00:00,202.06000000000012,202.11000000000013,201.56000000000012,201.67000000000013,1675
2026-03-31T18:35:00+00:00,201.67000000000013,202.46000000000012,201.61000000000013,202.23000000000013,1343
2026-03-31T18:40:00+00:00,202.23000000000013,202.40000000000012,202.06000000000012,202.17000000000013,1405
2026-03-31T18:45:00+00:00,202.17000000000013,202.71000000000012,202.17000000000013,202.33000000000013,1144
2026-03-31T18:50:00+00:00,202.33000000000013,202.98000000000013,202.27000000000012,202.88000000000014,1084
2026-03-31T18:55:00+00:00,202.88000000000014,203.37000000000012,202.83000000000013,203.10000000000014,1044
2026-03-31T19:00:00+00:00,203.10000000000014,203.68000000000012,203.07000000000014,203.30000000000013,1444
2026-03-31T19:05:00+00:00,203.30000000000013,203.32000000000014,202.71000000000012,203.01000000000013,1945
2026-03-31T19:10:00+00:00,203.01000000000013,203.52000000000012,202.98000000000013,203.20000000000013,1709
2026-03-31T19:15:00+00:00,203.20000000000013,203.47000000000014,203.0000000000001,203.21000000000012,1806
2026-03-31T19:20:00+00:00,203.21000000000012,203.59000000000012,203.18000000000012,203.46000000000012,1560
2026-03-31T19:25:00+00:00,203.46000000000012,203.53000000000011,203.14000000000013,203.35000000000014,1578
2026-03-31T19:30:00+00:00,203.35000000000014,203.56000000000012,202.98000000000013,203.11000000000013,1776
2026-03-31T19:35:00+00:00,203.11000000000013,203.36000000000013,203.0000000000001,203.18000000000012,1581
2026-03-31T19:40:00+00:00,203.18000000000012,203.34000000000012,202.63000000000014,203.07000000000014,1805
2026-03-31T19:45:00+00:00,203.07000000000014,203.51000000000013,202.81000000000012,203.43000000000012,1729
2026-03-31T19:50:00+00:00,203.43000000000012,203.49000000000012,202.7500000000001,203.08000000000013,1836
2026-03-31T19:55:00+00:00,203.08000000000013,203.37000000000012,202.66000000000014,202.7500000000001,2832
2026-04-01T13:30:00+00:00,202.7500000000001,209.24000000000012,202.7500000000001,208.76000000000013,1344
2026-04-01T13:35:00+00:00,208.76000000000013,210.06000000000012,208.29000000000013,209.84000000000012,1662
2026-04-01T13:40:00+00:00,209.84000000000012,210.22000000000014,207.84000000000012,208.10000000000014,1960
2026-04-01T13:45:00+00:00,208.10000000000014,208.39000000000013,207.29000000000013,207.92000000000013,1761
2026-04-01T13:50:00+00:00,207.92000000000013,209.19000000000014,207.90000000000012,208.95000000000013,1832
2026-04-01T13:55:00+00:00,208.95000000000013,209.62000000000012,208.39000000000013,209.11000000000013,1513
2026-04-01T14:00:00+00:00,209.11000000000013,209.68000000000012,208.69000000000014,208.87000000000012,1545
2026-04-01T14:05:00+00:00,208.87000000000012,209.39000000000013,208.09000000000012,209.08000000000013,1676
2026-04-01T14:10:00+00:00,209.08000000000013,209.22000000000014,208.29000000000013,208.79000000000013,1470
2026-04-01T14:15:00+00:00,208.79000000000013,209.39000000000013,208.65000000000012,209.35000000000014,1377
2026-04-01T14:20:00+00:00,209.35000000000014,210.08000000000013,208.85000000000014,209.34000000000012,1589
2026-04-01T14:25:00+00:00,209.34000000000012,210.60000000000014,209.15000000000012,210.45000000000013,1412
2026-04-01T14:30:00+00:00,210.45000000000013,210.7500000000001,209.30000000000013,209.37000000000012,1567
2026-04-01T14:35:00+00:00,209.37000000000012,210.54000000000013,209.0000000000001,210.37000000000012,1888
2026-04-01T14:40:00+00:00,210.37000000000012,210.7500000000001,209.79000000000013,210.33000000000013,1852
2026-04-01T14:45:00+00:00,210.33000000000013,210.56000000000012,209.70000000000013,210.48000000000013,1657
2026-04-01T14:50:00+00:00,210.48000000000013,211.2500000000001,210.41000000000014,210.93000000000012,1438
2026-04-01T14:55:00+00:00,210.93000000000012,211.74000000000012,210.81000000000012,211.59000000000012,1430
2026-04-01T15:00:00+00:00,211.59000000000012,212.05000000000013,211.41000000000014,211.42000000000013,1501
2026-04-01T15:05:00+00:00,211.42000000000013,211.70000000000013,211.20000000000013,211.5000000000001,1247
2026-04-01T15:10:00+00:00,211.5000000000001,211.86000000000013,211.2500000000001,211.65000000000012,1293
2026-04-01T15:15:00+00:00,211.65000000000012,212.14000000000013,211.43000000000012,211.91000000000014,1242
2026-04-01T15:20:00+00:00,211.91000000000014,212.34000000000012,211.7500000000001,212.19000000000014,1210
2026-04-01T15:25:00+00:00,212.19000000000014,212.29000000000013,211.39000000000013,211.42000000000013,1440
2026-04-01T15:30:00+00:00,211.42000000000013,211.77000000000012,211.14000000000013,211.68000000000012,1636
2026-04-01T15:35:00+00:00,211.68000000000012,212.40000000000012,211.68000000000012,212.40000000000012,1367
2026-04-01T15:40:00+00:00,212.40000000000012,212.40000000000012,211.78000000000011,212.01000000000013,1262
2026-04-01T15:45:00+00:00,212.01000000000013,212.46000000000012,211.96000000000012,212.02000000000012,980
2026-04-01T15:50:00+00:00,212.02000000000012,212.2500000000001,211.94000000000014,212.21000000000012,1030
2026-04-01T15:55:00+00:00,212.21000000000012,213.10000000000014,212.18000000000012,212.86000000000013,1179
2026-04-01T16:00:00+00:00,212.86000000000013,213.02000000000012,212.60000000000014,212.87000000000012,1164
2026-04-01T16:05:00+00:00,212.87000000000012,213.30000000000013,212.77000000000012,213.24000000000012,990
2026-04-01T16:10:00+00:00,213.24000000000012,213.2500000000001,212.78000000000011,212.88000000000014,1193
2026-04-01T16:15:00+00:00,212.88000000000014,213.27000000000012,212.61000000000013,213.19000000000014,1186
2026-04-01T16:20:00+00:00,213.19000000000014,213.32000000000014,212.94000000000014,212.95000000000013,977
2026-04-01T16:25:00+00:00,212.95000000000013,213.39000000000013,212.80000000000013,212.99000000000012,947
2026-04-01T16:30:00+00:00,212.99000000000012,213.01000000000013,212.48000000000013,212.60000000000014,1079
2026-04-01T16:35:00+00:00,212.60000000000014,212.88000000000014,212.52000000000012,212.72000000000014,847
2026-04-01T16:40:00+00:00,212.72000000000014,212.82000000000014,212.51000000000013,212.52000000000012,895
2026-04-01T16:45:00+00:00,212.52000000000012,212.86000000000013,212.43000000000012,212.85000000000014,726
2026-04-01T16:50:00+00:00,212.85000000000014,212.91000000000014,212.49000000000012,212.83000000000013,727
2026-04-01T16:55:00+00:00,212.83000000000013,212.92000000000013,212.65000000000012,212.68000000000012,560
2026-04-01T17:00:00+00:00,212.68000000000012,213.13000000000014,212.58000000000013,213.07000000000014,731
2026-04-01T17:05:00+00:00,213.07000000000014,213.39000000000013,212.97000000000014,213.06000000000012,930
2026-04-01T17:10:00+00:00,213.06000000000012,213.51000000000013,212.85000000000014,213.11000000000013,943
2026-04-01T17:15:00+00:00,213.11000000000013,213.39000000000013,212.44000000000014,212.46000000000012,749
2026-04-01T17:20:00+00:00,212.46000000000012,212.64000000000013,212.2500000000001,212.43000000000012,910
2026-04-01T17:25:00+00:00,212.43000000000012,212.57000000000014,212.15000000000012,212.16000000000014,656
2026-04-01T17:30:00+00:00,212.16000000000014,212.44000000000014,211.82000000000014,211.86000000000013,860
2026-04-01T17:35:00+00:00,211.86000000000013,212.13000000000014,211.78000000000011,211.95000000000013,993
2026-04-01T17:40:00+00:00,211.95000000000013,212.08000000000013,211.49000000000012,211.66000000000014,805
2026-04-01T17:45:00+00:00,211.66000000000014,211.91000000000014,211.51000000000013,211.70000000000013,902
2026-04-01T17:50:00+00:00,211.70000000000013,211.74000000000012,211.41000000000014,211.58000000000013,884
2026-04-01T17:55:00+00:00,211.58000000000013,211.70000000000013,211.10000000000014,211.12000000000012,1158
2026-04-01T18:00:00+00:00,211.12000000000012,211.22000000000014,210.2500000000001,210.39000000000013,1736
2026-04-01T18:05:00+00:00,210.39000000000013,210.67000000000013,209.99000000000012,210.19000000000014,1652
2026-04-01T18:10:00+00:00,210.19000000000014,210.56000000000012,210.12000000000012,210.17000000000013,1412
2026-04-01T18:15:00+00:00,210.17000000000013,210.24000000000012,209.30000000000013,209.53000000000011,1746
2026-04-01T18:20:00+00:00,209.53000000000011,209.80000000000013,208.72000000000014,208.83000000000013,1853
2026-04-01T18:25:00+00:00,208.83000000000013,209.42000000000013,208.71000000000012,208.78000000000011,1910
2026-04-01T18:30:00+00:00,208.78000000000011,209.10000000000014,208.66000000000014,208.91000000000014,1610
2026-04-01T18:35:00+00:00,208.91000000000014,209.23000000000013,208.45000000000013,209.01000000000013,1828
2026-04-01T18:40:00+00:00,209.01000000000013,209.92000000000013,208.98000000000013,209.48000000000013,1514
2026-04-01T18:45:00+00:00,209.48000000000013,209.69000000000014,209.09000000000012,209.43000000000012,1627
2026-04-01T18:50:00+00:00,209.43000000000012,209.69000000000014,209.23000000000013,209.60000000000014,1449
2026-04-01T18:55:00+00:00,209.60000000000014,209.85000000000014,209.39000000000013,209.54000000000013,1268
2026-04-01T19:00:00+00:00,209.54000000000013,210.11000000000013,209.5000000000001,210.02000000000012,1469
2026-04-01T19:05:00+00:00,210.02000000000012,210.57000000000014,209.96000000000012,210.28000000000011,1255
2026-04-01T19:10:00+00:00,210.28000000000011,210.77000000000012,210.10000000000014,210.67000000000013,1264
2026-04-01T19:15:00+00:00,210.67000000000013,211.04000000000013,210.58000000000013,211.01000000000013,1403
2026-04-01T19:20:00+00:00,211.01000000000013,211.48000000000013,210.98000000000013,211.40000000000012,1234
2026-04-01T19:25:00+00:00,211.40000000000012,211.76000000000013,211.22000000000014,211.31000000000012,1196
2026-04-01T19:30:00+00:00,211.31000000000012,211.39000000000013,210.36000000000013,210.58000000000013,1342
2026-04-01T19:35:00+00:00,210.58000000000013,210.71000000000012,210.26000000000013,210.41000000000014,1211
2026-04-01T19:40:00+00:00,210.41000000000014,210.80000000000013,209.97000000000014,209.97000000000014,1284
2026-04-01T19:45:00+00:00,209.97000000000014,210.41000000000014,209.93000000000012,210.38000000000014,1474
2026-04-01T19:50:00+00:00,210.38000000000014,210.64000000000013,210.02000000000012,210.38000000000014,1539
2026-04-01T19:55:00+00:00,210.38000000000014,210.38000000000014,209.76000000000013,209.96000000000012,2520
2026-04-02T13:30:00+00:00,209.96000000000012,209.96000000000012,203.32000000000014,204.96000000000012,1225
2026-04-02T13:35:00+00:00,204.96000000000012,204.96000000000012,201.19000000000014,201.23000000000013,1706
2026-04-02T13:40:00+00:00,201.23000000000013,201.32000000000014,200.29000000000013,201.08000000000013,1956
2026-04-02T13:45:00+00:00,201.08000000000013,202.98000000000013,200.76000000000013,202.08000000000013,2167
2026-04-02T13:50:00+00:00,202.08000000000013,205.74000000000012,201.72000000000014,204.98000000000013,2326
2026-04-02T13:55:00+00:00,204.98000000000013,206.52000000000012,204.85000000000014,206.24000000000012,2019
2026-04-02T14:00:00+00:00,206.24000000000012,206.5000000000001,205.24000000000012,205.55000000000013,2232
2026-04-02T14:05:00+00:00,205.55000000000013,208.13000000000014,205.19000000000014,207.72000000000014,2291
2026-04-02T14:10:00+00:00,207.72000000000014,208.45000000000013,207.33000000000013,207.97000000000014,2135
2026-04-02T14:15:00+00:00,207.97000000000014,209.34000000000012,207.85000000000014,209.29000000000013,2247
2026-04-02T14:20:00+00:00,209.29000000000013,209.91000000000014,209.20000000000013,209.5000000000001,2262
2026-04-02T14:25:00+00:00,209.5000000000001,209.63000000000014,208.38000000000014,208.72000000000014,2000
2026-04-02T14:30:00+00:00,208.72000000000014,210.11000000000013,208.5000000000001,209.93000000000012,2370
2026-04-02T14:35:00+00:00,209.93000000000012,212.91000000000014,209.85000000000014,212.20000000000013,2955
2026-04-02T14:40:00+00:00,212.20000000000013,212.53000000000011,210.67000000000013,212.42000000000013,1998
2026-04-02T14:45:00+00:00,212.42000000000013,212.91000000000014,211.57000000000014,211.59000000000012,2614
2026-04-02T14:50:00+00:00,211.59000000000012,212.70000000000013,210.7500000000001,212.41000000000014,2706
2026-04-02T14:55:00+00:00,212.41000000000014,213.29000000000013,212.24000000000012,213.03000000000011,2395.8102945937194
2026-04-02T15:00:00+00:00,213.03000000000011,213.09000000000012,211.7200000000001,212.7900000000001,2693
2026-04-02T15:05:00+00:00,212.7900000000001,213.1000000000001,212.2200000000001,213.09000000000012,2600
2026-04-02T15:10:00+00:00,213.09000000000012,214.40000000000012,212.9400000000001,213.83000000000013,2460
2026-04-02T15:15:00+00:00,213.83000000000013,214.49000000000012,213.5000000000001,214.42000000000013,2248
2026-04-02T15:20:00+00:00,214.42000000000013,214.5400000000001,213.40000000000012,214.3500000000001,2628
2026-04-02T15:25:00+00:00,214.3500000000001,214.5700000000001,213.83000000000013,214.12000000000012,2443
2026-04-02T15:30:00+00:00,214.12000000000012,214.36000000000013,213.49000000000012,213.8800000000001,2220
2026-04-02T15:35:00+00:00,213.8800000000001,214.5100000000001,213.7900000000001,214.12000000000012,2175
2026-04-02T15:40:00+00:00,214.12000000000012,214.3500000000001,213.3500000000001,214.0700000000001,2016
2026-04-02T15:45:00+00:00,214.0700000000001,214.08000000000013,213.3200000000001,213.53000000000011,2080
2026-04-02T15:50:00+00:00,213.53000000000011,213.87000000000012,212.6300000000001,213.71000000000012,2288
2026-04-02T15:55:00+00:00,213.71000000000012,213.98000000000013,213.46000000000012,213.81000000000012,2008
2026-04-02T16:00:00+00:00,213.81000000000012,214.27000000000012,213.55000000000013,213.73000000000013,2116
2026-04-02T16:05:00+00:00,213.73000000000013,213.7900000000001,212.92000000000013,213.28000000000011,1870
2026-04-02T16:10:00+00:00,213.28000000000011,213.64000000000013,213.0100000000001,213.2900000000001,1745
2026-04-02T16:15:00+00:00,213.2900000000001,213.59000000000012,212.5100000000001,212.56000000000012,1824
2026-04-02T16:20:00+00:00,212.56000000000012,212.8500000000001,212.1300000000001,212.42000000000013,1909
2026-04-02T16:25:00+00:00,212.42000000000013,212.87000000000012,212.3500000000001,212.5400000000001,1817
2026-04-02T16:30:00+00:00,212.5400000000001,213.4400000000001,212.40000000000012,213.1900000000001,1818
2026-04-02T16:35:00+00:00,213.1900000000001,213.2500000000001,212.06000000000012,212.61000000000013,2106
2026-04-02T16:40:00+00:00,212.61000000000013,213.68000000000012,212.59000000000012,213.3500000000001,1822
2026-04-02T16:45:00+00:00,213.3500000000001,213.86000000000013,213.27000000000012,213.5100000000001,1539
2026-04-02T16:50:00+00:00,213.5100000000001,213.87000000000012,213.2500000000001,213.71000000000012,1335
2026-04-02T16:55:00+00:00,213.71000000000012,213.71000000000012,213.36000000000013,213.4400000000001,1261
2026-04-02T17:00:00+00:00,213.4400000000001,213.83000000000013,212.99000000000012,213.7600000000001,1551
2026-04-02T17:05:00+00:00,213.7600000000001,213.80000000000013,213.40000000000012,213.5100000000001,1270
2026-04-02T17:10:00+00:00,213.5100000000001,214.08000000000013,213.36000000000013,213.90000000000012,1327
2026-04-02T17:15:00+00:00,213.90000000000012,214.30000000000013,213.8200000000001,214.2600000000001,1212
2026-04-02T17:20:00+00:00,214.2600000000001,214.87000000000012,214.14000000000013,214.59000000000012,1063
2026-04-02T17:25:00+00:00,214.59000000000012,214.9700000000001,214.42000000000013,214.86000000000013,1088
2026-04-02T17:30:00+00:00,214.86000000000013,215.2500000000001,214.56000000000012,214.70000000000013,1175
2026-04-02T17:35:00+00:00,214.70000000000013,215.17000000000013,214.4100000000001,215.15000000000012,1162
2026-04-02T17:40:00+00:00,215.15000000000012,215.2900000000001,214.81000000000012,215.0100000000001,1236
2026-04-02T17:45:00+00:00,215.0100000000001,215.1000000000001,214.33000000000013,214.45000000000013,1529
2026-04-02T17:50:00+00:00,214.45000000000013,215.15000000000012,214.40000000000012,215.0700000000001,1386
2026-04-02T17:55:00+00:00,215.0700000000001,215.21000000000012,214.61000000000013,214.8200000000001,1252
2026-04-02T18:00:00+00:00,214.8200000000001,215.1600000000001,214.5100000000001,214.80000000000013,1458
2026-04-02T18:05:00+00:00,214.80000000000013,215.17000000000013,214.71000000000012,215.0000000000001,1500
2026-04-02T18:10:00+00:00,215.0000000000001,215.23000000000013,214.8500000000001,214.90000000000012,1097
2026-04-02T18:15:00+00:00,214.90000000000012,215.3500000000001,214.7600000000001,215.2200000000001,1303
2026-04-02T18:20:00+00:00,215.2200000000001,215.46000000000012,214.99000000000012,215.1000000000001,985
2026-04-02T18:25:00+00:00,215.1000000000001,215.1600000000001,214.8800000000001,215.02000000000012,1353
2026-04-02T18:30:00+00:00,215.02000000000012,215.45000000000013,214.84000000000012,215.39000000000013,977
2026-04-02T18:35:00+00:00,215.39000000000013,215.4700000000001,214.8800000000001,214.95000000000013,846
2026-04-02T18:40:00+00:00,214.95000000000013,215.52000000000012,214.92000000000013,215.4100000000001,1104
2026-04-02T18:45:00+00:00,215.4100000000001,215.8500000000001,215.27000000000012,215.6300000000001,1042
2026-04-02T18:50:00+00:00,215.6300000000001,215.8500000000001,215.52000000000012,215.58000000000013,978
2026-04-02T18:55:00+00:00,215.58000000000013,215.8500000000001,215.49000000000012,215.61000000000013,971
2026-04-02T19:00:00+00:00,215.61000000000013,216.0000000000001,215.53000000000011,215.95000000000013,1496
2026-04-02T19:05:00+00:00,215.95000000000013,216.2500000000001,215.8500000000001,216.06000000000012,1487
2026-04-02T19:10:00+00:00,216.06000000000012,216.7200000000001,216.0100000000001,216.6900000000001,1563
2026-04-02T19:15:00+00:00,216.6900000000001,216.7500000000001,216.33000000000013,216.6300000000001,1377
2026-04-02T19:20:00+00:00,216.6300000000001,216.65000000000012,215.92000000000013,216.18000000000012,1672
2026-04-02T19:25:00+00:00,216.18000000000012,216.98000000000013,216.1600000000001,216.71000000000012,1644
2026-04-02T19:30:00+00:00,216.71000000000012,216.86000000000013,216.3500000000001,216.5700000000001,1463
2026-04-02T19:35:00+00:00,216.5700000000001,216.84000000000012,216.52000000000012,216.74000000000012,1364
2026-04-02T19:40:00+00:00,216.74000000000012,216.7900000000001,216.2500000000001,216.27000000000012,1466
2026-04-02T19:45:00+00:00,216.27000000000012,216.7200000000001,216.2600000000001,216.6000000000001,1475
2026-04-02T19:50:00+00:00,216.6000000000001,217.40000000000012,216.59000000000012,217.28000000000011,1324
2026-04-02T19:55:00+00:00,217.28000000000011,217.3800000000001,216.93000000000012,217.27000000000012,2062
2026-04-06T13:30:00+00:00,217.27000000000012,225.27000000000012,217.27000000000012,224.86000000000013,1251
2026-04-06T13:35:00+00:00,224.86000000000013,225.15000000000012,222.3200000000001,224.2900000000001,1453
2026-04-06T13:40:00+00:00,224.2900000000001,224.7200000000001,222.7600000000001,224.68000000000012,1327
2026-04-06T13:45:00+00:00,224.68000000000012,225.9700000000001,224.24000000000012,224.62000000000012,1705
2026-04-06T13:50:00+00:00,224.62000000000012,224.80000000000013,223.1000000000001,223.1300000000001,1295
2026-04-06T13:55:00+00:00,223.1300000000001,223.43000000000012,222.2200000000001,222.56000000000012,1102
2026-04-06T14:00:00+00:00,222.56000000000012,223.0400000000001,220.93000000000012,220.96000000000012,1195
2026-04-06T14:05:00+00:00,220.96000000000012,221.45000000000013,220.09000000000012,220.86000000000013,1312
2026-04-06T14:10:00+00:00,220.86000000000013,221.62000000000012,220.31000000000012,221.4700000000001,1445
2026-04-06T14:15:00+00:00,221.4700000000001,222.24000000000012,220.39000000000013,221.11000000000013,1193
2026-04-06T14:20:00+00:00,221.11000000000013,221.3500000000001,220.5000000000001,220.61000000000013,880
2026-04-06T14:25:00+00:00,220.61000000000013,220.6300000000001,219.45000000000013,220.0400000000001,967
2026-04-06T14:30:00+00:00,220.0400000000001,220.5700000000001,219.53000000000011,220.5000000000001,780
2026-04-06T14:35:00+00:00,220.5000000000001,221.17000000000013,219.5000000000001,219.84000000000012,1165
2026-04-06T14:40:00+00:00,219.84000000000012,220.80000000000013,219.8200000000001,220.21000000000012,1019
2026-04-06T14:45:00+00:00,220.21000000000012,220.2900000000001,219.27000000000012,219.46000000000012,864
2026-04-06T14:50:00+00:00,219.46000000000012,220.5100000000001,219.42000000000013,220.30000000000013,803
2026-04-06T14:55:00+00:00,220.30000000000013,220.9400000000001,220.0100000000001,220.4100000000001,734
2026-04-06T15:00:00+00:00,220.4100000000001,220.95000000000013,220.2500000000001,220.46000000000012,659
2026-04-06T15:05:00+00:00,220.46000000000012,220.78000000000011,219.90000000000012,220.24000000000012,582
2026-04-06T15:10:00+00:00,220.24000000000012,220.27000000000012,219.56000000000012,219.74000000000012,670
2026-04-06T15:15:00+00:00,219.74000000000012,219.96000000000012,219.40000000000012,219.9100000000001,609
2026-04-06T15:20:00+00:00,219.9100000000001,220.2600000000001,219.33000000000013,219.5700000000001,614
2026-04-06T15:25:00+00:00,219.5700000000001,220.15000000000012,219.05000000000013,219.89000000000013,630
2026-04-06T15:30:00+00:00,219.89000000000013,220.0400000000001,219.3500000000001,219.6900000000001,533
2026-04-06T15:35:00+00:00,219.6900000000001,219.83000000000013,219.4100000000001,219.6600000000001,469
2026-04-06T15:40:00+00:00,219.6600000000001,220.09000000000012,219.5100000000001,219.77000000000012,412
2026-04-06T15:45:00+00:00,219.77000000000012,220.28000000000011,219.77000000000012,220.2600000000001,388
2026-04-06T15:50:00+00:00,220.2600000000001,220.84000000000012,220.1000000000001,220.58000000000013,458
2026-04-06T15:55:00+00:00,220.58000000000013,220.6600000000001,220.17000000000013,220.52000000000012,406
2026-04-06T16:00:00+00:00,220.52000000000012,220.78000000000011,220.36000000000013,220.45000000000013,579
2026-04-06T16:05:00+00:00,220.45000000000013,220.48000000000013,219.96000000000012,220.05000000000013,488
2026-04-06T16:10:00+00:00,220.05000000000013,220.2900000000001,219.92000000000013,220.2200000000001,364
2026-04-06T16:15:00+00:00,220.2200000000001,220.3500000000001,219.95000000000013,220.09000000000012,339
2026-04-06T16:20:00+00:00,220.09000000000012,220.5400000000001,219.83000000000013,219.9100000000001,362
2026-04-06T16:25:00+00:00,219.9100000000001,220.49000000000012,219.9100000000001,220.1300000000001,373
2026-04-06T16:30:00+00:00,220.1300000000001,220.43000000000012,219.8200000000001,220.31000000000012,377
2026-04-06T16:35:00+00:00,220.31000000000012,220.7200000000001,220.12000000000012,220.17000000000013,415
2026-04-06T16:40:00+00:00,220.17000000000013,220.17000000000013,219.71000000000012,219.84000000000012,391
2026-04-06T16:45:00+00:00,219.84000000000012,220.2600000000001,219.74000000000012,219.95000000000013,321
2026-04-06T16:50:00+00:00,219.95000000000013,220.02000000000012,218.8800000000001,219.2900000000001,512
2026-04-06T16:55:00+00:00,219.2900000000001,219.46000000000012,218.9100000000001,219.0400000000001,429
2026-04-06T17:00:00+00:00,219.0400000000001,219.05000000000013,218.21000000000012,218.4100000000001,557
2026-04-06T17:05:00+00:00,218.4100000000001,218.6600000000001,218.2500000000001,218.42000000000013,455
2026-04-06T17:10:00+00:00,218.42000000000013,218.5400000000001,217.42000000000013,217.8200000000001,776
2026-04-06T17:15:00+00:00,217.8200000000001,218.37000000000012,217.6000000000001,218.31000000000012,631
2026-04-06T17:20:00+00:00,218.31000000000012,218.93000000000012,217.86000000000013,218.89000000000013,549
2026-04-06T17:25:00+00:00,218.89000000000013,219.4400000000001,218.83000000000013,219.42000000000013,506
2026-04-06T17:30:00+00:00,219.42000000000013,219.80000000000013,219.33000000000013,219.53000000000011,570
2026-04-06T17:35:00+00:00,219.53000000000011,220.06000000000012,219.53000000000011,219.58000000000013,480
2026-04-06T17:40:00+00:00,219.58000000000013,219.77000000000012,219.30000000000013,219.64000000000013,474
2026-04-06T17:45:00+00:00,219.64000000000013,219.64000000000013,218.92000000000013,219.09000000000012,422
2026-04-06T17:50:00+00:00,219.09000000000012,219.28000000000011,218.7600000000001,219.1300000000001,446
2026-04-06T17:55:00+00:00,219.1300000000001,219.46000000000012,219.09000000000012,219.15000000000012,315
2026-04-06T18:00:00+00:00,219.15000000000012,219.4100000000001,219.0000000000001,219.02000000000012,395
2026-04-06T18:05:00+00:00,219.02000000000012,219.2500000000001,218.8800000000001,219.09000000000012,375
2026-04-06T18:10:00+00:00,219.09000000000012,219.65000000000012,219.05000000000013,219.27000000000012,645
2026-04-06T18:15:00+00:00,219.27000000000012,219.73000000000013,219.2500000000001,219.7200000000001,430
2026-04-06T18:20:00+00:00,219.7200000000001,219.92000000000013,219.36000000000013,219.7900000000001,430
2026-04-06T18:25:00+00:00,219.7900000000001,220.20000000000013,219.5100000000001,219.7500000000001,500
2026-04-06T18:30:00+00:00,219.7500000000001,219.90000000000012,219.62000000000012,219.83000000000013,450
2026-04-06T18:35:00+00:00,219.83000000000013,220.0400000000001,219.62000000000012,219.62000000000012,301
2026-04-06T18:40:00+00:00,219.62000000000012,219.80000000000013,219.4400000000001,219.7500000000001,308
2026-04-06T18:45:00+00:00,219.7500000000001,219.99000000000012,219.62000000000012,219.80000000000013,289
2026-04-06T18:50:00+00:00,219.80000000000013,219.89000000000013,219.61000000000013,219.7900000000001,308
2026-04-06T18:55:00+00:00,219.7900000000001,220.0000000000001,219.70000000000013,219.7200000000001,316
2026-04-06T19:00:00+00:00,219.7200000000001,220.08000000000013,219.65000000000012,219.93000000000012,331
2026-04-06T19:05:00+00:00,219.93000000000012,219.93000000000012,219.39000000000013,219.39000000000013,371
2026-04-06T19:10:00+00:00,219.39000000000013,219.8200000000001,219.2500000000001,219.77000000000012,385
2026-04-06T19:15:00+00:00,219.77000000000012,220.05000000000013,219.5700000000001,219.7500000000001,404
2026-04-06T19:20:00+00:00,219.7500000000001,219.99000000000012,219.7500000000001,219.90000000000012,344
2026-04-06T19:25:00+00:00,219.90000000000012,220.31000000000012,219.78000000000011,220.02000000000012,417
2026-04-06T19:30:00+00:00,220.02000000000012,220.08000000000013,219.40000000000012,219.9400000000001,448
2026-04-06T19:35:00+00:00,219.9400000000001,219.99000000000012,219.71000000000012,219.80000000000013,271
2026-04-06T19:40:00+00:00,219.80000000000013,219.87000000000012,219.20000000000013,219.42000000000013,576
2026-04-06T19:45:00+00:00,219.42000000000013,219.67000000000013,219.2200000000001,219.49000000000012,559
2026-04-06T19:50:00+00:00,219.49000000000012,219.77000000000012,219.18000000000012,219.3500000000001,776
2026-04-06T19:55:00+00:00,219.3500000000001,220.0700000000001,219.34000000000012,219.9100000000001,1192
2026-04-07T13:30:00+00:00,219.9100000000001,221.6000000000001,217.70000000000013,220.02000000000012,1062
2026-04-07T13:35:00+00:00,220.02000000000012,221.5100000000001,219.5000000000001,220.21000000000012,1241
2026-04-07T13:40:00+00:00,220.21000000000012,220.53000000000011,218.3500000000001,218.6300000000001,1093
2026-04-07T13:45:00+00:00,218.6300000000001,219.02000000000012,218.1000000000001,218.21000000000012,1067
2026-04-07T13:50:00+00:00,218.21000000000012,218.77000000000012,217.7200000000001,218.5700000000001,1010
2026-04-07T13:55:00+00:00,218.5700000000001,219.0100000000001,216.95000000000013,216.99000000000012,1012
2026-04-07T14:00:00+00:00,216.99000000000012,217.23000000000013,216.12000000000012,216.84000000000012,1123
2026-04-07T14:05:00+00:00,216.84000000000012,216.9100000000001,215.05000000000013,215.46000000000012,1217
2026-04-07T14:10:00+00:00,215.46000000000012,216.68000000000012,215.40000000000012,216.31000000000012,1020
2026-04-07T14:15:00+00:00,216.31000000000012,216.83000000000013,216.2200000000001,216.7600000000001,937
2026-04-07T14:20:00+00:00,216.7600000000001,218.23000000000013,216.52000000000012,218.02000000000012,1025
2026-04-07T14:25:00+00:00,218.02000000000012,218.34000000000012,217.5100000000001,218.09000000000012,924
2026-04-07T14:30:00+00:00,218.09000000000012,218.64000000000013,218.0000000000001,218.02000000000012,987
2026-04-07T14:35:00+00:00,218.02000000000012,218.36000000000013,217.4700000000001,217.81000000000012,870
2026-04-07T14:40:00+00:00,217.81000000000012,217.86000000000013,216.9700000000001,217.24000000000012,730
2026-04-07T14:45:00+00:00,217.24000000000012,218.1900000000001,217.1900000000001,217.74000000000012,868
2026-04-07T14:50:00+00:00,217.74000000000012,217.92000000000013,217.30000000000013,217.6600000000001,637
2026-04-07T14:55:00+00:00,217.6600000000001,217.90000000000012,217.08000000000013,217.18000000000012,596
2026-04-07T15:00:00+00:00,217.18000000000012,217.18000000000012,216.1000000000001,216.17000000000013,907
2026-04-07T15:05:00+00:00,216.17000000000013,216.65000000000012,215.61000000000013,216.65000000000012,898
2026-04-07T15:10:00+00:00,216.65000000000012,217.77000000000012,216.6000000000001,217.24000000000012,802
2026-04-07T15:15:00+00:00,217.24000000000012,218.28000000000011,217.08000000000013,217.6300000000001,1022
2026-04-07T15:20:00+00:00,217.6300000000001,217.9100000000001,217.2600000000001,217.27000000000012,662
2026-04-07T15:25:00+00:00,217.27000000000012,217.77000000000012,217.2500000000001,217.73000000000013,784
2026-04-07T15:30:00+00:00,217.73000000000013,218.02000000000012,217.42000000000013,217.71000000000012,706
2026-04-07T15:35:00+00:00,217.71000000000012,218.0000000000001,216.70000000000013,216.84000000000012,562
2026-04-07T15:40:00+00:00,216.84000000000012,217.02000000000012,216.59000000000012,216.7200000000001,524
2026-04-07T15:45:00+00:00,216.7200000000001,217.02000000000012,216.45000000000013,216.6000000000001,571
2026-04-07T15:50:00+00:00,216.6000000000001,216.83000000000013,216.30000000000013,216.71000000000012,579
2026-04-07T15:55:00+00:00,216.71000000000012,217.28000000000011,216.5100000000001,216.68000000000012,806
2026-04-07T16:00:00+00:00,216.68000000000012,218.48000000000013,216.5700000000001,217.68000000000012,1129
2026-04-07T16:05:00+00:00,217.68000000000012,218.20000000000013,217.30000000000013,217.30000000000013,847
2026-04-07T16:10:00+00:00,217.30000000000013,217.90000000000012,217.2200000000001,217.6000000000001,556
2026-04-07T16:15:00+00:00,217.6000000000001,218.34000000000012,217.5100000000001,218.0700000000001,609
2026-04-07T16:20:00+00:00,218.0700000000001,219.03000000000011,217.84000000000012,218.87000000000012,839
2026-04-07T16:25:00+00:00,218.87000000000012,218.98000000000013,218.42000000000013,218.62000000000012,905
2026-04-07T16:30:00+00:00,218.62000000000012,219.0100000000001,218.62000000000012,218.81000000000012,629
2026-04-07T16:35:00+00:00,218.81000000000012,218.92000000000013,218.43000000000012,218.46000000000012,549
2026-04-07T16:40:00+00:00,218.46000000000012,219.11000000000013,218.43000000000012,219.09000000000012,536
2026-04-07T16:45:00+00:00,219.09000000000012,219.6600000000001,219.06000000000012,219.3500000000001,747
2026-04-07T16:50:00+00:00,219.3500000000001,219.3500000000001,218.98000000000013,219.09000000000012,657
2026-04-07T16:55:00+00:00,219.09000000000012,219.09000000000012,218.62000000000012,218.74000000000012,583
2026-04-07T17:00:00+00:00,218.74000000000012,219.21000000000012,218.59000000000012,219.1000000000001,943
2026-04-07T17:05:00+00:00,219.1000000000001,219.24000000000012,218.8200000000001,218.9400000000001,645
2026-04-07T17:10:00+00:00,218.9400000000001,219.12000000000012,218.77000000000012,218.8500000000001,474
2026-04-07T17:15:00+00:00,218.8500000000001,218.99000000000012,218.5000000000001,218.65000000000012,602
2026-04-07T17:20:00+00:00,218.65000000000012,218.6900000000001,218.08000000000013,218.20000000000013,832
2026-04-07T17:25:00+00:00,218.20000000000013,218.33000000000013,217.9700000000001,218.0700000000001,597
2026-04-07T17:30:00+00:00,218.0700000000001,218.62000000000012,218.03000000000011,218.46000000000012,790
2026-04-07T17:35:00+00:00,218.46000000000012,219.3800000000001,218.4400000000001,219.28000000000011,918
2026-04-07T17:40:00+00:00,219.28000000000011,219.4400000000001,218.78000000000011,219.0400000000001,726
2026-04-07T17:45:00+00:00,219.0400000000001,219.2600000000001,218.52000000000012,218.83000000000013,597
2026-04-07T17:50:00+00:00,218.83000000000013,219.15000000000012,218.59000000000012,218.8200000000001,539
2026-04-07T17:55:00+00:00,218.8200000000001,218.86000000000013,218.39000000000013,218.5100000000001,585
2026-04-07T18:00:00+00:00,218.5100000000001,218.96000000000012,218.49000000000012,218.55000000000013,552
2026-04-07T18:05:00+00:00,218.55000000000013,218.59000000000012,218.3500000000001,218.4100000000001,596
2026-04-07T18:10:00+00:00,218.4100000000001,218.58000000000013,218.21000000000012,218.48000000000013,564
2026-04-07T18:15:00+00:00,218.48000000000013,218.68000000000012,218.30000000000013,218.64000000000013,431
2026-04-07T18:20:00+00:00,218.64000000000013,218.67000000000013,218.11000000000013,218.1300000000001,588
2026-04-07T18:25:00+00:00,218.1300000000001,218.33000000000013,217.99000000000012,218.1600000000001,698
2026-04-07T18:30:00+00:00,218.1600000000001,218.5000000000001,218.08000000000013,218.39000000000013,577
2026-04-07T18:35:00+00:00,218.39000000000013,218.46000000000012,218.0100000000001,218.17000000000013,521
2026-04-07T18:40:00+00:00,218.17000000000013,218.2200000000001,217.6300000000001,217.87000000000012,744
2026-04-07T18:45:00+00:00,217.87000000000012,217.9100000000001,217.4100000000001,217.52000000000012,648
2026-04-07T18:50:00+00:00,217.52000000000012,217.62000000000012,217.08000000000013,217.21000000000012,813
2026-04-07T18:55:00+00:00,217.21000000000012,217.2200000000001,216.46000000000012,217.06000000000012,963
2026-04-07T19:00:00+00:00,217.06000000000012,217.65000000000012,216.9700000000001,217.33000000000013,761
2026-04-07T19:05:00+00:00,217.33000000000013,217.5100000000001,216.7900000000001,217.05000000000013,829
2026-04-07T19:10:00+00:00,217.05000000000013,217.53000000000011,217.0100000000001,217.36000000000013,576
2026-04-07T19:15:00+00:00,217.36000000000013,219.03000000000011,217.23000000000013,218.8500000000001,1317
2026-04-07T19:20:00+00:00,218.8500000000001,219.46000000000012,218.14000000000013,218.73000000000013,1502
2026-04-07T19:25:00+00:00,218.73000000000013,218.73000000000013,218.0700000000001,218.4400000000001,901
2026-04-07T19:30:00+00:00,218.4400000000001,218.7500000000001,218.20000000000013,218.53000000000011,834
2026-04-07T19:35:00+00:00,218.53000000000011,218.71000000000012,218.14000000000013,218.62000000000012,727
2026-04-07T19:40:00+00:00,218.62000000000012,219.1000000000001,218.5100000000001,218.9400000000001,940
2026-04-07T19:45:00+00:00,218.9400000000001,220.1300000000001,218.80000000000013,219.84000000000012,1840
2026-04-07T19:50:00+00:00,219.84000000000012,220.80000000000013,219.83000000000013,220.34000000000012,1103
2026-04-07T19:55:00+00:00,220.34000000000012,221.34000000000012,220.34000000000012,221.11000000000013,1731
2026-04-08T13:30:00+00:00,221.11000000000013,233.59000000000012,221.11000000000013,229.89000000000013,1116
2026-04-08T13:35:00+00:00,229.89000000000013,230.78000000000011,229.15000000000012,229.36000000000013,1605
2026-04-08T13:40:00+00:00,229.36000000000013,230.03000000000011,228.55000000000013,229.23000000000013,1165
2026-04-08T13:45:00+00:00,229.23000000000013,230.23000000000013,228.95000000000013,229.7200000000001,1234
2026-04-08T13:50:00+00:00,229.7200000000001,229.80000000000013,228.5000000000001,229.24000000000012,1445
2026-04-08T13:55:00+00:00,229.24000000000012,229.83000000000013,228.4700000000001,228.4700000000001,1349
2026-04-08T14:00:00+00:00,228.4700000000001,228.59000000000012,227.15000000000012,227.30000000000013,1432
2026-04-08T14:05:00+00:00,227.30000000000013,228.52000000000012,227.2900000000001,228.21000000000012,1282
2026-04-08T14:10:00+00:00,228.21000000000012,228.40000000000012,227.6000000000001,228.09000000000012,1091
2026-04-08T14:15:00+00:00,228.09000000000012,229.40000000000012,228.0100000000001,229.1300000000001,1121
2026-04-08T14:20:00+00:00,229.1300000000001,229.9700000000001,228.99000000000012,229.77000000000012,1082
2026-04-08T14:25:00+00:00,229.77000000000012,230.02000000000012,228.77000000000012,229.43000000000012,991
2026-04-08T14:30:00+00:00,229.43000000000012,229.87000000000012,228.99000000000012,229.45000000000013,1216
2026-04-08T14:35:00+00:00,229.45000000000013,229.58000000000013,228.8200000000001,229.4100000000001,979
2026-04-08T14:40:00+00:00,229.4100000000001,229.4400000000001,228.2200000000001,228.62000000000012,1016
2026-04-08T14:45:00+00:00,228.62000000000012,228.71000000000012,227.7200000000001,228.24000000000012,985
2026-04-08T14:50:00+00:00,228.24000000000012,228.33000000000013,227.62000000000012,228.28000000000011,1000
2026-04-08T14:55:00+00:00,228.28000000000011,228.37000000000012,226.7600000000001,228.0000000000001,1304.9224245447742
2026-04-08T15:00:00+00:00,228.0000000000001,229.3800000000001,227.9700000000001,229.0000000000001,1040
2026-04-08T15:05:00+00:00,229.0000000000001,229.8800000000001,228.9800000000001,229.4100000000001,964
2026-04-08T15:10:00+00:00,229.4100000000001,230.5000000000001,229.12000000000012,230.40000000000012,902
2026-04-08T15:15:00+00:00,230.40000000000012,231.24000000000012,230.2000000000001,231.1900000000001,1258
2026-04-08T15:20:00+00:00,231.1900000000001,231.6300000000001,230.8200000000001,231.6300000000001,1112
2026-04-08T15:25:00+00:00,231.6300000000001,231.6300000000001,230.56000000000012,230.7700000000001,1075
2026-04-08T15:30:00+00:00,230.7700000000001,230.9400000000001,229.99000000000012,230.3500000000001,1103
2026-04-08T15:35:00+00:00,230.3500000000001,230.6900000000001,229.7500000000001,230.3500000000001,931
2026-04-08T15:40:00+00:00,230.3500000000001,230.5100000000001,229.9800000000001,230.2200000000001,644
2026-04-08T15:45:00+00:00,230.2200000000001,231.3800000000001,230.1100000000001,231.34000000000012,655
2026-04-08T15:50:00+00:00,231.34000000000012,231.7000000000001,230.9500000000001,231.5400000000001,661
2026-04-08T15:55:00+00:00,231.5400000000001,232.3000000000001,231.5100000000001,231.59000000000012,747
2026-04-08T16:00:00+00:00,231.59000000000012,231.8600000000001,231.34000000000012,231.7000000000001,697
2026-04-08T16:05:00+00:00,231.7000000000001,231.8000000000001,231.31000000000012,231.53000000000011,514
2026-04-08T16:10:00+00:00,231.53000000000011,231.6300000000001,230.8500000000001,230.8900000000001,528
2026-04-08T16:15:00+00:00,230.8900000000001,231.1600000000001,230.6900000000001,230.9400000000001,698
2026-04-08T16:20:00+00:00,230.9400000000001,231.2200000000001,230.84000000000012,231.1300000000001,601
2026-04-08T16:25:00+00:00,231.1300000000001,231.28000000000011,230.8800000000001,231.0400000000001,586
2026-04-08T16:30:00+00:00,231.0400000000001,231.4200000000001,231.0100000000001,231.1600000000001,596
2026-04-08T16:35:00+00:00,231.1600000000001,231.8900000000001,231.15000000000012,231.7200000000001,578
2026-04-08T16:40:00+00:00,231.7200000000001,232.09000000000012,231.6600000000001,232.0400000000001,476
2026-04-08T16:45:00+00:00,232.0400000000001,232.4700000000001,232.0000000000001,232.2700000000001,622
2026-04-08T16:50:00+00:00,232.2700000000001,233.03000000000011,231.9700000000001,233.0000000000001,601
2026-04-08T16:55:00+00:00,233.0000000000001,233.2600000000001,232.9200000000001,232.9500000000001,548
2026-04-08T17:00:00+00:00,232.9500000000001,233.2600000000001,232.78000000000011,232.8900000000001,466
2026-04-08T17:05:00+00:00,232.8900000000001,233.0000000000001,232.5700000000001,232.62000000000012,637
2026-04-08T17:10:00+00:00,232.62000000000012,232.6300000000001,232.3300000000001,232.5700000000001,563
2026-04-08T17:15:00+00:00,232.5700000000001,232.6000000000001,232.1400000000001,232.18000000000012,529
2026-04-08T17:20:00+00:00,232.18000000000012,232.3900000000001,231.8600000000001,231.9100000000001,777
2026-04-08T17:25:00+00:00,231.9100000000001,232.15000000000012,231.5400000000001,231.7700000000001,683
2026-04-08T17:30:00+00:00,231.7700000000001,232.12000000000012,231.6600000000001,231.7900000000001,555
2026-04-08T17:35:00+00:00,231.7900000000001,232.0400000000001,231.3300000000001,231.8000000000001,680
2026-04-08T17:40:00+00:00,231.8000000000001,232.2200000000001,231.7200000000001,231.8300000000001,632
2026-04-08T17:45:00+00:00,231.8300000000001,232.2000000000001,231.7700000000001,232.1100000000001,564
2026-04-08T17:50:00+00:00,232.1100000000001,232.49000000000012,232.1100000000001,232.3600000000001,461
2026-04-08T17:55:00+00:00,232.3600000000001,232.65000000000012,232.2900000000001,232.62000000000012,389
2026-04-08T18:00:00+00:00,232.62000000000012,233.28000000000011,232.3900000000001,233.1600000000001,621
2026-04-08T18:05:00+00:00,233.1600000000001,233.2500000000001,232.8900000000001,233.2000000000001,546
2026-04-08T18:10:00+00:00,233.2000000000001,233.43000000000012,232.9100000000001,233.06000000000012,588
2026-04-08T18:15:00+00:00,233.06000000000012,233.2500000000001,231.74000000000012,232.1000000000001,1138
2026-04-08T18:20:00+00:00,232.1000000000001,232.59000000000012,232.0100000000001,232.3500000000001,1064
2026-04-08T18:25:00+00:00,232.3500000000001,232.40000000000012,232.0200000000001,232.0500000000001,826
2026-04-08T18:30:00+00:00,232.0500000000001,232.4700000000001,232.03000000000011,232.2900000000001,735
2026-04-08T18:35:00+00:00,232.2900000000001,232.4800000000001,232.1600000000001,232.18000000000012,704
2026-04-08T18:40:00+00:00,232.18000000000012,232.21000000000012,231.4700000000001,231.5400000000001,762
2026-04-08T18:45:00+00:00,231.5400000000001,231.8000000000001,231.1300000000001,231.1400000000001,647
2026-04-08T18:50:00+00:00,231.1400000000001,231.1400000000001,230.53000000000011,230.6400000000001,640
2026-04-08T18:55:00+00:00,230.6400000000001,230.6700000000001,229.5700000000001,229.74000000000012,694
2026-04-08T19:00:00+00:00,229.74000000000012,229.8800000000001,229.3900000000001,229.4400000000001,854
2026-04-08T19:05:00+00:00,229.4400000000001,230.28000000000011,229.2900000000001,230.2300000000001,836
2026-04-08T19:10:00+00:00,230.2300000000001,230.8800000000001,230.0400000000001,230.84000000000012,669
2026-04-08T19:15:00+00:00,230.84000000000012,230.9800000000001,229.96000000000012,230.09000000000012,646
2026-04-08T19:20:00+00:00,230.09000000000012,230.37000000000012,229.90000000000012,230.2500000000001,640
2026-04-08T19:25:00+00:00,230.2500000000001,230.6400000000001,230.2200000000001,230.3300000000001,704
2026-04-08T19:30:00+00:00,230.3300000000001,230.8800000000001,230.2500000000001,230.4800000000001,723
2026-04-08T19:35:00+00:00,230.4800000000001,230.9400000000001,230.4800000000001,230.7600000000001,803
2026-04-08T19:40:00+00:00,230.7600000000001,230.8800000000001,230.3600000000001,230.78000000000011,752
2026-04-08T19:45:00+00:00,230.78000000000011,231.1400000000001,230.78000000000011,230.9500000000001,957
2026-04-08T19:50:00+00:00,230.9500000000001,231.2200000000001,230.8600000000001,231.0200000000001,1088
2026-04-08T19:55:00+00:00,231.0200000000001,231.6300000000001,231.0200000000001,231.5700000000001,1802
2026-04-09T13:30:00+00:00,231.5700000000001,233.93000000000012,230.62000000000012,230.74000000000012,870
2026-04-09T13:35:00+00:00,230.74000000000012,232.9500000000001,230.74000000000012,232.40000000000012,1162
2026-04-09T13:40:00+00:00,232.40000000000012,235.0800000000001,231.9400000000001,234.93000000000012,1348
2026-04-09T13:45:00+00:00,234.93000000000012,235.68000000000012,233.9400000000001,235.28000000000011,1265
2026-04-09T13:50:00+00:00,235.28000000000011,235.4200000000001,232.87000000000012,232.8800000000001,1138
2026-04-09T13:55:00+00:00,232.8800000000001,233.4800000000001,231.8800000000001,233.2600000000001,905
2026-04-09T14:00:00+00:00,233.2600000000001,233.5500000000001,232.7600000000001,232.90000000000012,956
2026-04-09T14:05:00+00:00,232.90000000000012,233.3500000000001,232.4100000000001,232.6300000000001,846
2026-04-09T14:10:00+00:00,232.6300000000001,233.1700000000001,232.2900000000001,232.62000000000012,710
2026-04-09T14:15:00+00:00,232.62000000000012,232.6600000000001,231.5500000000001,232.0200000000001,848
2026-04-09T14:20:00+00:00,232.0200000000001,232.7700000000001,231.7200000000001,232.53000000000011,785
2026-04-09T14:25:00+00:00,232.53000000000011,232.5500000000001,231.46000000000012,232.0200000000001,693
2026-04-09T14:30:00+00:00,232.0200000000001,232.46000000000012,231.7200000000001,232.15000000000012,699
2026-04-09T14:35:00+00:00,232.15000000000012,232.62000000000012,231.74000000000012,232.5500000000001,825
2026-04-09T14:40:00+00:00,232.5500000000001,233.46000000000012,232.5000000000001,233.3500000000001,715
2026-04-09T14:45:00+00:00,233.3500000000001,233.8300000000001,233.0800000000001,233.74000000000012,668
2026-04-09T14:50:00+00:00,233.74000000000012,235.1400000000001,233.6100000000001,234.93000000000012,779
2026-04-09T14:55:00+00:00,234.93000000000012,235.21000000000012,234.2300000000001,234.9100000000001,960
2026-04-09T15:00:00+00:00,234.9100000000001,234.9100000000001,234.34000000000012,234.3900000000001,855
2026-04-09T15:05:00+00:00,234.3900000000001,234.5100000000001,233.7000000000001,233.8600000000001,730
2026-04-09T15:10:00+00:00,233.8600000000001,235.2000000000001,233.7900000000001,235.0700000000001,768
2026-04-09T15:15:00+00:00,235.0700000000001,235.49000000000012,234.8600000000001,235.28000000000011,834
2026-04-09T15:20:00+00:00,235.28000000000011,235.6600000000001,235.0400000000001,235.0500000000001,729
2026-04-09T15:25:00+00:00,235.0500000000001,235.1400000000001,233.9100000000001,234.06000000000012,715
2026-04-09T15:30:00+00:00,234.06000000000012,235.4800000000001,234.0100000000001,235.2500000000001,1384
2026-04-09T15:35:00+00:00,235.2500000000001,235.53000000000011,234.5700000000001,234.68000000000012,1088
2026-04-09T15:40:00+00:00,234.68000000000012,235.2500000000001,234.4200000000001,235.06000000000012,722
2026-04-09T15:45:00+00:00,235.06000000000012,236.1900000000001,234.7700000000001,235.4500000000001,908
2026-04-09T15:50:00+00:00,235.4500000000001,235.7300000000001,235.3200000000001,235.4500000000001,773
2026-04-09T15:55:00+00:00,235.4500000000001,235.6900000000001,235.24000000000012,235.6400000000001,676
2026-04-09T16:00:00+00:00,235.6400000000001,236.5700000000001,235.5200000000001,236.06000000000012,889
2026-04-09T16:05:00+00:00,236.06000000000012,236.12000000000012,234.8600000000001,234.8900000000001,878
2026-04-09T16:10:00+00:00,234.8900000000001,235.0000000000001,234.5100000000001,234.5800000000001,785
2026-04-09T16:15:00+00:00,234.5800000000001,235.56000000000012,234.5700000000001,235.46000000000012,771
2026-04-09T16:20:00+00:00,235.46000000000012,235.6100000000001,235.18000000000012,235.3300000000001,756
2026-04-09T16:25:00+00:00,235.3300000000001,235.34000000000012,235.0200000000001,235.0400000000001,563
2026-04-09T16:30:00+00:00,235.0400000000001,235.2700000000001,234.8800000000001,235.1300000000001,736
2026-04-09T16:35:00+00:00,235.1300000000001,235.15000000000012,234.5700000000001,234.8300000000001,629
2026-04-09T16:40:00+00:00,234.8300000000001,234.84000000000012,234.4400000000001,234.5700000000001,527
2026-04-09T16:45:00+00:00,234.5700000000001,234.5700000000001,233.7300000000001,234.03000000000011,695
2026-04-09T16:50:00+00:00,234.03000000000011,234.4500000000001,233.8800000000001,234.2500000000001,618
2026-04-09T16:55:00+00:00,234.2500000000001,234.34000000000012,233.8900000000001,234.03000000000011,464
2026-04-09T17:00:00+00:00,234.03000000000011,234.15000000000012,233.6400000000001,234.0200000000001,427
2026-04-09T17:05:00+00:00,234.0200000000001,234.3900000000001,233.8900000000001,234.09000000000012,729
2026-04-09T17:10:00+00:00,234.09000000000012,234.24000000000012,233.9400000000001,234.0100000000001,601
2026-04-09T17:15:00+00:00,234.0100000000001,234.5100000000001,233.9700000000001,234.34000000000012,552
2026-04-09T17:20:00+00:00,234.34000000000012,234.5000000000001,234.09000000000012,234.1300000000001,525
2026-04-09T17:25:00+00:00,234.1300000000001,234.31000000000012,233.8600000000001,233.87000000000012,492
2026-04-09T17:30:00+00:00,233.87000000000012,233.87000000000012,233.12000000000012,233.4100000000001,708
2026-04-09T17:35:00+00:00,233.4100000000001,234.24000000000012,233.4100000000001,234.0700000000001,656
2026-04-09T17:40:00+00:00,234.0700000000001,234.1600000000001,233.7200000000001,233.8000000000001,558
2026-04-09T17:45:00+00:00,233.8000000000001,234.03000000000011,233.65000000000012,233.8500000000001,535
2026-04-09T17:50:00+00:00,233.8500000000001,233.8500000000001,233.3500000000001,233.6600000000001,542
2026-04-09T17:55:00+00:00,233.6600000000001,233.78000000000011,233.5200000000001,233.6100000000001,407
2026-04-09T18:00:00+00:00,233.6100000000001,233.99000000000012,233.15000000000012,233.4400000000001,884
2026-04-09T18:05:00+00:00,233.4400000000001,234.37000000000012,233.4100000000001,234.3600000000001,641
2026-04-09T18:10:00+00:00,234.3600000000001,234.6400000000001,233.9700000000001,234.53000000000011,612
2026-04-09T18:15:00+00:00,234.53000000000011,235.1300000000001,234.5000000000001,234.8600000000001,670
2026-04-09T18:20:00+00:00,234.8600000000001,235.0200000000001,234.7700000000001,234.8800000000001,792
2026-04-09T18:25:00+00:00,234.8800000000001,235.28000000000011,234.7300000000001,234.8300000000001,814
2026-04-09T18:30:00+00:00,234.8300000000001,235.1100000000001,234.6400000000001,234.7600000000001,591
2026-04-09T18:35:00+00:00,234.7600000000001,235.1900000000001,234.5400000000001,235.1000000000001,628
2026-04-09T18:40:00+00:00,235.1000000000001,235.1600000000001,234.7300000000001,234.90000000000012,593
2026-04-09T18:45:00+00:00,234.90000000000012,235.24000000000012,234.7900000000001,235.1900000000001,501
2026-04-09T18:50:00+00:00,235.1900000000001,235.43000000000012,234.9200000000001,235.3900000000001,591
2026-04-09T18:55:00+00:00,235.3900000000001,235.9100000000001,235.3600000000001,235.74000000000012,544
2026-04-09T19:00:00+00:00,235.74000000000012,236.4800000000001,235.71000000000012,236.2300000000001,627
2026-04-09T19:05:00+00:00,236.2300000000001,236.3500000000001,235.99000000000012,236.3500000000001,540
2026-04-09T19:10:00+00:00,236.3500000000001,236.6700000000001,236.24000000000012,236.40000000000012,605
2026-04-09T19:15:00+00:00,236.40000000000012,236.5100000000001,236.1600000000001,236.2000000000001,604
2026-04-09T19:20:00+00:00,236.2000000000001,236.3600000000001,236.1000000000001,236.28000000000011,679
2026-04-09T19:25:00+00:00,236.28000000000011,236.65000000000012,236.15000000000012,236.3200000000001,624
2026-04-09T19:30:00+00:00,236.3200000000001,236.6900000000001,236.1600000000001,236.6100000000001,663
2026-04-09T19:35:00+00:00,236.6100000000001,236.65000000000012,236.46000000000012,236.53000000000011,517
2026-04-09T19:40:00+00:00,236.53000000000011,236.56000000000012,236.21000000000012,236.46000000000012,655
2026-04-09T19:45:00+00:00,236.46000000000012,236.5400000000001,236.21000000000012,236.3200000000001,651
2026-04-09T19:50:00+00:00,236.3200000000001,236.81000000000012,236.2600000000001,236.6300000000001,952
2026-04-09T19:55:00+00:00,236.6300000000001,236.71000000000012,236.0000000000001,236.3500000000001,1682
2026-04-10T13:30:00+00:00,236.3500000000001,243.3600000000001,236.3500000000001,242.49000000000012,1411
2026-04-10T13:35:00+00:00,242.49000000000012,243.87000000000012,241.4500000000001,241.8600000000001,2086
2026-04-10T13:40:00+00:00,241.8600000000001,245.6600000000001,241.5200000000001,245.4400000000001,1615
2026-04-10T13:45:00+00:00,245.4400000000001,249.1700000000001,245.3900000000001,248.4800000000001,2017
2026-04-10T13:50:00+00:00,248.4800000000001,248.4800000000001,247.2700000000001,247.6100000000001,1702
2026-04-10T13:55:00+00:00,247.6100000000001,247.6100000000001,246.3300000000001,246.9800000000001,1240
2026-04-10T14:00:00+00:00,246.9800000000001,247.4500000000001,245.7700000000001,245.9200000000001,1145
2026-04-10T14:05:00+00:00,245.9200000000001,246.3200000000001,245.03000000000011,245.2200000000001,1069
2026-04-10T14:10:00+00:00,245.2200000000001,245.8600000000001,244.31000000000012,245.8000000000001,1307
2026-04-10T14:15:00+00:00,245.8000000000001,246.2500000000001,245.6100000000001,246.06000000000012,851
2026-04-10T14:20:00+00:00,246.06000000000012,246.84000000000012,245.5100000000001,246.2300000000001,870
2026-04-10T14:25:00+00:00,246.2300000000001,246.4100000000001,245.59000000000012,245.81000000000012,727
2026-04-10T14:30:00+00:00,245.81000000000012,246.96000000000012,245.7600000000001,246.6600000000001,874
2026-04-10T14:35:00+00:00,246.6600000000001,246.68000000000012,245.9800000000001,246.18000000000012,810
2026-04-10T14:40:00+00:00,246.18000000000012,246.8300000000001,246.03000000000011,246.4400000000001,888
2026-04-10T14:45:00+00:00,246.4400000000001,247.2500000000001,246.3000000000001,246.81000000000012,840
2026-04-10T14:50:00+00:00,246.81000000000012,247.6600000000001,246.6600000000001,247.15000000000012,778
2026-04-10T14:55:00+00:00,247.15000000000012,248.4100000000001,246.8600000000001,248.2600000000001,925.6043489449305
2026-04-10T15:00:00+00:00,248.2600000000001,248.5000000000001,247.74000000000012,248.33000000000013,1112
2026-04-10T15:05:00+00:00,248.33000000000013,248.7500000000001,248.24000000000012,248.4500000000001,898
2026-04-10T15:10:00+00:00,248.4500000000001,248.4700000000001,247.8600000000001,248.34000000000012,763
2026-04-10T15:15:00+00:00,248.34000000000012,248.6600000000001,248.21000000000012,248.33000000000013,796
2026-04-10T15:20:00+00:00,248.33000000000013,249.3800000000001,248.2000000000001,249.1100000000001,936
2026-04-10T15:25:00+00:00,249.1100000000001,249.1100000000001,247.93000000000012,248.2000000000001,1018
2026-04-10T15:30:00+00:00,248.2000000000001,248.24000000000012,246.8600000000001,247.30000000000013,1051
2026-04-10T15:35:00+00:00,247.30000000000013,247.4400000000001,246.27000000000012,246.33000000000013,1185
2026-04-10T15:40:00+00:00,246.33000000000013,246.4200000000001,245.62000000000012,245.8600000000001,1216
2026-04-10T15:45:00+00:00,245.8600000000001,246.1100000000001,245.6100000000001,245.7300000000001,988
2026-04-10T15:50:00+00:00,245.7300000000001,246.05000000000013,245.6300000000001,245.6400000000001,988
2026-04-10T15:55:00+00:00,245.6400000000001,245.7000000000001,244.6300000000001,244.99000000000012,1195
2026-04-10T16:00:00+00:00,244.99000000000012,245.0700000000001,244.5100000000001,244.53000000000011,917
2026-04-10T16:05:00+00:00,244.53000000000011,245.0400000000001,244.4800000000001,244.56000000000012,914
2026-04-10T16:10:00+00:00,244.56000000000012,245.46000000000012,244.56000000000012,244.9800000000001,803
2026-04-10T16:15:00+00:00,244.9800000000001,245.2900000000001,244.74000000000012,244.93000000000012,695
2026-04-10T16:20:00+00:00,244.93000000000012,245.1300000000001,244.62000000000012,245.0700000000001,733
2026-04-10T16:25:00+00:00,245.0700000000001,245.1400000000001,244.37000000000012,244.3800000000001,733
2026-04-10T16:30:00+00:00,244.3800000000001,244.78000000000011,243.87000000000012,244.1100000000001,770
2026-04-10T16:35:00+00:00,244.1100000000001,244.24000000000012,243.6900000000001,243.7600000000001,729
2026-04-10T16:40:00+00:00,243.7600000000001,243.8500000000001,243.4100000000001,243.6100000000001,814
2026-04-10T16:45:00+00:00,243.6100000000001,244.27000000000012,243.6100000000001,244.1600000000001,797
2026-04-10T16:50:00+00:00,244.1600000000001,245.24000000000012,243.96000000000012,245.21000000000012,933
2026-04-10T16:55:00+00:00,245.21000000000012,245.2600000000001,244.7500000000001,245.1100000000001,663
2026-04-10T17:00:00+00:00,245.1100000000001,245.15000000000012,244.71000000000012,244.9500000000001,793
2026-04-10T17:05:00+00:00,244.9500000000001,245.33000000000013,244.7500000000001,245.18000000000012,676
2026-04-10T17:10:00+00:00,245.18000000000012,245.3600000000001,244.7500000000001,244.9400000000001,671
2026-04-10T17:15:00+00:00,244.9400000000001,245.12000000000012,244.84000000000012,244.9700000000001,577
2026-04-10T17:20:00+00:00,244.9700000000001,245.1000000000001,244.5000000000001,244.8200000000001,619
2026-04-10T17:25:00+00:00,244.8200000000001,245.34000000000012,244.7000000000001,245.21000000000012,581
2026-04-10T17:30:00+00:00,245.21000000000012,245.55000000000013,244.9800000000001,245.2200000000001,666
2026-04-10T17:35:00+00:00,245.2200000000001,245.5000000000001,245.1600000000001,245.4500000000001,497
2026-04-10T17:40:00+00:00,245.4500000000001,245.6600000000001,245.31000000000012,245.5700000000001,551
2026-04-10T17:45:00+00:00,245.5700000000001,245.65000000000012,245.2200000000001,245.55000000000013,470
2026-04-10T17:50:00+00:00,245.55000000000013,245.6600000000001,245.3500000000001,245.49000000000012,500
2026-04-10T17:55:00+00:00,245.49000000000012,245.8800000000001,245.4100000000001,245.6400000000001,491
2026-04-10T18:00:00+00:00,245.6400000000001,245.81000000000012,245.37000000000012,245.3800000000001,598
2026-04-10T18:05:00+00:00,245.3800000000001,245.6100000000001,245.2500000000001,245.4200000000001,543
2026-04-10T18:10:00+00:00,245.4200000000001,245.62000000000012,245.24000000000012,245.5400000000001,432
2026-04-10T18:15:00+00:00,245.5400000000001,245.81000000000012,245.4100000000001,245.7300000000001,447
2026-04-10T18:20:00+00:00,245.7300000000001,246.12000000000012,245.71000000000012,245.8600000000001,582
2026-04-10T18:25:00+00:00,245.8600000000001,245.9800000000001,245.6100000000001,245.7200000000001,603
2026-04-10T18:30:00+00:00,245.7200000000001,245.78000000000011,245.2500000000001,245.27000000000012,572
2026-04-10T18:35:00+00:00,245.27000000000012,245.4100000000001,245.03000000000011,245.06000000000012,474
2026-04-10T18:40:00+00:00,245.06000000000012,245.1900000000001,244.71000000000012,244.8600000000001,583
2026-04-10T18:45:00+00:00,244.8600000000001,245.09000000000012,244.77000000000012,244.9800000000001,472
2026-04-10T18:50:00+00:00,244.9800000000001,245.3200000000001,244.93000000000012,245.0700000000001,425
2026-04-10T18:55:00+00:00,245.0700000000001,245.18000000000012,244.93000000000012,244.9800000000001,424
2026-04-10T19:00:00+00:00,244.9800000000001,245.2200000000001,244.8900000000001,245.1000000000001,744
2026-04-10T19:05:00+00:00,245.1000000000001,245.5400000000001,245.09000000000012,245.3900000000001,602
2026-04-10T19:10:00+00:00,245.3900000000001,245.65000000000012,245.31000000000012,245.4200000000001,573
2026-04-10T19:15:00+00:00,245.4200000000001,245.8600000000001,245.30000000000013,245.77000000000012,443
2026-04-10T19:20:00+00:00,245.77000000000012,245.9700000000001,245.6300000000001,245.7200000000001,553
2026-04-10T19:25:00+00:00,245.7200000000001,245.8600000000001,245.6000000000001,245.62000000000012,468
2026-04-10T19:30:00+00:00,245.62000000000012,245.62000000000012,245.2900000000001,245.4700000000001,648
2026-04-10T19:35:00+00:00,245.4700000000001,245.58000000000013,245.1100000000001,245.1900000000001,645
2026-04-10T19:40:00+00:00,245.1900000000001,245.6400000000001,245.05000000000013,245.6000000000001,817
2026-04-10T19:45:00+00:00,245.6000000000001,245.71000000000012,244.9100000000001,245.05000000000013,886
2026-04-10T19:50:00+00:00,245.05000000000013,245.49000000000012,244.9200000000001,245.4700000000001,1133
2026-04-10T19:55:00+00:00,245.4700000000001,245.4700000000001,244.62000000000012,244.83000000000013,1304
2026-04-13T13:30:00+00:00,244.83000000000013,245.96000000000012,243.49000000000012,244.83000000000013,794
2026-04-13T13:35:00+00:00,244.83000000000013,245.5000000000001,243.5000000000001,243.8200000000001,962
2026-04-13T13:40:00+00:00,243.8200000000001,244.28000000000011,242.7000000000001,242.71000000000012,812
2026-04-13T13:45:00+00:00,242.71000000000012,243.5000000000001,241.84000000000012,243.30000000000013,845
2026-04-13T13:50:00+00:00,243.30000000000013,243.58000000000013,242.59000000000012,243.05000000000013,580
2026-04-13T13:55:00+00:00,243.05000000000013,243.56000000000012,242.31000000000012,243.4200000000001,634
2026-04-13T14:00:00+00:00,243.4200000000001,244.1600000000001,243.1100000000001,244.1100000000001,776
2026-04-13T14:05:00+00:00,244.1100000000001,244.27000000000012,242.8200000000001,243.0400000000001,917
2026-04-13T14:10:00+00:00,243.0400000000001,243.1300000000001,242.4200000000001,242.6100000000001,849
2026-04-13T14:15:00+00:00,242.6100000000001,243.1900000000001,242.6100000000001,242.9500000000001,928
2026-04-13T14:20:00+00:00,242.9500000000001,243.4800000000001,242.4500000000001,242.87000000000012,1095
2026-04-13T14:25:00+00:00,242.87000000000012,243.1300000000001,242.7200000000001,242.9100000000001,758
2026-04-13T14:30:00+00:00,242.9100000000001,243.24000000000012,242.5000000000001,243.2000000000001,663
2026-04-13T14:35:00+00:00,243.2000000000001,243.3600000000001,242.68000000000012,242.7300000000001,647
2026-04-13T14:40:00+00:00,242.7300000000001,243.34000000000012,242.6100000000001,243.30000000000013,565
2026-04-13T14:45:00+00:00,243.30000000000013,243.5000000000001,243.0700000000001,243.24000000000012,609
2026-04-13T14:50:00+00:00,243.24000000000012,244.1100000000001,243.12000000000012,244.0100000000001,750
2026-04-13T14:55:00+00:00,244.0100000000001,244.2900000000001,243.74000000000012,244.1100000000001,620
2026-04-13T15:00:00+00:00,244.1100000000001,244.12000000000012,243.2000000000001,243.2300000000001,743
2026-04-13T15:05:00+00:00,243.2300000000001,243.84000000000012,243.18000000000012,243.7300000000001,612
2026-04-13T15:10:00+00:00,243.7300000000001,244.46000000000012,243.5100000000001,244.1300000000001,539
2026-04-13T15:15:00+00:00,244.1300000000001,244.6400000000001,244.09000000000012,244.31000000000012,599
2026-04-13T15:20:00+00:00,244.31000000000012,244.7900000000001,244.2500000000001,244.3500000000001,483
2026-04-13T15:25:00+00:00,244.3500000000001,244.78000000000011,244.1900000000001,244.2500000000001,647
2026-04-13T15:30:00+00:00,244.2500000000001,244.43000000000012,243.9700000000001,244.21000000000012,575
2026-04-13T15:35:00+00:00,244.21000000000012,244.93000000000012,244.1100000000001,244.7300000000001,777
2026-04-13T15:40:00+00:00,244.7300000000001,244.87000000000012,244.3800000000001,244.40000000000012,528
2026-04-13T15:45:00+00:00,244.40000000000012,244.90000000000012,244.2500000000001,244.84000000000012,472
2026-04-13T15:50:00+00:00,244.84000000000012,244.8600000000001,244.6100000000001,244.6900000000001,486
2026-04-13T15:55:00+00:00,244.6900000000001,244.99000000000012,244.59000000000012,244.9700000000001,477
2026-04-13T16:00:00+00:00,244.9700000000001,245.09000000000012,244.62000000000012,244.87000000000012,534
2026-04-13T16:05:00+00:00,244.87000000000012,244.96000000000012,244.21000000000012,244.7900000000001,708
2026-04-13T16:10:00+00:00,244.7900000000001,244.9200000000001,244.4700000000001,244.49000000000012,376
2026-04-13T16:15:00+00:00,244.49000000000012,244.6900000000001,244.2000000000001,244.33000000000013,391
2026-04-13T16:20:00+00:00,244.33000000000013,244.81000000000012,244.30000000000013,244.80000000000013,481
2026-04-13T16:25:00+00:00,244.80000000000013,245.53000000000011,244.7300000000001,245.2000000000001,525
2026-04-13T16:30:00+00:00,245.2000000000001,245.28000000000011,244.68000000000012,245.03000000000011,550
2026-04-13T16:35:00+00:00,245.03000000000011,245.4800000000001,244.9200000000001,245.1600000000001,580
2026-04-13T16:40:00+00:00,245.1600000000001,245.5100000000001,244.9400000000001,245.24000000000012,653
2026-04-13T16:45:00+00:00,245.24000000000012,245.68000000000012,245.06000000000012,245.3900000000001,622
2026-04-13T16:50:00+00:00,245.3900000000001,245.8600000000001,245.37000000000012,245.46000000000012,577
2026-04-13T16:55:00+00:00,245.46000000000012,245.84000000000012,245.31000000000012,245.78000000000011,354
2026-04-13T17:00:00+00:00,245.78000000000011,246.1000000000001,245.6900000000001,245.80000000000013,414
2026-04-13T17:05:00+00:00,245.80000000000013,245.87000000000012,245.37000000000012,245.4800000000001,333
2026-04-13T17:10:00+00:00,245.4800000000001,245.7300000000001,245.4500000000001,245.59000000000012,252
2026-04-13T17:15:00+00:00,245.59000000000012,246.02000000000012,245.5700000000001,245.90000000000012,320
2026-04-13T17:20:00+00:00,245.90000000000012,246.02000000000012,245.7200000000001,245.87000000000012,335
2026-04-13T17:25:00+00:00,245.87000000000012,246.0100000000001,245.7900000000001,246.0100000000001,267
2026-04-13T17:30:00+00:00,246.0100000000001,246.1100000000001,245.83000000000013,245.87000000000012,292
2026-04-13T17:35:00+00:00,245.87000000000012,246.03000000000011,245.7300000000001,245.83000000000013,393
2026-04-13T17:40:00+00:00,245.83000000000013,245.8900000000001,245.4500000000001,245.4500000000001,296
2026-04-13T17:45:00+00:00,245.4500000000001,245.49000000000012,245.0700000000001,245.09000000000012,307
2026-04-13T17:50:00+00:00,245.09000000000012,245.1100000000001,244.83000000000013,245.1000000000001,313
2026-04-13T17:55:00+00:00,245.1000000000001,245.2500000000001,244.8200000000001,244.8500000000001,242
2026-04-13T18:00:00+00:00,244.8500000000001,245.1100000000001,244.6300000000001,244.9500000000001,314
2026-04-13T18:05:00+00:00,244.9500000000001,245.1400000000001,244.9400000000001,245.0400000000001,303
2026-04-13T18:10:00+00:00,245.0400000000001,245.28000000000011,244.9800000000001,245.2300000000001,352
2026-04-13T18:15:00+00:00,245.2300000000001,245.2300000000001,244.8600000000001,244.87000000000012,424
2026-04-13T18:20:00+00:00,244.87000000000012,245.3500000000001,244.74000000000012,245.2200000000001,484
2026-04-13T18:25:00+00:00,245.2200000000001,245.4100000000001,245.18000000000012,245.33000000000013,360
2026-04-13T18:30:00+00:00,245.33000000000013,245.71000000000012,245.28000000000011,245.6000000000001,400
2026-04-13T18:35:00+00:00,245.6000000000001,245.96000000000012,245.5700000000001,245.84000000000012,350
2026-04-13T18:40:00+00:00,245.84000000000012,245.99000000000012,245.7200000000001,245.81000000000012,367
2026-04-13T18:45:00+00:00,245.81000000000012,246.1700000000001,245.80000000000013,246.1300000000001,454
2026-04-13T18:50:00+00:00,246.1300000000001,246.52000000000012,245.9700000000001,246.4700000000001,461
2026-04-13T18:55:00+00:00,246.4700000000001,246.87000000000012,246.4400000000001,246.7300000000001,530
2026-04-13T19:00:00+00:00,246.7300000000001,246.8600000000001,246.52000000000012,246.55000000000013,496
2026-04-13T19:05:00+00:00,246.55000000000013,246.74000000000012,246.4500000000001,246.55000000000013,407
2026-04-13T19:10:00+00:00,246.55000000000013,246.6400000000001,246.3200000000001,246.5100000000001,397
2026-04-13T19:15:00+00:00,246.5100000000001,246.93000000000012,246.4200000000001,246.8900000000001,446
2026-04-13T19:20:00+00:00,246.8900000000001,246.93000000000012,246.58000000000013,246.68000000000012,392
2026-04-13T19:25:00+00:00,246.68000000000012,246.8600000000001,246.6100000000001,246.7500000000001,468
2026-04-13T19:30:00+00:00,246.7500000000001,247.06000000000012,246.65000000000012,246.78000000000011,531
2026-04-13T19:35:00+00:00,246.78000000000011,246.83000000000013,246.3200000000001,246.3600000000001,540
2026-04-13T19:40:00+00:00,246.3600000000001,246.4800000000001,246.08000000000013,246.34000000000012,597
2026-04-13T19:45:00+00:00,246.34000000000012,246.52000000000012,246.1100000000001,246.46000000000012,610
2026-04-13T19:50:00+00:00,246.46000000000012,247.09000000000012,246.46000000000012,246.8900000000001,1466
2026-04-13T19:55:00+00:00,246.8900000000001,247.02000000000012,246.4500000000001,246.62000000000012,1658
2026-04-14T13:30:00+00:00,246.62000000000012,251.7000000000001,246.62000000000012,247.02000000000012,1069
2026-04-14T13:35:00+00:00,247.02000000000012,247.49000000000012,245.6700000000001,245.87000000000012,1167
2026-04-14T13:40:00+00:00,245.87000000000012,247.65000000000012,245.4400000000001,247.6300000000001,1142
2026-04-14T13:45:00+00:00,247.6300000000001,248.33000000000013,246.59000000000012,248.0400000000001,1353
2026-04-14T13:50:00+00:00,248.0400000000001,249.4700000000001,247.40000000000012,248.9700000000001,1076
2026-04-14T13:55:00+00:00,248.9700000000001,249.12000000000012,247.53000000000011,247.59000000000012,965
2026-04-14T14:00:00+00:00,247.59000000000012,247.7000000000001,246.3900000000001,246.55000000000013,1052
2026-04-14T14:05:00+00:00,246.55000000000013,248.0000000000001,246.53000000000011,247.7200000000001,888
2026-04-14T14:10:00+00:00,247.7200000000001,248.46000000000012,247.5400000000001,248.4100000000001,748
2026-04-14T14:15:00+00:00,248.4100000000001,248.8200000000001,248.3200000000001,248.37000000000012,710
2026-04-14T14:20:00+00:00,248.37000000000012,248.78000000000011,248.1400000000001,248.6400000000001,594
2026-04-14T14:25:00+00:00,248.6400000000001,248.9200000000001,248.37000000000012,248.68000000000012,652
2026-04-14T14:30:00+00:00,248.68000000000012,248.84000000000012,248.3500000000001,248.62000000000012,549
2026-04-14T14:35:00+00:00,248.62000000000012,249.2900000000001,248.49000000000012,248.77000000000012,674
2026-04-14T14:40:00+00:00,248.77000000000012,248.9500000000001,248.59000000000012,248.6700000000001,559
2026-04-14T14:45:00+00:00,248.6700000000001,249.1600000000001,248.6000000000001,249.0000000000001,548
2026-04-14T14:50:00+00:00,249.0000000000001,249.68000000000012,248.8900000000001,249.46000000000012,618
2026-04-14T14:55:00+00:00,249.46000000000012,249.52000000000012,249.1700000000001,249.27000000000012,515
2026-04-14T15:00:00+00:00,249.27000000000012,249.27000000000012,248.34000000000012,248.34000000000012,562
2026-04-14T15:05:00+00:00,248.34000000000012,248.46000000000012,247.8900000000001,248.3800000000001,687
2026-04-14T15:10:00+00:00,248.3800000000001,249.3800000000001,248.30000000000013,249.18000000000012,594
2026-04-14T15:15:00+00:00,249.18000000000012,249.9500000000001,249.06000000000012,249.8900000000001,534
2026-04-14T15:20:00+00:00,249.8900000000001,250.9500000000001,249.83000000000013,250.9500000000001,808
2026-04-14T15:25:00+00:00,250.9500000000001,251.24000000000012,250.8200000000001,250.84000000000012,593
2026-04-14T15:30:00+00:00,250.84000000000012,251.59000000000012,250.81000000000012,251.37000000000012,853
2026-04-14T15:35:00+00:00,251.37000000000012,251.6700000000001,251.2200000000001,251.28000000000011,670
2026-04-14T15:40:00+00:00,251.28000000000011,251.65000000000012,251.0100000000001,251.52000000000012,663
2026-04-14T15:45:00+00:00,251.52000000000012,252.0700000000001,251.52000000000012,251.87000000000012,748
2026-04-14T15:50:00+00:00,251.87000000000012,252.0400000000001,251.49000000000012,251.99000000000012,555
2026-04-14T15:55:00+00:00,251.99000000000012,252.15000000000012,251.40000000000012,251.6100000000001,591
2026-04-14T16:00:00+00:00,251.6100000000001,252.06000000000012,251.55000000000013,251.9800000000001,452
2026-04-14T16:05:00+00:00,251.9800000000001,252.2300000000001,251.65000000000012,252.2000000000001,461
2026-04-14T16:10:00+00:00,252.2000000000001,252.33000000000013,251.9800000000001,252.33000000000013,417
2026-04-14T16:15:00+00:00,252.33000000000013,252.68000000000012,252.33000000000013,252.53000000000011,434
2026-04-14T16:20:00+00:00,252.53000000000011,252.78000000000011,252.4100000000001,252.5700000000001,467
2026-04-14T16:25:00+00:00,252.5700000000001,252.77000000000012,252.46000000000012,252.6700000000001,368
2026-04-14T16:30:00+00:00,252.6700000000001,252.87000000000012,252.4400000000001,252.4800000000001,526
2026-04-14T16:35:00+00:00,252.4800000000001,252.6100000000001,252.31000000000012,252.5700000000001,431
2026-04-14T16:40:00+00:00,252.5700000000001,252.8500000000001,252.52000000000012,252.8500000000001,351
2026-04-14T16:45:00+00:00,252.8500000000001,252.8900000000001,252.52000000000012,252.7300000000001,429
2026-04-14T16:50:00+00:00,252.7300000000001,252.7500000000001,252.2500000000001,252.3500000000001,404
2026-04-14T16:55:00+00:00,252.3500000000001,252.40000000000012,251.9700000000001,252.08000000000013,437
2026-04-14T17:00:00+00:00,252.08000000000013,252.4200000000001,252.06000000000012,252.2300000000001,432
2026-04-14T17:05:00+00:00,252.2300000000001,252.46000000000012,252.2000000000001,252.31000000000012,405
2026-04-14T17:10:00+00:00,252.31000000000012,252.6000000000001,252.30000000000013,252.52000000000012,385
2026-04-14T17:15:00+00:00,252.52000000000012,252.9800000000001,252.4800000000001,252.9400000000001,351
2026-04-14T17:20:00+00:00,252.9400000000001,253.43000000000012,252.9100000000001,253.27000000000012,533
2026-04-14T17:25:00+00:00,253.27000000000012,253.3800000000001,252.99000000000012,253.1700000000001,480
2026-04-14T17:30:00+00:00,253.1700000000001,253.3900000000001,253.1400000000001,253.2900000000001,357
2026-04-14T17:35:00+00:00,253.2900000000001,253.56000000000012,253.15000000000012,253.5100000000001,381
2026-04-14T17:40:00+00:00,253.5100000000001,253.62000000000012,253.34000000000012,253.4200000000001,355
2026-04-14T17:45:00+00:00,253.4200000000001,253.4500000000001,253.06000000000012,253.21000000000012,322
2026-04-14T17:50:00+00:00,253.21000000000012,253.2500000000001,253.0400000000001,253.1700000000001,377
2026-04-14T17:55:00+00:00,253.1700000000001,253.43000000000012,253.0700000000001,253.3800000000001,375
2026-04-14T18:00:00+00:00,253.3800000000001,253.58000000000013,253.33000000000013,253.5100000000001,373
2026-04-14T18:05:00+00:00,253.5100000000001,253.6100000000001,253.3900000000001,253.5700000000001,334
2026-04-14T18:10:00+00:00,253.5700000000001,253.5700000000001,253.12000000000012,253.21000000000012,331
2026-04-14T18:15:00+00:00,253.21000000000012,253.2200000000001,252.7600000000001,252.80000000000013,462
2026-04-14T18:20:00+00:00,252.80000000000013,253.03000000000011,252.55000000000013,252.8200000000001,846
2026-04-14T18:25:00+00:00,252.8200000000001,253.27000000000012,252.7000000000001,253.2000000000001,731
2026-04-14T18:30:00+00:00,253.2000000000001,253.6300000000001,253.1400000000001,253.31000000000012,507
2026-04-14T18:35:00+00:00,253.31000000000012,253.5100000000001,253.30000000000013,253.4200000000001,402
2026-04-14T18:40:00+00:00,253.4200000000001,253.5000000000001,253.08000000000013,253.18000000000012,470
2026-04-14T18:45:00+00:00,253.18000000000012,253.56000000000012,253.15000000000012,253.56000000000012,483
2026-04-14T18:50:00+00:00,253.56000000000012,254.03000000000011,253.5100000000001,253.87000000000012,496
2026-04-14T18:55:00+00:00,253.87000000000012,253.9700000000001,253.78000000000011,253.93000000000012,349
2026-04-14T19:00:00+00:00,253.93000000000012,254.0400000000001,253.78000000000011,254.0400000000001,416
2026-04-14T19:05:00+00:00,254.0400000000001,254.49000000000012,254.0100000000001,254.27000000000012,500
2026-04-14T19:10:00+00:00,254.27000000000012,254.49000000000012,254.21000000000012,254.34000000000012,587
2026-04-14T19:15:00+00:00,254.34000000000012,254.62000000000012,254.2900000000001,254.59000000000012,454
2026-04-14T19:20:00+00:00,254.59000000000012,254.8900000000001,254.53000000000011,254.81000000000012,531
2026-04-14T19:25:00+00:00,254.81000000000012,255.09000000000012,254.6600000000001,254.9700000000001,562
2026-04-14T19:30:00+00:00,254.9700000000001,255.2500000000001,254.81000000000012,254.8500000000001,683
2026-04-14T19:35:00+00:00,254.8500000000001,255.1400000000001,254.7200000000001,255.02000000000012,791
2026-04-14T19:40:00+00:00,255.02000000000012,255.0400000000001,254.43000000000012,254.6700000000001,915
2026-04-14T19:45:00+00:00,254.6700000000001,254.9400000000001,254.6400000000001,254.9400000000001,812
2026-04-14T19:50:00+00:00,254.9400000000001,255.12000000000012,254.6400000000001,254.8900000000001,1276
2026-04-14T19:55:00+00:00,254.8900000000001,255.0700000000001,254.68000000000012,254.87000000000012,1530
2026-04-15T13:30:00+00:00,254.87000000000012,256.22000000000014,253.46000000000012,253.56000000000012,857
2026-04-15T13:35:00+00:00,253.56000000000012,254.3500000000001,253.02000000000012,254.06000000000012,1387
2026-04-15T13:40:00+00:00,254.06000000000012,254.28000000000011,253.05000000000013,253.30000000000013,1158
2026-04-15T13:45:00+00:00,253.30000000000013,254.8200000000001,253.2000000000001,254.4100000000001,1182
2026-04-15T13:50:00+00:00,254.4100000000001,254.9200000000001,254.1900000000001,254.71000000000012,959
2026-04-15T13:55:00+00:00,254.71000000000012,255.34000000000012,254.3800000000001,255.2900000000001,870
2026-04-15T14:00:00+00:00,255.2900000000001,255.58000000000013,255.0100000000001,255.1700000000001,971
2026-04-15T14:05:00+00:00,255.1700000000001,255.2300000000001,254.55000000000013,254.84000000000012,887
2026-04-15T14:10:00+00:00,254.84000000000012,255.15000000000012,254.37000000000012,254.5100000000001,708
2026-04-15T14:15:00+00:00,254.5100000000001,254.96000000000012,254.1900000000001,254.3200000000001,767
2026-04-15T14:20:00+00:00,254.3200000000001,255.06000000000012,254.31000000000012,254.9800000000001,802
2026-04-15T14:25:00+00:00,254.9800000000001,255.8900000000001,254.56000000000012,255.8800000000001,743
2026-04-15T14:30:00+00:00,255.8800000000001,256.75000000000006,255.71000000000012,256.31000000000006,869
2026-04-15T14:35:00+00:00,256.31000000000006,257.3500000000001,256.2800000000001,256.7200000000001,830
2026-04-15T14:40:00+00:00,256.7200000000001,257.05000000000007,256.6300000000001,256.86000000000007,700
2026-04-15T14:45:00+00:00,256.86000000000007,256.86000000000007,256.30000000000007,256.7700000000001,645
2026-04-15T14:50:00+00:00,256.7700000000001,256.9100000000001,256.2900000000001,256.49000000000007,610
2026-04-15T14:55:00+00:00,256.49000000000007,256.74000000000007,256.2000000000001,256.27000000000004,587.6845490625428
2026-04-15T15:00:00+00:00,256.27000000000004,256.3500000000001,255.76000000000005,255.87000000000006,709
2026-04-15T15:05:00+00:00,255.87000000000006,255.94000000000005,255.42000000000004,255.90000000000003,634
2026-04-15T15:10:00+00:00,255.90000000000003,256.5400000000001,255.79000000000005,256.3500000000001,621
2026-04-15T15:15:00+00:00,256.3500000000001,256.59000000000003,256.1000000000001,256.1000000000001,526
2026-04-15T15:20:00+00:00,256.1000000000001,256.22,255.83000000000004,255.95000000000005,583
2026-04-15T15:25:00+00:00,255.95000000000005,256.68000000000006,255.88000000000005,256.39000000000004,522
2026-04-15T15:30:00+00:00,256.39000000000004,256.39000000000004,255.75000000000006,255.91000000000003,666
2026-04-15T15:35:00+00:00,255.91000000000003,256.14000000000004,255.62000000000006,256.06000000000006,528
2026-04-15T15:40:00+00:00,256.06000000000006,256.66,256.01000000000005,256.3500000000001,454
2026-04-15T15:45:00+00:00,256.3500000000001,257.16,256.34000000000003,256.87000000000006,619
2026-04-15T15:50:00+00:00,256.87000000000006,256.91,256.40000000000003,256.4800000000001,651
2026-04-15T15:55:00+00:00,256.4800000000001,256.50000000000006,255.62000000000006,255.74000000000007,578
2026-04-15T16:00:00+00:00,255.74000000000007,255.84000000000006,255.55000000000004,255.58000000000004,537
2026-04-15T16:05:00+00:00,255.58000000000004,256.05000000000007,255.55000000000004,255.97000000000003,389
2026-04-15T16:10:00+00:00,255.97000000000003,256.01000000000005,255.78000000000006,255.86000000000004,390
2026-04-15T16:15:00+00:00,255.86000000000004,256.24000000000007,255.62000000000006,256.13000000000005,521
2026-04-15T16:20:00+00:00,256.13000000000005,256.3500000000001,256.05000000000007,256.2300000000001,414
2026-04-15T16:25:00+00:00,256.2300000000001,256.2300000000001,255.56000000000006,255.62000000000006,535
2026-04-15T16:30:00+00:00,255.62000000000006,255.65000000000006,254.76000000000005,254.95000000000005,810
2026-04-15T16:35:00+00:00,254.95000000000005,255.32000000000005,254.83000000000004,254.83000000000004,554
2026-04-15T16:40:00+00:00,254.83000000000004,254.84000000000006,253.61000000000004,253.66000000000005,1208
2026-04-15T16:45:00+00:00,253.66000000000005,253.80000000000004,252.83000000000004,253.35000000000005,1217
2026-04-15T16:50:00+00:00,253.35000000000005,253.63000000000005,252.05000000000004,252.27000000000004,1093
2026-04-15T16:55:00+00:00,252.27000000000004,252.96000000000006,251.52000000000004,252.91000000000005,1137
2026-04-15T17:00:00+00:00,252.91000000000005,253.49000000000007,252.72000000000006,253.43000000000006,916
2026-04-15T17:05:00+00:00,253.43000000000006,253.78000000000006,253.31000000000006,253.59000000000006,738
2026-04-15T17:10:00+00:00,253.59000000000006,253.63000000000005,253.32000000000005,253.46000000000006,542
2026-04-15T17:15:00+00:00,253.46000000000006,253.67000000000004,253.37000000000006,253.40000000000006,498
2026-04-15T17:20:00+00:00,253.40000000000006,253.46000000000006,253.11000000000004,253.28000000000006,466
2026-04-15T17:25:00+00:00,253.28000000000006,253.77000000000004,253.25000000000006,253.57000000000005,550
2026-04-15T17:30:00+00:00,253.57000000000005,254.23000000000005,253.55000000000004,254.14000000000004,413
2026-04-15T17:35:00+00:00,254.14000000000004,254.39000000000004,253.89000000000004,253.95000000000005,535
2026-04-15T17:40:00+00:00,253.95000000000005,254.07000000000005,253.52000000000004,253.62000000000006,653
2026-04-15T17:45:00+00:00,253.62000000000006,254.04000000000005,253.60000000000005,253.86000000000004,536
2026-04-15T17:50:00+00:00,253.86000000000004,254.28000000000006,253.86000000000004,254.16000000000005,420
2026-04-15T17:55:00+00:00,254.16000000000005,254.16000000000005,253.75000000000006,253.86000000000004,456
2026-04-15T18:00:00+00:00,253.86000000000004,254.42000000000004,253.37000000000006,253.85000000000005,1156
2026-04-15T18:05:00+00:00,253.85000000000005,254.23000000000005,253.79000000000005,253.96000000000006,554
2026-04-15T18:10:00+00:00,253.96000000000006,254.47000000000006,253.90000000000006,254.19000000000005,445
2026-04-15T18:15:00+00:00,254.19000000000005,254.72000000000006,254.14000000000004,254.32000000000005,433
2026-04-15T18:20:00+00:00,254.32000000000005,254.46000000000006,253.96000000000006,254.33000000000004,405
2026-04-15T18:25:00+00:00,254.33000000000004,254.56000000000006,254.19000000000005,254.46000000000006,431
2026-04-15T18:30:00+00:00,254.46000000000006,254.69000000000005,254.43000000000006,254.63000000000005,430
2026-04-15T18:35:00+00:00,254.63000000000005,254.93000000000006,254.54000000000005,254.82000000000005,452
2026-04-15T18:40:00+00:00,254.82000000000005,254.83000000000004,254.61000000000004,254.69000000000005,450
2026-04-15T18:45:00+00:00,254.69000000000005,254.89000000000004,254.62000000000006,254.81000000000006,323
2026-04-15T18:50:00+00:00,254.81000000000006,255.12000000000006,254.80000000000004,255.02000000000004,464
2026-04-15T18:55:00+00:00,255.02000000000004,255.26000000000005,254.96000000000006,255.01000000000005,398
2026-04-15T19:00:00+00:00,255.01000000000005,255.17000000000004,254.86000000000004,255.14000000000004,504
2026-04-15T19:05:00+00:00,255.14000000000004,255.75000000000006,255.14000000000004,255.67000000000004,506
2026-04-15T19:10:00+00:00,255.67000000000004,255.91000000000003,255.45000000000005,255.56000000000006,579
2026-04-15T19:15:00+00:00,255.56000000000006,255.96000000000004,255.55000000000004,255.91000000000003,517
2026-04-15T19:20:00+00:00,255.91000000000003,256.15000000000003,255.85000000000005,256.03000000000003,459
2026-04-15T19:25:00+00:00,256.03000000000003,256.49000000000007,255.95000000000005,256.4800000000001,430
2026-04-15T19:30:00+00:00,256.4800000000001,257.18000000000006,256.41,257.12000000000006,679
2026-04-15T19:35:00+00:00,257.12000000000006,257.16,256.76000000000005,256.7900000000001,590
2026-04-15T19:40:00+00:00,256.7900000000001,256.81000000000006,256.38000000000005,256.43000000000006,688
2026-04-15T19:45:00+00:00,256.43000000000006,256.77000000000004,256.33000000000004,256.64000000000004,650
2026-04-15T19:50:00+00:00,256.64000000000004,257.22,256.64000000000004,257.03000000000003,1137
2026-04-15T19:55:00+00:00,257.03000000000003,257.90000000000003,257.03000000000003,257.84000000000003,1611
2026-04-16T13:30:00+00:00,257.84000000000003,268.28000000000003,257.84000000000003,268.14000000000004,1440
2026-04-16T13:35:00+00:00,268.14000000000004,269.7300000000001,264.27000000000004,264.68000000000006,1968
2026-04-16T13:40:00+00:00,264.68000000000006,266.95000000000005,264.58000000000004,265.09000000000003,1807
2026-04-16T13:45:00+00:00,265.09000000000003,265.96000000000004,263.93000000000006,264.9800000000001,1516
2026-04-16T13:50:00+00:00,264.9800000000001,265.00000000000006,261.22,261.63000000000005,1485
2026-04-16T13:55:00+00:00,261.63000000000005,263.12000000000006,261.51000000000005,262.94000000000005,1465
2026-04-16T14:00:00+00:00,262.94000000000005,264.01000000000005,262.88000000000005,263.4200000000001,1535
2026-04-16T14:05:00+00:00,263.4200000000001,265.09000000000003,263.07000000000005,264.30000000000007,1315
2026-04-16T14:10:00+00:00,264.30000000000007,265.57000000000005,264.11000000000007,264.55000000000007,1203
2026-04-16T14:15:00+00:00,264.55000000000007,264.93000000000006,263.26000000000005,263.88000000000005,1178
2026-04-16T14:20:00+00:00,263.88000000000005,265.05000000000007,263.61000000000007,264.99000000000007,1162
2026-04-16T14:25:00+00:00,264.99000000000007,267.07000000000005,264.8500000000001,266.55000000000007,1149
2026-04-16T14:30:00+00:00,266.55000000000007,268.06000000000006,266.51000000000005,268.01000000000005,1237
2026-04-16T14:35:00+00:00,268.01000000000005,268.41,267.32000000000005,267.61000000000007,1286
2026-04-16T14:40:00+00:00,267.61000000000007,268.16,267.08000000000004,268.07000000000005,1082
2026-04-16T14:45:00+00:00,268.07000000000005,270.88000000000005,267.91,270.49000000000007,1408
2026-04-16T14:50:00+00:00,270.49000000000007,272.21000000000004,270.18000000000006,270.8500000000001,1524
2026-04-16T14:55:00+00:00,270.8500000000001,271.11000000000007,270.31000000000006,270.63000000000005,1017
2026-04-16T15:00:00+00:00,270.63000000000005,271.7900000000001,270.1700000000001,271.71000000000004,1062
2026-04-16T15:05:00+00:00,271.71000000000004,272.4800000000001,271.37000000000006,271.84000000000003,1076
2026-04-16T15:10:00+00:00,271.84000000000003,272.77000000000004,270.95000000000005,271.2300000000001,1207
2026-04-16T15:15:00+00:00,271.2300000000001,272.1000000000001,271.03000000000003,271.82000000000005,1020
2026-04-16T15:20:00+00:00,271.82000000000005,274.34000000000003,271.82000000000005,273.84000000000003,1167
2026-04-16T15:25:00+00:00,273.84000000000003,274.97,273.7300000000001,274.77000000000004,1164
2026-04-16T15:30:00+00:00,274.77000000000004,276.14000000000004,274.52000000000004,275.57000000000005,1232
2026-04-16T15:35:00+00:00,275.57000000000005,276.21000000000004,275.21000000000004,275.43000000000006,1376
2026-04-16T15:40:00+00:00,275.43000000000006,276.4200000000001,275.1700000000001,276.27000000000004,1177
2026-04-16T15:45:00+00:00,276.27000000000004,276.27000000000004,274.80000000000007,275.1000000000001,1073
2026-04-16T15:50:00+00:00,275.1000000000001,277.05000000000007,275.08000000000004,277.05000000000007,1043
2026-04-16T15:55:00+00:00,277.05000000000007,277.99000000000007,276.90000000000003,277.6000000000001,1072
2026-04-16T16:00:00+00:00,277.6000000000001,278.02000000000004,276.51000000000005,276.58000000000004,1030
2026-04-16T16:05:00+00:00,276.58000000000004,277.46000000000004,276.21000000000004,277.46000000000004,892
2026-04-16T16:10:00+00:00,277.46000000000004,278.89000000000004,277.3500000000001,278.89000000000004,927
2026-04-16T16:15:00+00:00,278.89000000000004,279.00000000000006,278.05000000000007,278.56000000000006,919
2026-04-16T16:20:00+00:00,278.56000000000006,278.6000000000001,277.32000000000005,277.75000000000006,928
2026-04-16T16:25:00+00:00,277.75000000000006,278.53000000000003,277.3500000000001,277.39000000000004,890
2026-04-16T16:30:00+00:00,277.39000000000004,277.49000000000007,275.19000000000005,275.34000000000003,1573
2026-04-16T16:35:00+00:00,275.34000000000003,276.94000000000005,275.0400000000001,276.81000000000006,1386
2026-04-16T16:40:00+00:00,276.81000000000006,277.1000000000001,276.36000000000007,276.63000000000005,964
2026-04-16T16:45:00+00:00,276.63000000000005,277.94000000000005,276.51000000000005,277.64000000000004,966
2026-04-16T16:50:00+00:00,277.64000000000004,278.33000000000004,277.1000000000001,277.1700000000001,1031
2026-04-16T16:55:00+00:00,277.1700000000001,277.65000000000003,277.01000000000005,277.1000000000001,969
2026-04-16T17:00:00+00:00,277.1000000000001,277.43000000000006,276.87000000000006,276.93000000000006,804
2026-04-16T17:05:00+00:00,276.93000000000006,277.07000000000005,275.83000000000004,276.18000000000006,877
2026-04-16T17:10:00+00:00,276.18000000000006,276.91,275.68000000000006,275.74000000000007,899
2026-04-16T17:15:00+00:00,275.74000000000007,275.88000000000005,275.41,275.63000000000005,870
2026-04-16T17:20:00+00:00,275.63000000000005,276.58000000000004,275.0400000000001,276.53000000000003,984
2026-04-16T17:25:00+00:00,276.53000000000003,276.75000000000006,275.90000000000003,276.05000000000007,884
2026-04-16T17:30:00+00:00,276.05000000000007,276.37000000000006,275.8500000000001,275.94000000000005,761
2026-04-16T17:35:00+00:00,275.94000000000005,275.95000000000005,275.22,275.47,866
2026-04-16T17:40:00+00:00,275.47,275.94000000000005,275.4200000000001,275.75000000000006,685
2026-04-16T17:45:00+00:00,275.75000000000006,275.96000000000004,275.30000000000007,275.87000000000006,664
2026-04-16T17:50:00+00:00,275.87000000000006,275.88000000000005,274.9200000000001,275.15000000000003,627
2026-04-16T17:55:00+00:00,275.15000000000003,275.16,273.93000000000006,274.3500000000001,1185
2026-04-16T18:00:00+00:00,274.3500000000001,274.82000000000005,273.88000000000005,273.89000000000004,1023
2026-04-16T18:05:00+00:00,273.89000000000004,274.2900000000001,272.93000000000006,273.15000000000003,1091
2026-04-16T18:10:00+00:00,273.15000000000003,273.80000000000007,272.86000000000007,273.64000000000004,998
2026-04-16T18:15:00+00:00,273.64000000000004,273.78000000000003,273.13000000000005,273.1700000000001,839
2026-04-16T18:20:00+00:00,273.1700000000001,273.43000000000006,271.87000000000006,272.14000000000004,1025
2026-04-16T18:25:00+00:00,272.14000000000004,272.38000000000005,271.64000000000004,272.34000000000003,1022
2026-04-16T18:30:00+00:00,272.34000000000003,273.14000000000004,272.2300000000001,272.6700000000001,1022
2026-04-16T18:35:00+00:00,272.6700000000001,273.00000000000006,272.46000000000004,272.71000000000004,740
2026-04-16T18:40:00+00:00,272.71000000000004,273.13000000000005,272.53000000000003,272.87000000000006,708
2026-04-16T18:45:00+00:00,272.87000000000006,273.4200000000001,272.82000000000005,272.91,797
2026-04-16T18:50:00+00:00,272.91,273.34000000000003,272.71000000000004,273.22,703
2026-04-16T18:55:00+00:00,273.22,273.33000000000004,272.84000000000003,273.1000000000001,621
2026-04-16T19:00:00+00:00,273.1000000000001,274.22,273.05000000000007,273.66,985
2026-04-16T19:05:00+00:00,273.66,274.06000000000006,273.36000000000007,273.52000000000004,726
2026-04-16T19:10:00+00:00,273.52000000000004,274.0400000000001,273.47,273.95000000000005,693
2026-04-16T19:15:00+00:00,273.95000000000005,274.96000000000004,273.95000000000005,274.82000000000005,746
2026-04-16T19:20:00+00:00,274.82000000000005,275.01000000000005,274.01000000000005,274.32000000000005,754
2026-04-16T19:25:00+00:00,274.32000000000005,274.94000000000005,274.20000000000005,274.76000000000005,614
2026-04-16T19:30:00+00:00,274.76000000000005,275.72,274.76000000000005,275.4800000000001,787
2026-04-16T19:35:00+00:00,275.4800000000001,276.31000000000006,275.28000000000003,276.31000000000006,755
2026-04-16T19:40:00+00:00,276.31000000000006,277.22,276.2900000000001,277.00000000000006,965
2026-04-16T19:45:00+00:00,277.00000000000006,277.6000000000001,276.94000000000005,277.52000000000004,1046
2026-04-16T19:50:00+00:00,277.52000000000004,277.90000000000003,276.68000000000006,276.7900000000001,1767
2026-04-16T19:55:00+00:00,276.7900000000001,277.99000000000007,276.7900000000001,277.87000000000006,1876
2026-04-17T13:30:00+00:00,277.87000000000006,278.52000000000004,273.83000000000004,276.20000000000005,928
2026-04-17T13:35:00+00:00,276.20000000000005,277.9800000000001,275.96000000000004,276.65000000000003,1193
2026-04-17T13:40:00+00:00,276.65000000000003,277.87000000000006,276.2900000000001,276.66,1251
2026-04-17T13:45:00+00:00,276.66,277.2900000000001,274.81000000000006,277.2300000000001,1634
2026-04-17T13:50:00+00:00,277.2300000000001,278.14000000000004,276.78000000000003,277.26000000000005,1277
2026-04-17T13:55:00+00:00,277.26000000000005,277.3500000000001,275.56000000000006,276.2300000000001,1210
2026-04-17T14:00:00+00:00,276.2300000000001,277.06000000000006,275.9200000000001,276.76000000000005,970
2026-04-17T14:05:00+00:00,276.76000000000005,278.47,276.72,278.36000000000007,974
2026-04-17T14:10:00+00:00,278.36000000000007,279.18000000000006,278.03000000000003,278.62000000000006,1025
2026-04-17T14:15:00+00:00,278.62000000000006,278.90000000000003,278.12000000000006,278.15000000000003,903
2026-04-17T14:20:00+00:00,278.15000000000003,278.2300000000001,276.9800000000001,277.25000000000006,980
2026-04-17T14:25:00+00:00,277.25000000000006,278.44000000000005,276.91,278.2300000000001,895
2026-04-17T14:30:00+00:00,278.2300000000001,279.15000000000003,277.71000000000004,278.13000000000005,913
2026-04-17T14:35:00+00:00,278.13000000000005,278.15000000000003,277.13000000000005,277.83000000000004,793
2026-04-17T14:40:00+00:00,277.83000000000004,278.44000000000005,277.78000000000003,277.83000000000004,887
2026-04-17T14:45:00+00:00,277.83000000000004,278.99000000000007,277.59000000000003,278.90000000000003,759
2026-04-17T14:50:00+00:00,278.90000000000003,278.94000000000005,277.44000000000005,277.50000000000006,912
2026-04-17T14:55:00+00:00,277.50000000000006,277.86000000000007,276.74000000000007,277.21000000000004,939.3800659754947
2026-04-17T15:00:00+00:00,277.21000000000004,277.50000000000006,276.68,276.81000000000006,900
2026-04-17T15:05:00+00:00,276.81000000000006,277.17,276.67,277.02000000000004,728
2026-04-17T15:10:00+00:00,277.02000000000004,277.18,276.73,277.18,680
2026-04-17T15:15:00+00:00,277.18,277.63000000000005,276.89000000000004,277.09000000000003,732
2026-04-17T15:20:00+00:00,277.09000000000003,277.26000000000005,276.63000000000005,277.26000000000005,633
2026-04-17T15:25:00+00:00,277.26000000000005,277.46000000000004,277.01000000000005,277.22,615
2026-04-17T15:30:00+00:00,277.22,277.79,277.14000000000004,277.57000000000005,613
2026-04-17T15:35:00+00:00,277.57000000000005,277.66,276.6,276.84000000000003,607
2026-04-17T15:40:00+00:00,276.84000000000003,276.86,275.72,275.92,701
2026-04-17T15:45:00+00:00,275.92,277.13000000000005,275.90000000000003,276.78000000000003,850
2026-04-17T15:50:00+00:00,276.78000000000003,277.08000000000004,276.67,276.79,589
2026-04-17T15:55:00+00:00,276.79,276.79,275.89000000000004,275.96000000000004,581
2026-04-17T16:00:00+00:00,275.96000000000004,276.99,275.89000000000004,276.71000000000004,686
2026-04-17T16:05:00+00:00,276.71000000000004,277.79,276.69000000000005,277.55,752
2026-04-17T16:10:00+00:00,277.55,278.75000000000006,277.48,278.24,559
2026-04-17T16:15:00+00:00,278.24,278.56000000000006,277.58000000000004,277.74,736
2026-04-17T16:20:00+00:00,277.74,278.32000000000005,277.61,278.23,575
2026-04-17T16:25:00+00:00,278.23,278.37,277.89000000000004,278.24,602
2026-04-17T16:30:00+00:00,278.24,278.56000000000006,278.13000000000005,278.37,626
2026-04-17T16:35:00+00:00,278.37,278.67,278.21000000000004,278.36,634
2026-04-17T16:40:00+00:00,278.36,278.89000000000004,278.07000000000005,278.68,596
2026-04-17T16:45:00+00:00,278.68,279.57000000000005,278.65000000000003,279.45000000000005,702
2026-04-17T16:50:00+00:00,279.45000000000005,279.71000000000004,279.25000000000006,279.33000000000004,729
2026-04-17T16:55:00+00:00,279.33000000000004,279.46000000000004,278.79,279.28000000000003,741
2026-04-17T17:00:00+00:00,279.28000000000003,279.67,279.02000000000004,279.16,664
2026-04-17T17:05:00+00:00,279.16,279.49,277.95000000000005,278.69000000000005,959
2026-04-17T17:10:00+00:00,278.69000000000005,279.49,278.52000000000004,279.40000000000003,767
2026-04-17T17:15:00+00:00,279.40000000000003,279.69000000000005,278.75000000000006,278.75000000000006,840
2026-04-17T17:20:00+00:00,278.75000000000006,278.81000000000006,277.23,277.69000000000005,1237
2026-04-17T17:25:00+00:00,277.69000000000005,278.23,277.55,278.16,971
2026-04-17T17:30:00+00:00,278.16,278.62,277.87,278.24,613
2026-04-17T17:35:00+00:00,278.24,278.74,277.75000000000006,278.35,629
2026-04-17T17:40:00+00:00,278.35,278.72,278.32000000000005,278.61,472
2026-04-17T17:45:00+00:00,278.61,279.34000000000003,278.6,279.15000000000003,489
2026-04-17T17:50:00+00:00,279.15000000000003,279.3,278.92,279.02000000000004,571
2026-04-17T17:55:00+00:00,279.02000000000004,279.37,278.82000000000005,278.94000000000005,502
2026-04-17T18:00:00+00:00,278.94000000000005,279.35,278.3,278.50000000000006,738
2026-04-17T18:05:00+00:00,278.50000000000006,278.61,278.25000000000006,278.37,636
2026-04-17T18:10:00+00:00,278.37,278.65000000000003,278.12,278.34000000000003,610
2026-04-17T18:15:00+00:00,278.34000000000003,278.79,278.29,278.45000000000005,601
2026-04-17T18:20:00+00:00,278.45000000000005,278.69000000000005,278.02000000000004,278.63000000000005,798
2026-04-17T18:25:00+00:00,278.63000000000005,278.85,277.87,278.07000000000005,678
2026-04-17T18:30:00+00:00,278.07000000000005,278.42,278.03000000000003,278.09000000000003,531
2026-04-17T18:35:00+00:00,278.09000000000003,278.09000000000003,277.42,277.47,493
2026-04-17T18:40:00+00:00,277.47,277.71000000000004,277.32000000000005,277.71000000000004,519
2026-04-17T18:45:00+00:00,277.71000000000004,277.74,277.35,277.42,514
2026-04-17T18:50:00+00:00,277.42,277.49,276.78000000000003,277.20000000000005,665
2026-04-17T18:55:00+00:00,277.20000000000005,277.46000000000004,276.99,277.15000000000003,544
2026-04-17T19:00:00+00:00,277.15000000000003,277.34000000000003,277.08000000000004,277.15000000000003,575
2026-04-17T19:05:00+00:00,277.15000000000003,277.23,276.83000000000004,276.98,633
2026-04-17T19:10:00+00:00,276.98,277.12,276.69000000000005,276.88000000000005,680
2026-04-17T19:15:00+00:00,276.88000000000005,277.45000000000005,276.88000000000005,277.42,639
2026-04-17T19:20:00+00:00,277.42,277.68,277.22,277.49,659
2026-04-17T19:25:00+00:00,277.49,277.8,277.39000000000004,277.75000000000006,707
2026-04-17T19:30:00+00:00,277.75000000000006,278.3,277.73,278.09000000000003,746
2026-04-17T19:35:00+00:00,278.09000000000003,278.31000000000006,277.57000000000005,278.04,881
2026-04-17T19:40:00+00:00,278.04,278.13000000000005,277.43,277.64000000000004,769
2026-04-17T19:45:00+00:00,277.64000000000004,277.84000000000003,277.44000000000005,277.58000000000004,717
2026-04-17T19:50:00+00:00,277.58000000000004,277.90000000000003,277.13000000000005,277.21000000000004,1359
2026-04-17T19:55:00+00:00,277.21000000000004,278.16,277.21000000000004,277.94000000000005,1577
2026-04-20T13:30:00+00:00,277.94000000000005,287.08000000000004,277.94000000000005,284.78000000000003,1378
2026-04-20T13:35:00+00:00,284.78000000000003,285.27000000000004,281.17,281.97,1446
2026-04-20T13:40:00+00:00,281.97,283.19000000000005,280.35,282.11,1264
2026-04-20T13:45:00+00:00,282.11,282.20000000000005,279.31000000000006,279.41,1350
2026-04-20T13:50:00+00:00,279.41,281.45000000000005,279.04,281.26000000000005,1219
2026-04-20T13:55:00+00:00,281.26000000000005,282.14000000000004,279.26000000000005,279.27000000000004,1112
2026-04-20T14:00:00+00:00,279.27000000000004,279.35,276.22,276.89000000000004,1413
2026-04-20T14:05:00+00:00,276.89000000000004,277.83000000000004,275.3,275.84000000000003,1051
2026-04-20T14:10:00+00:00,275.84000000000003,277.24,275.51000000000005,276.98,1051
2026-04-20T14:15:00+00:00,276.98,276.98,274.39000000000004,274.92,932
2026-04-20T14:20:00+00:00,274.92,276.26000000000005,274.8,276.03000000000003,840
2026-04-20T14:25:00+00:00,276.03000000000003,277.18,275.87,276.31000000000006,761
2026-04-20T14:30:00+00:00,276.31000000000006,276.99,275.97,276.44000000000005,840
2026-04-20T14:35:00+00:00,276.44000000000005,277.6,276.43,277.18,746
2026-04-20T14:40:00+00:00,277.18,277.20000000000005,275.75000000000006,276.34000000000003,833
2026-04-20T14:45:00+00:00,276.34000000000003,276.41,275.74,276.13000000000005,560
2026-04-20T14:50:00+00:00,276.13000000000005,276.21000000000004,274.09000000000003,274.91,1361
2026-04-20T14:55:00+00:00,274.91,274.93,273.69000000000005,273.94000000000005,837
2026-04-20T15:00:00+00:00,273.94000000000005,274.70000000000005,272.97,273.27000000000004,891
2026-04-20T15:05:00+00:00,273.27000000000004,273.66,271.79,273.50000000000006,1046
2026-04-20T15:10:00+00:00,273.50000000000006,274.33000000000004,273.39000000000004,274.1,798
2026-04-20T15:15:00+00:00,274.1,274.47,273.74,274.20000000000005,660
2026-04-20T15:20:00+00:00,274.20000000000005,274.98,273.79,274.90000000000003,1026
2026-04-20T15:25:00+00:00,274.90000000000003,275.70000000000005,274.67,275.31000000000006,777
2026-04-20T15:30:00+00:00,275.31000000000006,275.32000000000005,274.27000000000004,274.41,655
2026-04-20T15:35:00+00:00,274.41,274.85,274.27000000000004,274.50000000000006,506
2026-04-20T15:40:00+00:00,274.50000000000006,274.86,274.05,274.3,484
2026-04-20T15:45:00+00:00,274.3,275.23,274.02000000000004,274.78000000000003,492
2026-04-20T15:50:00+00:00,274.78000000000003,274.81000000000006,273.92,274.45000000000005,567
2026-04-20T15:55:00+00:00,274.45000000000005,274.56000000000006,274.11,274.27000000000004,394
2026-04-20T16:00:00+00:00,274.27000000000004,274.52000000000004,274.12,274.33000000000004,412
2026-04-20T16:05:00+00:00,274.33000000000004,274.83000000000004,274.22,274.41,525
2026-04-20T16:10:00+00:00,274.41,274.76000000000005,274.34000000000003,274.61,336
2026-04-20T16:15:00+00:00,274.61,274.61,273.98,274.46000000000004,434
2026-04-20T16:20:00+00:00,274.46000000000004,274.64000000000004,274.07000000000005,274.08000000000004,347
2026-04-20T16:25:00+00:00,274.08000000000004,274.14000000000004,273.22,273.69000000000005,469
2026-04-20T16:30:00+00:00,273.69000000000005,274.03000000000003,273.50000000000006,273.84000000000003,397
2026-04-20T16:35:00+00:00,273.84000000000003,274.04,273.35,273.48,377
2026-04-20T16:40:00+00:00,273.48,274.11,273.46000000000004,273.94000000000005,379
2026-04-20T16:45:00+00:00,273.94000000000005,274.03000000000003,272.91,272.91,454
2026-04-20T16:50:00+00:00,272.91,273.42,272.87,273.27000000000004,333
2026-04-20T16:55:00+00:00,273.27000000000004,273.35,272.92,273.33000000000004,421
2026-04-20T17:00:00+00:00,273.33000000000004,273.70000000000005,273.27000000000004,273.46000000000004,498
2026-04-20T17:05:00+00:00,273.46000000000004,273.69000000000005,273.31000000000006,273.33000000000004,346
2026-04-20T17:10:00+00:00,273.33000000000004,273.46000000000004,272.99,273.31000000000006,357
2026-04-20T17:15:00+00:00,273.31000000000006,273.46000000000004,273.14000000000004,273.34000000000003,323
2026-04-20T17:20:00+00:00,273.34000000000003,273.34000000000003,272.94000000000005,273.1,339
2026-04-20T17:25:00+00:00,273.1,273.44000000000005,272.61,272.62,377
2026-04-20T17:30:00+00:00,272.62,273.45000000000005,272.53000000000003,273.09000000000003,600
2026-04-20T17:35:00+00:00,273.09000000000003,273.48,272.85,273.27000000000004,482
2026-04-20T17:40:00+00:00,273.27000000000004,273.27000000000004,272.69000000000005,273.05,430
2026-04-20T17:45:00+00:00,273.05,273.42,272.92,273.34000000000003,374
2026-04-20T17:50:00+00:00,273.34000000000003,273.85,273.27000000000004,273.82000000000005,387
2026-04-20T17:55:00+00:00,273.82000000000005,273.92,273.54,273.68,362
2026-04-20T18:00:00+00:00,273.68,274.08000000000004,273.67,273.77000000000004,394
2026-04-20T18:05:00+00:00,273.77000000000004,273.91,273.40000000000003,273.54,325
2026-04-20T18:10:00+00:00,273.54,273.57000000000005,272.89000000000004,273.14000000000004,368
2026-04-20T18:15:00+00:00,273.14000000000004,273.26000000000005,272.97,273.12,312
2026-04-20T18:20:00+00:00,273.12,273.34000000000003,272.88000000000005,273.28000000000003,388
2026-04-20T18:25:00+00:00,273.28000000000003,274.24,273.14000000000004,273.93,500
2026-04-20T18:30:00+00:00,273.93,274.49,273.89000000000004,274.43,430
2026-04-20T18:35:00+00:00,274.43,274.55,273.94000000000005,274.07000000000005,376
2026-04-20T18:40:00+00:00,274.07000000000005,274.98,273.94000000000005,274.63000000000005,384
2026-04-20T18:45:00+00:00,274.63000000000005,275.00000000000006,274.54,274.67,312
2026-04-20T18:50:00+00:00,274.67,275.48,274.67,275.46000000000004,396
2026-04-20T18:55:00+00:00,275.46000000000004,275.99,275.43,275.76000000000005,377
2026-04-20T19:00:00+00:00,275.76000000000005,276.13000000000005,275.46000000000004,275.62,391
2026-04-20T19:05:00+00:00,275.62,276.03000000000003,275.6,275.79,271
2026-04-20T19:10:00+00:00,275.79,275.79,275.43,275.44000000000005,239
2026-04-20T19:15:00+00:00,275.44000000000005,275.46000000000004,274.89000000000004,275.33000000000004,286
2026-04-20T19:20:00+00:00,275.33000000000004,275.36,274.67,274.69000000000005,323
2026-04-20T19:25:00+00:00,274.69000000000005,275.29,274.49,275.16,416
2026-04-20T19:30:00+00:00,275.16,275.36,274.87,274.90000000000003,356
2026-04-20T19:35:00+00:00,274.90000000000003,275.20000000000005,274.74,275.12,264
2026-04-20T19:40:00+00:00,275.12,275.47,274.59000000000003,274.67,378
2026-04-20T19:45:00+00:00,274.67,275.20000000000005,274.63000000000005,274.79,476
2026-04-20T19:50:00+00:00,274.79,275.00000000000006,273.8,274.12,873
2026-04-20T19:55:00+00:00,274.12,274.70000000000005,274.11,274.62,1475
2026-04-21T13:30:00+00:00,274.62,279.20000000000005,274.62,278.98,393
2026-04-21T13:35:00+00:00,278.98,280.00000000000006,278.08000000000004,279.55,558
2026-04-21T13:40:00+00:00,279.55,279.65000000000003,278.04,278.3,493
2026-04-21T13:45:00+00:00,278.3,279.17,277.77000000000004,278.05,548
2026-04-21T13:50:00+00:00,278.05,278.38000000000005,276.29,277.54,466
2026-04-21T13:55:00+00:00,277.54,280.04,277.28000000000003,279.93,403
2026-04-21T14:00:00+00:00,279.93,280.63000000000005,279.44000000000005,279.97,389
2026-04-21T14:05:00+00:00,279.97,281.73,279.94000000000005,281.13000000000005,391
2026-04-21T14:10:00+00:00,281.13000000000005,281.22,280.09000000000003,280.78000000000003,338
2026-04-21T14:15:00+00:00,280.78000000000003,281.57000000000005,279.92,280.46000000000004,360
2026-04-21T14:20:00+00:00,280.46000000000004,280.93,280.03000000000003,280.76000000000005,307
2026-04-21T14:25:00+00:00,280.76000000000005,281.36,280.67,280.93,270
2026-04-21T14:30:00+00:00,280.93,281.14000000000004,279.96000000000004,280.48,336
2026-04-21T14:35:00+00:00,280.48,281.00000000000006,280.12,280.38000000000005,244
2026-04-21T14:40:00+00:00,280.38000000000005,280.70000000000005,279.81000000000006,280.20000000000005,257
2026-04-21T14:45:00+00:00,280.20000000000005,280.21000000000004,278.38000000000005,278.74,371
2026-04-21T14:50:00+00:00,278.74,279.23,278.37,278.82000000000005,610
2026-04-21T14:55:00+00:00,278.82000000000005,278.85,276.91,277.51000000000005,798
2026-04-21T15:00:00+00:00,277.51000000000005,277.90000000000003,276.48,277.01000000000005,1048
2026-04-21T15:05:00+00:00,277.01000000000005,278.38000000000005,276.37,278.31000000000006,955
2026-04-21T15:10:00+00:00,278.31000000000006,279.87,278.31000000000006,279.54,875
2026-04-21T15:15:00+00:00,279.54,281.56000000000006,279.44000000000005,281.56000000000006,827
2026-04-21T15:20:00+00:00,281.56000000000006,282.33000000000004,280.84000000000003,281.17,765
2026-04-21T15:25:00+00:00,281.17,281.41,279.66,280.1,794
2026-04-21T15:30:00+00:00,280.1,281.87,280.06000000000006,281.19000000000005,824
2026-04-21T15:35:00+00:00,281.19000000000005,281.23,279.68,281.1,800
2026-04-21T15:40:00+00:00,281.1,282.01000000000005,280.8,281.59000000000003,723
2026-04-21T15:45:00+00:00,281.59000000000003,282.51000000000005,281.06000000000006,281.22,649
2026-04-21T15:50:00+00:00,281.22,281.22,279.78000000000003,280.67,651
2026-04-21T15:55:00+00:00,280.67,281.64000000000004,280.67,281.18,457
2026-04-21T16:00:00+00:00,281.18,282.43,281.17,281.81000000000006,733
2026-04-21T16:05:00+00:00,281.81000000000006,283.23,281.71000000000004,283.21000000000004,643
2026-04-21T16:10:00+00:00,283.21000000000004,283.21000000000004,282.32000000000005,282.39000000000004,653
2026-04-21T16:15:00+00:00,282.39000000000004,283.61,282.25000000000006,283.50000000000006,562
2026-04-21T16:20:00+00:00,283.50000000000006,283.55,282.67,282.72,521
2026-04-21T16:25:00+00:00,282.72,282.85,282.09000000000003,282.35,474
2026-04-21T16:30:00+00:00,282.35,283.1,282.20000000000005,282.99,430
2026-04-21T16:35:00+00:00,282.99,283.38000000000005,281.98,282.19000000000005,548
2026-04-21T16:40:00+00:00,282.19000000000005,282.28000000000003,281.27000000000004,281.43,483
2026-04-21T16:45:00+00:00,281.43,282.57000000000005,281.42,282.53000000000003,436
2026-04-21T16:50:00+00:00,282.53000000000003,282.6,282.18,282.42,382
2026-04-21T16:55:00+00:00,282.42,282.49,281.84000000000003,281.95000000000005,348
2026-04-21T17:00:00+00:00,281.95000000000005,283.84000000000003,281.95000000000005,283.65000000000003,617
2026-04-21T17:05:00+00:00,283.65000000000003,283.91,282.67,283.52000000000004,1021
2026-04-21T17:10:00+00:00,283.52000000000004,283.52000000000004,281.94000000000005,282.32000000000005,718
2026-04-21T17:15:00+00:00,282.32000000000005,282.46000000000004,281.14000000000004,281.16,555
2026-04-21T17:20:00+00:00,281.16,281.34000000000003,280.74,281.13000000000005,548
2026-04-21T17:25:00+00:00,281.13000000000005,281.6,280.74,280.98,510
2026-04-21T17:30:00+00:00,280.98,281.64000000000004,280.84000000000003,281.15000000000003,491
2026-04-21T17:35:00+00:00,281.15000000000003,282.63000000000005,281.12,282.36,628
2026-04-21T17:40:00+00:00,282.36,282.96000000000004,282.29,282.48,881
2026-04-21T17:45:00+00:00,282.48,282.6,281.82000000000005,282.41,477
2026-04-21T17:50:00+00:00,282.41,282.67,281.87,281.89000000000004,427
2026-04-21T17:55:00+00:00,281.89000000000004,282.43,281.67,282.42,368
2026-04-21T18:00:00+00:00,282.42,283.36,282.39000000000004,283.08000000000004,389
2026-04-21T18:05:00+00:00,283.08000000000004,283.86,282.98,283.56000000000006,413
2026-04-21T18:10:00+00:00,283.56000000000006,284.6,283.42,284.54,533
2026-04-21T18:15:00+00:00,284.54,284.55,283.06000000000006,284.00000000000006,692
2026-04-21T18:20:00+00:00,284.00000000000006,284.8,283.86,284.42,568
2026-04-21T18:25:00+00:00,284.42,284.76000000000005,283.67,283.82000000000005,536
2026-04-21T18:30:00+00:00,283.82000000000005,284.46000000000004,283.82000000000005,284.05,318
2026-04-21T18:35:00+00:00,284.05,284.13000000000005,283.32000000000005,283.64000000000004,440
2026-04-21T18:40:00+00:00,283.64000000000004,283.89000000000004,283.20000000000005,283.42,352
2026-04-21T18:45:00+00:00,283.42,283.47,282.82000000000005,283.04,331
2026-04-21T18:50:00+00:00,283.04,283.89000000000004,282.86,283.73,530
2026-04-21T18:55:00+00:00,283.73,283.91,282.87,283.50000000000006,734
2026-04-21T19:00:00+00:00,283.50000000000006,284.20000000000005,283.50000000000006,283.85,572
2026-04-21T19:05:00+00:00,283.85,284.03000000000003,283.35,283.87,376
2026-04-21T19:10:00+00:00,283.87,284.96000000000004,283.70000000000005,284.07000000000005,535
2026-04-21T19:15:00+00:00,284.07000000000005,284.56000000000006,283.86,284.31000000000006,609
2026-04-21T19:20:00+00:00,284.31000000000006,284.99,284.18,284.83000000000004,540
2026-04-21T19:25:00+00:00,284.83000000000004,285.63000000000005,284.79,285.27000000000004,447
2026-04-21T19:30:00+00:00,285.27000000000004,285.84000000000003,284.87,285.02000000000004,487
2026-04-21T19:35:00+00:00,285.02000000000004,285.36,284.39000000000004,284.93,634
2026-04-21T19:40:00+00:00,284.93,284.95000000000005,281.46000000000004,281.86,1309
2026-04-21T19:45:00+00:00,281.86,282.82000000000005,281.85,282.6,1075
2026-04-21T19:50:00+00:00,282.6,283.27000000000004,282.31000000000006,282.54,982
2026-04-21T19:55:00+00:00,282.54,284.40000000000003,282.53000000000003,284.40000000000003,1039
2026-04-22T13:30:00+00:00,284.40000000000003,292.36,284.40000000000003,289.63000000000005,956
2026-04-22T13:35:00+00:00,289.63000000000005,290.63000000000005,287.8,288.26000000000005,831
2026-04-22T13:40:00+00:00,288.26000000000005,289.24,287.98,288.83000000000004,921
2026-04-22T13:45:00+00:00,288.83000000000004,288.92,286.38000000000005,287.02000000000004,956
2026-04-22T13:50:00+00:00,287.02000000000004,288.08000000000004,285.77000000000004,287.46000000000004,857
2026-04-22T13:55:00+00:00,287.46000000000004,288.05,286.36,288.00000000000006,788
2026-04-22T14:00:00+00:00,288.00000000000006,288.64000000000004,286.95000000000005,288.15000000000003,766
2026-04-22T14:05:00+00:00,288.15000000000003,288.8,287.53000000000003,288.37,548
2026-04-22T14:10:00+00:00,288.37,289.49,288.32000000000005,289.45000000000005,642
2026-04-22T14:15:00+00:00,289.45000000000005,291.14000000000004,289.25000000000006,290.76000000000005,794
2026-04-22T14:20:00+00:00,290.76000000000005,292.88000000000005,290.61,292.3,861
2026-04-22T14:25:00+00:00,292.3,295.51000000000005,292.27000000000004,294.84000000000003,1104
2026-04-22T14:30:00+00:00,294.84000000000003,295.8,293.8,294.49,1159
2026-04-22T14:35:00+00:00,294.49,295.64000000000004,293.72,294.45000000000005,872
2026-04-22T14:40:00+00:00,294.45000000000005,294.97,294.1,294.72,751
2026-04-22T14:45:00+00:00,294.72,295.14000000000004,293.65000000000003,293.83000000000004,719
2026-04-22T14:50:00+00:00,293.83000000000004,294.73,293.37,294.11,546
2026-04-22T14:55:00+00:00,294.11,294.42,293.38000000000005,293.97,523.4113503995666
2026-04-22T15:00:00+00:00,293.97,294.46000000000004,293.11,294.35,589
2026-04-22T15:05:00+00:00,294.35,296.15000000000003,294.29,295.72,742
2026-04-22T15:10:00+00:00,295.72,296.29,295.30000000000007,296.29,582
2026-04-22T15:15:00+00:00,296.29,296.61,295.87000000000006,296.32000000000005,581
2026-04-22T15:20:00+00:00,296.32000000000005,297.00000000000006,296.28000000000003,296.66,521
2026-04-22T15:25:00+00:00,296.66,297.73,296.64000000000004,297.48,684
2026-04-22T15:30:00+00:00,297.48,297.50000000000006,296.64000000000004,297.06000000000006,607
2026-04-22T15:35:00+00:00,297.06000000000006,297.47,296.45000000000005,296.97,508
2026-04-22T15:40:00+00:00,296.97,297.05000000000007,295.84000000000003,296.02000000000004,473
2026-04-22T15:45:00+00:00,296.02000000000004,296.73,295.57000000000005,296.52000000000004,467
2026-04-22T15:50:00+00:00,296.52000000000004,296.56000000000006,296.06000000000006,296.36,370
2026-04-22T15:55:00+00:00,296.36,296.70000000000005,295.56000000000006,295.62000000000006,320
2026-04-22T16:00:00+00:00,295.62000000000006,295.96000000000004,295.43000000000006,295.56000000000006,417
2026-04-22T16:05:00+00:00,295.56000000000006,295.67,294.91,295.14000000000004,371
2026-04-22T16:10:00+00:00,295.14000000000004,295.39000000000004,294.68000000000006,295.09000000000003,363
2026-04-22T16:15:00+00:00,295.09000000000003,295.1,294.27000000000004,294.39000000000004,379
2026-04-22T16:20:00+00:00,294.39000000000004,295.44000000000005,294.37000000000006,295.08000000000004,400
2026-04-22T16:25:00+00:00,295.08000000000004,296.08000000000004,294.82000000000005,295.80000000000007,414
2026-04-22T16:30:00+00:00,295.80000000000007,296.34000000000003,295.41,296.30000000000007,431
2026-04-22T16:35:00+00:00,296.30000000000007,296.83000000000004,295.92,296.79,454
2026-04-22T16:40:00+00:00,296.79,297.15000000000003,296.35,296.37000000000006,540
2026-04-22T16:45:00+00:00,296.37000000000006,296.49000000000007,295.84000000000003,296.19000000000005,455
2026-04-22T16:50:00+00:00,296.19000000000005,297.04,296.16,296.98,428
2026-04-22T16:55:00+00:00,296.98,297.99000000000007,296.86,297.99000000000007,552
2026-04-22T17:00:00+00:00,297.99000000000007,299.39000000000004,297.98,299.34000000000003,861
2026-04-22T17:05:00+00:00,299.34000000000003,299.39000000000004,298.42,298.61,607
2026-04-22T17:10:00+00:00,298.61,299.69000000000005,298.57000000000005,298.74000000000007,681
2026-04-22T17:15:00+00:00,298.74000000000007,299.02000000000004,297.87000000000006,299.02000000000004,517
2026-04-22T17:20:00+00:00,299.02000000000004,300.28000000000003,299.00000000000006,299.78000000000003,469
2026-04-22T17:25:00+00:00,299.78000000000003,300.45000000000005,299.74000000000007,300.04,464
2026-04-22T17:30:00+00:00,300.04,300.37000000000006,299.86,299.87000000000006,509
2026-04-22T17:35:00+00:00,299.87000000000006,300.59000000000003,299.87000000000006,300.17,402
2026-04-22T17:40:00+00:00,300.17,300.64000000000004,300.13000000000005,300.44000000000005,376
2026-04-22T17:45:00+00:00,300.44000000000005,300.51000000000005,299.77000000000004,300.45000000000005,555
2026-04-22T17:50:00+00:00,300.45000000000005,300.57000000000005,300.11,300.49000000000007,367
2026-04-22T17:55:00+00:00,300.49000000000007,300.50000000000006,299.52000000000004,299.95000000000005,411
2026-04-22T18:00:00+00:00,299.95000000000005,300.40000000000003,299.70000000000005,299.98,448
2026-04-22T18:05:00+00:00,299.98,300.15000000000003,299.65000000000003,299.82000000000005,422
2026-04-22T18:10:00+00:00,299.82000000000005,300.14000000000004,299.69000000000005,299.73,406
2026-04-22T18:15:00+00:00,299.73,299.74000000000007,299.05000000000007,299.18000000000006,465
2026-04-22T18:20:00+00:00,299.18000000000006,299.80000000000007,298.69000000000005,299.74000000000007,562
2026-04-22T18:25:00+00:00,299.74000000000007,300.23,299.67,299.72,508
2026-04-22T18:30:00+00:00,299.72,300.49000000000007,299.72,300.05000000000007,455
2026-04-22T18:35:00+00:00,300.05000000000007,300.44000000000005,299.72,300.44000000000005,350
2026-04-22T18:40:00+00:00,300.44000000000005,301.07000000000005,300.37000000000006,300.94000000000005,463
2026-04-22T18:45:00+00:00,300.94000000000005,302.01000000000005,300.82000000000005,301.70000000000005,567
2026-04-22T18:50:00+00:00,301.70000000000005,302.25000000000006,301.54,301.90000000000003,472
2026-04-22T18:55:00+00:00,301.90000000000003,302.00000000000006,301.31000000000006,301.41,367
2026-04-22T19:00:00+00:00,301.41,301.41,300.18000000000006,301.1,820
2026-04-22T19:05:00+00:00,301.1,302.12000000000006,300.84000000000003,301.74000000000007,594
2026-04-22T19:10:00+00:00,301.74000000000007,302.06000000000006,301.67,301.89000000000004,392
2026-04-22T19:15:00+00:00,301.89000000000004,303.03000000000003,301.89000000000004,302.71000000000004,501
2026-04-22T19:20:00+00:00,302.71000000000004,303.17,302.51000000000005,302.79,449
2026-04-22T19:25:00+00:00,302.79,303.00000000000006,302.04,302.06000000000006,468
2026-04-22T19:30:00+00:00,302.06000000000006,302.24000000000007,301.74000000000007,302.06000000000006,534
2026-04-22T19:35:00+00:00,302.06000000000006,302.86,301.86,302.79,520
2026-04-22T19:40:00+00:00,302.79,303.02000000000004,302.54,302.95000000000005,417
2026-04-22T19:45:00+00:00,302.95000000000005,303.1,302.53000000000003,302.62000000000006,553
2026-04-22T19:50:00+00:00,302.62000000000006,303.73,302.31000000000006,303.13000000000005,1136
2026-04-22T19:55:00+00:00,303.13000000000005,303.31000000000006,302.71000000000004,303.05000000000007,1271
2026-04-23T13:30:00+00:00,303.05000000000007,303.05000000000007,299.77000000000004,302.41,919
2026-04-23T13:35:00+00:00,302.41,304.83000000000004,302.16,304.56000000000006,1368
2026-04-23T13:40:00+00:00,304.56000000000006,304.57000000000005,302.84000000000003,304.06000000000006,1117
2026-04-23T13:45:00+00:00,304.06000000000006,304.46000000000004,303.01000000000005,303.24000000000007,1165
2026-04-23T13:50:00+00:00,303.24000000000007,305.01000000000005,303.22,303.69000000000005,1202
2026-04-23T13:55:00+00:00,303.69000000000005,303.71000000000004,301.30000000000007,302.28000000000003,1186
2026-04-23T14:00:00+00:00,302.28000000000003,303.13000000000005,300.88000000000005,303.03000000000003,1172
2026-04-23T14:05:00+00:00,303.03000000000003,305.85,302.77000000000004,305.26000000000005,1113
2026-04-23T14:10:00+00:00,305.26000000000005,305.74000000000007,302.22,302.74000000000007,1292
2026-04-23T14:15:00+00:00,302.74000000000007,305.20000000000005,302.67,304.22,1197
2026-04-23T14:20:00+00:00,304.22,305.06000000000006,303.84000000000003,304.51000000000005,995
2026-04-23T14:25:00+00:00,304.51000000000005,305.55000000000007,304.31000000000006,305.46000000000004,890
2026-04-23T14:30:00+00:00,305.46000000000004,306.00000000000006,304.71000000000004,304.71000000000004,836
2026-04-23T14:35:00+00:00,304.71000000000004,305.98,304.47,304.68000000000006,786
2026-04-23T14:40:00+00:00,304.68000000000006,304.97,303.74000000000007,304.24000000000007,730
2026-04-23T14:45:00+00:00,304.24000000000007,304.64000000000004,303.86,303.86,562
2026-04-23T14:50:00+00:00,303.86,305.48,303.67,305.35,676
2026-04-23T14:55:00+00:00,305.35,306.41,305.33000000000004,305.93000000000006,706
2026-04-23T15:00:00+00:00,305.93000000000006,306.87000000000006,305.68000000000006,306.65000000000003,697
2026-04-23T15:05:00+00:00,306.65000000000003,307.63000000000005,306.42,307.54,741
2026-04-23T15:10:00+00:00,307.54,308.94000000000005,307.43000000000006,308.68000000000006,864
2026-04-23T15:15:00+00:00,308.68000000000006,309.23,308.06000000000006,308.89000000000004,668
2026-04-23T15:20:00+00:00,308.89000000000004,309.38000000000005,308.67,308.87000000000006,642
2026-04-23T15:25:00+00:00,308.87000000000006,308.88000000000005,308.13000000000005,308.43000000000006,657
2026-04-23T15:30:00+00:00,308.43000000000006,309.85,308.28000000000003,309.67,844
2026-04-23T15:35:00+00:00,309.67,309.67,308.89000000000004,308.93000000000006,544
2026-04-23T15:40:00+00:00,308.93000000000006,309.15000000000003,308.17,308.27000000000004,551
2026-04-23T15:45:00+00:00,308.27000000000004,308.35,307.31000000000006,307.47,955
2026-04-23T15:50:00+00:00,307.47,307.47,306.42,306.45000000000005,858
2026-04-23T15:55:00+00:00,306.45000000000005,307.29,306.36,307.29,748
2026-04-23T16:00:00+00:00,307.29,307.50000000000006,306.18000000000006,306.21000000000004,639
2026-04-23T16:05:00+00:00,306.21000000000004,307.12000000000006,305.83000000000004,306.75000000000006,799
2026-04-23T16:10:00+00:00,306.75000000000006,308.04,306.66,307.87000000000006,549
2026-04-23T16:15:00+00:00,307.87000000000006,308.42,307.81000000000006,308.1,572
2026-04-23T16:20:00+00:00,308.1,308.24000000000007,307.22,308.17,531
2026-04-23T16:25:00+00:00,308.17,308.61,308.04,308.57000000000005,516
2026-04-23T16:30:00+00:00,308.57000000000005,309.47,308.43000000000006,309.39000000000004,563
2026-04-23T16:35:00+00:00,309.39000000000004,309.48,308.23,308.51000000000005,580
2026-04-23T16:40:00+00:00,308.51000000000005,309.09000000000003,308.12000000000006,308.92,457
2026-04-23T16:45:00+00:00,308.92,309.24000000000007,308.29,308.90000000000003,512
2026-04-23T16:50:00+00:00,308.90000000000003,309.44000000000005,308.66,308.69000000000005,455
2026-04-23T16:55:00+00:00,308.69000000000005,309.27000000000004,308.31000000000006,308.71000000000004,582
2026-04-23T17:00:00+00:00,308.71000000000004,309.07000000000005,307.21000000000004,307.43000000000006,1084
2026-04-23T17:05:00+00:00,307.43000000000006,307.73,306.37000000000006,306.44000000000005,1276
2026-04-23T17:10:00+00:00,306.44000000000005,306.52000000000004,304.92,305.37000000000006,1277
2026-04-23T17:15:00+00:00,305.37000000000006,305.37000000000006,303.52000000000004,303.90000000000003,1291
2026-04-23T17:20:00+00:00,303.90000000000003,304.81000000000006,303.53000000000003,304.12000000000006,1107
2026-04-23T17:25:00+00:00,304.12000000000006,304.73,303.18000000000006,303.28000000000003,1311
2026-04-23T17:30:00+00:00,303.28000000000003,304.76000000000005,302.23,304.67,1171
2026-04-23T17:35:00+00:00,304.67,304.93000000000006,302.69000000000005,303.45000000000005,1477
2026-04-23T17:40:00+00:00,303.45000000000005,303.46000000000004,300.66,301.43000000000006,1613
2026-04-23T17:45:00+00:00,301.43000000000006,301.45000000000005,299.41,300.69000000000005,2040
2026-04-23T17:50:00+00:00,300.69000000000005,302.44000000000005,299.43000000000006,301.99000000000007,1948
2026-04-23T17:55:00+00:00,301.99000000000007,303.79,301.72,303.72,1461
2026-04-23T18:00:00+00:00,303.72,305.21000000000004,303.36,304.34000000000003,1532
2026-04-23T18:05:00+00:00,304.34000000000003,305.29,304.08000000000004,304.65000000000003,926
2026-04-23T18:10:00+00:00,304.65000000000003,305.09000000000003,304.20000000000005,304.67,1115
2026-04-23T18:15:00+00:00,304.67,305.07000000000005,304.43000000000006,304.52000000000004,886
2026-04-23T18:20:00+00:00,304.52000000000004,304.70000000000005,303.31000000000006,303.67,797
2026-04-23T18:25:00+00:00,303.67,304.14000000000004,302.99000000000007,304.03000000000003,593
2026-04-23T18:30:00+00:00,304.03000000000003,305.15000000000003,304.01000000000005,304.95000000000005,601
2026-04-23T18:35:00+00:00,304.95000000000005,305.63000000000005,304.88000000000005,305.07000000000005,598
2026-04-23T18:40:00+00:00,305.07000000000005,305.41,304.32000000000005,305.33000000000004,606
2026-04-23T18:45:00+00:00,305.33000000000004,305.36,304.55000000000007,304.55000000000007,539
2026-04-23T18:50:00+00:00,304.55000000000007,304.85,304.01000000000005,304.40000000000003,669
2026-04-23T18:55:00+00:00,304.40000000000003,304.73,302.67,303.13000000000005,818
2026-04-23T19:00:00+00:00,303.13000000000005,303.70000000000005,302.88000000000005,303.1,1052
2026-04-23T19:05:00+00:00,303.1,304.16,303.1,303.75000000000006,662
2026-04-23T19:10:00+00:00,303.75000000000006,303.92,303.08000000000004,303.71000000000004,512
2026-04-23T19:15:00+00:00,303.71000000000004,304.23,303.41,303.43000000000006,489
2026-04-23T19:20:00+00:00,303.43000000000006,303.72,303.08000000000004,303.62000000000006,435
2026-04-23T19:25:00+00:00,303.62000000000006,303.83000000000004,303.40000000000003,303.44000000000005,353
2026-04-23T19:30:00+00:00,303.44000000000005,304.17,303.20000000000005,303.25000000000006,565
2026-04-23T19:35:00+00:00,303.25000000000006,303.30000000000007,302.31000000000006,302.73,729
2026-04-23T19:40:00+00:00,302.73,303.18000000000006,302.73,302.86,593
2026-04-23T19:45:00+00:00,302.86,303.70000000000005,302.80000000000007,303.59000000000003,477
2026-04-23T19:50:00+00:00,303.59000000000003,304.29,302.75000000000006,304.02000000000004,735
2026-04-23T19:55:00+00:00,304.02000000000004,305.13000000000005,303.52000000000004,304.92,996
2026-04-24T13:30:00+00:00,304.92,342.99000000000007,304.92,341.97,1704
2026-04-24T13:35:00+00:00,341.97,342.54,336.86,341.01000000000005,1352
2026-04-24T13:40:00+00:00,341.01000000000005,346.99000000000007,340.75000000000006,343.82000000000005,1558
2026-04-24T13:45:00+00:00,343.82000000000005,347.52000000000004,343.24000000000007,345.11,1632
2026-04-24T13:50:00+00:00,345.11,346.27000000000004,338.99000000000007,339.34000000000003,1720
2026-04-24T13:55:00+00:00,339.34000000000003,341.68000000000006,337.17,340.19000000000005,1335
2026-04-24T14:00:00+00:00,340.19000000000005,342.67,338.68000000000006,341.72,1285
2026-04-24T14:05:00+00:00,341.72,345.35,340.93000000000006,345.20000000000005,1475
2026-04-24T14:10:00+00:00,345.20000000000005,347.66,344.38000000000005,346.18000000000006,1202
2026-04-24T14:15:00+00:00,346.18000000000006,349.08000000000004,345.78000000000003,346.92,1248
2026-04-24T14:20:00+00:00,346.92,347.86,344.97,346.82000000000005,1281
2026-04-24T14:25:00+00:00,346.82000000000005,347.99000000000007,345.29,345.94000000000005,1407
2026-04-24T14:30:00+00:00,345.94000000000005,346.31000000000006,343.33000000000004,344.21000000000004,1433
2026-04-24T14:35:00+00:00,344.21000000000004,344.97,342.26000000000005,344.65000000000003,1412
2026-04-24T14:40:00+00:00,344.65000000000003,344.76000000000005,343.16,343.94000000000005,1161
2026-04-24T14:45:00+00:00,343.94000000000005,344.77000000000004,342.04,343.17,1478
2026-04-24T14:50:00+00:00,343.17,344.25000000000006,342.73,343.48,1222
2026-04-24T14:55:00+00:00,343.48,345.78000000000003,343.46000000000004,345.45,1164.128020194735
2026-04-24T15:00:00+00:00,345.45,347.13,345.29,346.13,1083
2026-04-24T15:05:00+00:00,346.13,349.3,345.87,348.41,1265
2026-04-24T15:10:00+00:00,348.41,348.87,347.23,348.82,1023
2026-04-24T15:15:00+00:00,348.82,350.38,347.52,347.57,1497
2026-04-24T15:20:00+00:00,347.57,348.68,346.95,347.82,1061
2026-04-24T15:25:00+00:00,347.82,347.83,346.16,347.14,1063
2026-04-24T15:30:00+00:00,347.14,347.65,346.62,346.77,851
2026-04-24T15:35:00+00:00,346.77,347.52,346.75,347.04,773
2026-04-24T15:40:00+00:00,347.04,348.99,346.85,348.68,865
2026-04-24T15:45:00+00:00,348.68,350.78000000000003,347.54,350.22,1726
2026-04-24T15:50:00+00:00,350.22,350.88,350.02,350.21,1103
2026-04-24T15:55:00+00:00,350.21,351.25,349.15,351.11,1047
2026-04-24T16:00:00+00:00,351.11,351.35,350.04,351.19,1171
2026-04-24T16:05:00+00:00,351.19,352.49,349.9,350.34,1328
2026-04-24T16:10:00+00:00,350.34,350.86,350.04,350.56,717
2026-04-24T16:15:00+00:00,350.56,350.68,349.74,350.32,662
2026-04-24T16:20:00+00:00,350.32,350.95,349.92,350.47,574
2026-04-24T16:25:00+00:00,350.47,350.8,349.79,350.57,672
2026-04-24T16:30:00+00:00,350.57,352.15,350.56,351.33,785
2026-04-24T16:35:00+00:00,351.33,351.75,350.28000000000003,350.34,645
2026-04-24T16:40:00+00:00,350.34,350.75,349.37,349.59,825
2026-04-24T16:45:00+00:00,349.59,350.5,349.59,349.89,732
2026-04-24T16:50:00+00:00,349.89,349.92,348.14,348.26,818
2026-04-24T16:55:00+00:00,348.26,348.66,347.81,347.95,837
2026-04-24T17:00:00+00:00,347.95,348.75,347.71,348.35,722
2026-04-24T17:05:00+00:00,348.35,349.17,347.64,347.88,748
2026-04-24T17:10:00+00:00,347.88,348.13,347.3,347.95,581
2026-04-24T17:15:00+00:00,347.95,348.03000000000003,347.3,347.59,583
2026-04-24T17:20:00+00:00,347.59,347.76,345.91,346.9,731
2026-04-24T17:25:00+00:00,346.9,347.17,346.17,346.19,570
2026-04-24T17:30:00+00:00,346.19,346.95,345.99,346.78000000000003,730
2026-04-24T17:35:00+00:00,346.78000000000003,347.87,346.78000000000003,347.36,709
2026-04-24T17:40:00+00:00,347.36,348.64,347.35,348.23,575
2026-04-24T17:45:00+00:00,348.23,349.35,348.09,348.28000000000003,568
2026-04-24T17:50:00+00:00,348.28000000000003,348.48,347.22,347.55,670
2026-04-24T17:55:00+00:00,347.55,348.49,347.43,348.49,569
2026-04-24T18:00:00+00:00,348.49,349,347.67,347.67,566
2026-04-24T18:05:00+00:00,347.67,347.69,346.76,347.2,726
2026-04-24T18:10:00+00:00,347.2,347.71,346.78000000000003,346.9,585
2026-04-24T18:15:00+00:00,346.9,346.93,345.99,346.53000000000003,526
2026-04-24T18:20:00+00:00,346.53000000000003,346.77,345.7,346.15,613
2026-04-24T18:25:00+00:00,346.15,346.59,345.46,345.67,597
2026-04-24T18:30:00+00:00,345.67,346.65,345.64,346.52,539
2026-04-24T18:35:00+00:00,346.52,347.59,346.48,347.49,561
2026-04-24T18:40:00+00:00,347.49,347.82,346.3,346.33,563
2026-04-24T18:45:00+00:00,346.33,346.44,345.64,345.66,532
2026-04-24T18:50:00+00:00,345.66,346.76,345.21,346.58,654
2026-04-24T18:55:00+00:00,346.58,346.68,345.37,345.54,537
2026-04-24T19:00:00+00:00,345.54,346.2,344.86,344.91,556
2026-04-24T19:05:00+00:00,344.91,345.12,344.15,345.02,723
2026-04-24T19:10:00+00:00,345.02,345.18,344.43,344.67,526
2026-04-24T19:15:00+00:00,344.67,345.81,344.61,345.73,679
2026-04-24T19:20:00+00:00,345.73,346.45,345.6,346.13,650
2026-04-24T19:25:00+00:00,346.13,346.36,345.7,345.96,604
2026-04-24T19:30:00+00:00,345.96,346.27,345.27,345.87,734
2026-04-24T19:35:00+00:00,345.87,345.98,345.19,345.88,623
2026-04-24T19:40:00+00:00,345.88,346.46,345.49,346.41,647
2026-04-24T19:45:00+00:00,346.41,346.59,345.89,346.59,748
2026-04-24T19:50:00+00:00,346.59,346.61,345.03000000000003,345.99,1132
2026-04-24T19:55:00+00:00,345.99,347.54,345.63,347.46,1254
2026-04-27T13:30:00+00:00,347.46,348.61,336.99,338.31,1233
2026-04-27T13:35:00+00:00,338.31,338.59,334.07,334.16,1338
2026-04-27T13:40:00+00:00,334.16,334.57,330.01,333,1580
2026-04-27T13:45:00+00:00,333,333.32,330.3,330.7,1238
2026-04-27T13:50:00+00:00,330.7,333.28000000000003,328.45,333.09,1310
2026-04-27T13:55:00+00:00,333.09,336.62,333.08,335.44,1087
2026-04-27T14:00:00+00:00,335.44,335.48,333,334.4,942
2026-04-27T14:05:00+00:00,334.4,336.83,333.48,335.03000000000003,971
2026-04-27T14:10:00+00:00,335.03000000000003,337.41,333.91,337.15,930
2026-04-27T14:15:00+00:00,337.15,337.51,335.06,336.2,750
2026-04-27T14:20:00+00:00,336.2,336.99,335.29,336.34,628
2026-04-27T14:25:00+00:00,336.34,336.89,334.34,334.34,801
2026-04-27T14:30:00+00:00,334.34,335.21,332.75,335.2,778
2026-04-27T14:35:00+00:00,335.2,336.78000000000003,334.25,334.83,750
2026-04-27T14:40:00+00:00,334.83,335.71,334.45,335.36,546
2026-04-27T14:45:00+00:00,335.36,335.57,333.87,335.26,594
2026-04-27T14:50:00+00:00,335.26,336.51,334.06,334.66,604
2026-04-27T14:55:00+00:00,334.66,335.46,334.18,335.04,539
2026-04-27T15:00:00+00:00,335.04,335.79,332.74,332.74,580
2026-04-27T15:05:00+00:00,332.74,335.59,332.63,335.16,634
2026-04-27T15:10:00+00:00,335.16,335.94,333.97,333.99,526
2026-04-27T15:15:00+00:00,333.99,335.61,333.81,334.53000000000003,467
2026-04-27T15:20:00+00:00,334.53000000000003,334.7,332.84,332.86,588
2026-04-27T15:25:00+00:00,332.86,333.59,332.24,333.04,537
2026-04-27T15:30:00+00:00,333.04,333.53000000000003,331.63,332.86,531
2026-04-27T15:35:00+00:00,332.86,333.02,331.95,332.78000000000003,572
2026-04-27T15:40:00+00:00,332.78000000000003,333.65,332.45,333.14,520
2026-04-27T15:45:00+00:00,333.14,333.79,332.66,333.18,473
2026-04-27T15:50:00+00:00,333.18,333.58,332.09,332.34,430
2026-04-27T15:55:00+00:00,332.34,333.44,332.25,332.25,513
2026-04-27T16:00:00+00:00,332.25,332.99,331.21,331.36,525
2026-04-27T16:05:00+00:00,331.36,332.27,331.2,331.97,430
2026-04-27T16:10:00+00:00,331.97,332.8,331.75,332.45,471
2026-04-27T16:15:00+00:00,332.45,335.42,332.09,335.11,582
2026-04-27T16:20:00+00:00,335.11,335.9,333.99,334.01,577
2026-04-27T16:25:00+00:00,334.01,334.01,332.03000000000003,332.47,505
2026-04-27T16:30:00+00:00,332.47,332.78000000000003,331.5,332.47,377
2026-04-27T16:35:00+00:00,332.47,333.37,332.45,332.77,312
2026-04-27T16:40:00+00:00,332.77,333.92,332.64,333.62,343
2026-04-27T16:45:00+00:00,333.62,334.44,333.06,333.96,479
2026-04-27T16:50:00+00:00,333.96,334.66,333.79,333.92,445
2026-04-27T16:55:00+00:00,333.92,333.99,333.26,333.6,347
2026-04-27T17:00:00+00:00,333.6,333.85,332.65,333.69,321
2026-04-27T17:05:00+00:00,333.69,334.18,333.44,333.73,339
2026-04-27T17:10:00+00:00,333.73,334.19,333.33,334.03000000000003,287
2026-04-27T17:15:00+00:00,334.03000000000003,334.83,333.41,333.79,404
2026-04-27T17:20:00+00:00,333.79,334.13,333.05,333.85,401
2026-04-27T17:25:00+00:00,333.85,334.78000000000003,333.84,334.61,333
2026-04-27T17:30:00+00:00,334.61,335.43,334.49,335.23,364
2026-04-27T17:35:00+00:00,335.23,335.48,334.67,334.91,330
2026-04-27T17:40:00+00:00,334.91,335.36,334.72,335.23,287
2026-04-27T17:45:00+00:00,335.23,336.36,335.18,336.33,394
2026-04-27T17:50:00+00:00,336.33,336.54,335.04,335.26,328
2026-04-27T17:55:00+00:00,335.26,335.67,334.65,334.66,316
2026-04-27T18:00:00+00:00,334.66,334.84,334.3,334.66,260
2026-04-27T18:05:00+00:00,334.66,335.03000000000003,334.41,335,238
2026-04-27T18:10:00+00:00,335,335.29,334.79,334.8,250
2026-04-27T18:15:00+00:00,334.8,335.42,334.55,335.42,274
2026-04-27T18:20:00+00:00,335.42,336.01,335.14,336.01,245
2026-04-27T18:25:00+00:00,336.01,336.35,335.45,335.67,403
2026-04-27T18:30:00+00:00,335.67,336.87,335.67,336.31,362
2026-04-27T18:35:00+00:00,336.31,337.18,336.28000000000003,336.56,412
2026-04-27T18:40:00+00:00,336.56,336.92,335.85,336.5,425
2026-04-27T18:45:00+00:00,336.5,337.36,336.28000000000003,336.84,347
2026-04-27T18:50:00+00:00,336.84,337.04,335.42,335.64,351
2026-04-27T18:55:00+00:00,335.64,337.35,335.49,336.75,410
2026-04-27T19:00:00+00:00,336.75,337.22,336.2,336.46,381
2026-04-27T19:05:00+00:00,336.46,336.71,335.68,335.96,351
2026-04-27T19:10:00+00:00,335.96,336.55,335.45,336.29,371
2026-04-27T19:15:00+00:00,336.29,336.61,335.65,336.11,294
2026-04-27T19:20:00+00:00,336.11,336.39,335.2,335.22,353
2026-04-27T19:25:00+00:00,335.22,336.58,335.19,336.48,401
2026-04-27T19:30:00+00:00,336.48,336.7,335.9,336.08,450
2026-04-27T19:35:00+00:00,336.08,336.29,335.44,336.04,401
2026-04-27T19:40:00+00:00,336.04,336.2,335.01,335.17,459
2026-04-27T19:45:00+00:00,335.17,335.56,334.76,335.1,462
2026-04-27T19:50:00+00:00,335.1,335.9,334.87,335.02,545
2026-04-27T19:55:00+00:00,335.02,335.03000000000003,333.8,333.87,1006
2026-04-28T13:30:00+00:00,333.87,333.87,309.64,319.45,1731
2026-04-28T13:35:00+00:00,319.45,323.43,319.39,321.32,1368
2026-04-28T13:40:00+00:00,321.32,324.94,320.57,323.34,1165
2026-04-28T13:45:00+00:00,323.34,323.85,321.92,322.29,1081
2026-04-28T13:50:00+00:00,322.29,323.1,320.58,321.01,952
2026-04-28T13:55:00+00:00,321.01,323.48,319.73,322.51,824
2026-04-28T14:00:00+00:00,322.51,322.73,321.06,321.96,756
2026-04-28T14:05:00+00:00,321.96,324.36,321.92,324.19,819
2026-04-28T14:10:00+00:00,324.19,325.95,323.68,324.87,790
2026-04-28T14:15:00+00:00,324.87,327.09,324.19,325.68,801
2026-04-28T14:20:00+00:00,325.68,326.19,323.71,323.71,798
2026-04-28T14:25:00+00:00,323.71,324.33,322.93,323.55,809
2026-04-28T14:30:00+00:00,323.55,323.71,321.66,321.71,670
2026-04-28T14:35:00+00:00,321.71,321.95,318.25,318.91,996
2026-04-28T14:40:00+00:00,318.91,319.74,317.25,319.65,927
2026-04-28T14:45:00+00:00,319.65,319.94,317.26,317.36,955
2026-04-28T14:50:00+00:00,317.36,317.36,315.85,316.46,871
2026-04-28T14:55:00+00:00,316.46,319.47,316.19,319.28000000000003,1096
2026-04-28T15:00:00+00:00,319.28000000000003,320.89,319.17,319.68,865
2026-04-28T15:05:00+00:00,319.68,319.79,318.4,319.25,680
2026-04-28T15:10:00+00:00,319.25,321.17,318.71,320.75,761
2026-04-28T15:15:00+00:00,320.75,321.17,319.9,320.63,578
2026-04-28T15:20:00+00:00,320.63,320.76,318.89,319,613
2026-04-28T15:25:00+00:00,319,319.44,318.16,319.04,550
2026-04-28T15:30:00+00:00,319.04,319.23,317.77,318.37,579
2026-04-28T15:35:00+00:00,318.37,319.18,317.98,318.42,636
2026-04-28T15:40:00+00:00,318.42,318.62,317.98,317.99,462
2026-04-28T15:45:00+00:00,317.99,318.37,317.44,317.94,430
2026-04-28T15:50:00+00:00,317.94,319.46,317.87,318.75,554
2026-04-28T15:55:00+00:00,318.75,319.86,318.5,319.53000000000003,494
2026-04-28T16:00:00+00:00,319.53000000000003,320.11,318.75,319.82,594
2026-04-28T16:05:00+00:00,319.82,321.01,319.81,320.5,475
2026-04-28T16:10:00+00:00,320.5,320.76,319.79,320.01,369
2026-04-28T16:15:00+00:00,320.01,320.68,320,320.57,395
2026-04-28T16:20:00+00:00,320.57,321.42,320.45,320.71,409
2026-04-28T16:25:00+00:00,320.71,320.77,319.96,320.16,370
2026-04-28T16:30:00+00:00,320.16,320.53000000000003,319.35,319.35,389
2026-04-28T16:35:00+00:00,319.35,320.07,318.77,319.02,441
2026-04-28T16:40:00+00:00,319.02,320.25,318.85,320.02,388
2026-04-28T16:45:00+00:00,320.02,320.8,319.92,320.6,402
2026-04-28T16:50:00+00:00,320.6,321.83,320.15,321.65,459
2026-04-28T16:55:00+00:00,321.65,322.05,321.34,321.78000000000003,452
2026-04-28T17:00:00+00:00,321.78000000000003,321.96,321.05,321.13,378
2026-04-28T17:05:00+00:00,321.13,321.59,320.87,321.3,286
2026-04-28T17:10:00+00:00,321.3,321.66,320.94,321.29,337
2026-04-28T17:15:00+00:00,321.29,321.67,320.98,321.07,300
2026-04-28T17:20:00+00:00,321.07,321.65,321.04,321.59,296
2026-04-28T17:25:00+00:00,321.59,322.39,321.25,322.25,374
2026-04-28T17:30:00+00:00,322.25,323.5,322.25,323.36,372
2026-04-28T17:35:00+00:00,323.36,324.26,323.14,323.29,442
2026-04-28T17:40:00+00:00,323.29,324.15,323.27,323.54,386
2026-04-28T17:45:00+00:00,323.54,323.98,323.47,323.76,399
2026-04-28T17:50:00+00:00,323.76,324.5,323.74,324.23,336
2026-04-28T17:55:00+00:00,324.23,324.72,324.16,324.47,358
2026-04-28T18:00:00+00:00,324.47,324.62,324.05,324.23,342
2026-04-28T18:05:00+00:00,324.23,324.77,324.2,324.68,301
2026-04-28T18:10:00+00:00,324.68,324.68,324.25,324.27,314
2026-04-28T18:15:00+00:00,324.27,324.7,324.19,324.54,344
2026-04-28T18:20:00+00:00,324.54,325.68,324.54,325.45,470
2026-04-28T18:25:00+00:00,325.45,325.84,325.25,325.58,355
2026-04-28T18:30:00+00:00,325.58,325.83,324.56,324.56,409
2026-04-28T18:35:00+00:00,324.56,324.68,324.15,324.52,339
2026-04-28T18:40:00+00:00,324.52,325.07,324.39,324.85,369
2026-04-28T18:45:00+00:00,324.85,325.2,324.39,324.45,349
2026-04-28T18:50:00+00:00,324.45,324.65,324.26,324.4,299
2026-04-28T18:55:00+00:00,324.4,325.4,323.95,325.19,395
2026-04-28T19:00:00+00:00,325.19,326.2,325.17,326.04,422
2026-04-28T19:05:00+00:00,326.04,326.32,325.55,325.67,327
2026-04-28T19:10:00+00:00,325.67,325.95,325.01,325.01,302
2026-04-28T19:15:00+00:00,325.01,325.03000000000003,323.81,324.28000000000003,473
2026-04-28T19:20:00+00:00,324.28000000000003,324.77,323.91,324.36,408
2026-04-28T19:25:00+00:00,324.36,324.42,323.72,324.17,347
2026-04-28T19:30:00+00:00,324.17,325.08,323.94,324.05,435
2026-04-28T19:35:00+00:00,324.05,324.13,323.37,323.48,390
2026-04-28T19:40:00+00:00,323.48,324.16,323.38,323.71,383
2026-04-28T19:45:00+00:00,323.71,323.77,323.39,323.45,353
2026-04-28T19:50:00+00:00,323.45,323.53000000000003,322.22,322.58,782
2026-04-28T19:55:00+00:00,322.58,323.26,322.27,322.71,1132
2026-04-29T13:30:00+00:00,322.71,326.45,320.17,320.76,909
2026-04-29T13:35:00+00:00,320.76,321.02,318.52,319.34,1000
2026-04-29T13:40:00+00:00,319.34,321.28000000000003,319.07,320.67,754
2026-04-29T13:45:00+00:00,320.67,321.45,319.31,319.74,627
2026-04-29T13:50:00+00:00,319.74,323.37,319.74,323.07,778
2026-04-29T13:55:00+00:00,323.07,323.97,322.6,322.86,802
2026-04-29T14:00:00+00:00,322.86,322.95,320.78000000000003,321.13,829
2026-04-29T14:05:00+00:00,321.13,321.53000000000003,319.36,319.97,765
2026-04-29T14:10:00+00:00,319.97,322.16,319.44,321.92,698
2026-04-29T14:15:00+00:00,321.92,324.42,321.65,323.77,710
2026-04-29T14:20:00+00:00,323.77,325.78000000000003,323.45,325.43,795
2026-04-29T14:25:00+00:00,325.43,327.56,325.35,326.26,777
2026-04-29T14:30:00+00:00,326.26,329.14,325.81,329.01,916
2026-04-29T14:35:00+00:00,329.01,331.29,328.69,330.26,1205
2026-04-29T14:40:00+00:00,330.26,330.96,329.14,330.81,905
2026-04-29T14:45:00+00:00,330.81,331.35,329.45,329.64,743
2026-04-29T14:50:00+00:00,329.64,331.94,329.35,331.86,653
2026-04-29T14:55:00+00:00,331.86,332.96,331.67,332.2,796.2091160220995
2026-04-29T15:00:00+00:00,332.2,333.55,331.65999999999997,331.74,792
2026-04-29T15:05:00+00:00,331.74,332.13,329.71999999999997,329.71999999999997,596
2026-04-29T15:10:00+00:00,329.71999999999997,329.84,328.13,328.89,632
2026-04-29T15:15:00+00:00,328.89,329.73,328.40999999999997,328.94,566
2026-04-29T15:20:00+00:00,328.94,330.02,328.4,328.44,591
2026-04-29T15:25:00+00:00,328.44,328.74,327.34999999999997,327.69,477
2026-04-29T15:30:00+00:00,327.69,328.38,327.15,327.26,494
2026-04-29T15:35:00+00:00,327.26,327.74,326.46,326.93,401
2026-04-29T15:40:00+00:00,326.93,328.3,326.76,328.28,503
2026-04-29T15:45:00+00:00,328.28,328.53,327.46999999999997,327.8,386
2026-04-29T15:50:00+00:00,327.8,327.84,326.57,327.12,588
2026-04-29T15:55:00+00:00,327.12,327.99,327,327.65,436
2026-04-29T16:00:00+00:00,327.65,328.12,327.37,327.65,317
2026-04-29T16:05:00+00:00,327.65,328.36,327.58,327.77,316
2026-04-29T16:10:00+00:00,327.77,328.43,326.96999999999997,326.96999999999997,314
2026-04-29T16:15:00+00:00,326.96999999999997,327.29,325.79,325.82,326
2026-04-29T16:20:00+00:00,325.82,327.01,325.73,326.40999999999997,387
2026-04-29T16:25:00+00:00,326.40999999999997,327.77,326.4,327.65,351
2026-04-29T16:30:00+00:00,327.65,328.21999999999997,326.82,327.82,520
2026-04-29T16:35:00+00:00,327.82,329.65999999999997,327.82,329.43,560
2026-04-29T16:40:00+00:00,329.43,330.45,329.37,329.51,407
2026-04-29T16:45:00+00:00,329.51,330.38,329.05,329.64,328
2026-04-29T16:50:00+00:00,329.64,330.61,329.46,330.17,278
2026-04-29T16:55:00+00:00,330.17,330.73,329.71,330.46999999999997,338
2026-04-29T17:00:00+00:00,330.46999999999997,331.05,329.96,330.17,321
2026-04-29T17:05:00+00:00,330.17,330.63,330.07,330.43,273
2026-04-29T17:10:00+00:00,330.43,332.13,330.43,332.07,330
2026-04-29T17:15:00+00:00,332.07,332.25,331.36,331.38,346
2026-04-29T17:20:00+00:00,331.38,332.59999999999997,331.31,332.11,355
2026-04-29T17:25:00+00:00,332.11,332.93,331.89,332.90999999999997,385
2026-04-29T17:30:00+00:00,332.90999999999997,333.43,332.46999999999997,332.93,435
2026-04-29T17:35:00+00:00,332.93,333.21999999999997,331.84,332.3,403
2026-04-29T17:40:00+00:00,332.3,332.48,331.8,331.96999999999997,342
2026-04-29T17:45:00+00:00,331.96999999999997,332.4,331.57,332.28,355
2026-04-29T17:50:00+00:00,332.28,333.15,332.25,332.98,411
2026-04-29T17:55:00+00:00,332.98,334.96,332.88,334.65999999999997,453
2026-04-29T18:00:00+00:00,334.65999999999997,335.26,334.03,334.05,634
2026-04-29T18:05:00+00:00,334.05,334.49,333.73,333.75,454
2026-04-29T18:10:00+00:00,333.75,333.9,332.9,333.61,492
2026-04-29T18:15:00+00:00,333.61,335,333.56,334.37,409
2026-04-29T18:20:00+00:00,334.37,335.86,334.25,335.74,358
2026-04-29T18:25:00+00:00,335.74,335.96999999999997,335.21,335.28,392
2026-04-29T18:30:00+00:00,335.28,335.67,334.57,335.45,477
2026-04-29T18:35:00+00:00,335.45,337.15,335.43,336.34999999999997,802
2026-04-29T18:40:00+00:00,336.34999999999997,337.01,335.54,335.92,556
2026-04-29T18:45:00+00:00,335.92,337.25,335.34999999999997,337.01,632
2026-04-29T18:50:00+00:00,337.01,337.96,336.65,336.67,640
2026-04-29T18:55:00+00:00,336.67,337.8,336.67,337.03,575
2026-04-29T19:00:00+00:00,337.03,337.46,336.62,337.17,506
2026-04-29T19:05:00+00:00,337.17,338.38,336.65,337.96,559
2026-04-29T19:10:00+00:00,337.96,338.51,337.81,338.25,525
2026-04-29T19:15:00+00:00,338.25,338.93,338.15,338.49,559
2026-04-29T19:20:00+00:00,338.49,339.58,338.06,339.04,615
2026-04-29T19:25:00+00:00,339.04,339.79,338.75,338.9,633
2026-04-29T19:30:00+00:00,338.9,339.23,338.06,338.21999999999997,649
2026-04-29T19:35:00+00:00,338.21999999999997,338.25,336.98,336.98,570
2026-04-29T19:40:00+00:00,336.98,337.23,336.46,336.84,428
2026-04-29T19:45:00+00:00,336.84,337.03,336,336.34,510
2026-04-29T19:50:00+00:00,336.34,336.79,336,336.12,633
2026-04-29T19:55:00+00:00,336.12,336.87,335.59999999999997,336.61,1206
2026-04-30T13:30:00+00:00,336.61,340.67,332.65,333.96,1142
2026-04-30T13:35:00+00:00,333.96,336.5,332.15,335.86,1161
2026-04-30T13:40:00+00:00,335.86,339.92,335.67,339.57,1085
2026-04-30T13:45:00+00:00,339.57,341.5,337.94,339.43,1048
2026-04-30T13:50:00+00:00,339.43,339.43,336.4,339.15,1044
2026-04-30T13:55:00+00:00,339.15,342.59999999999997,338.64,342.26,1147
2026-04-30T14:00:00+00:00,342.26,344.74,341.27,343.59999999999997,1221
2026-04-30T14:05:00+00:00,343.59999999999997,345.12,342.56,344.57,1227
2026-04-30T14:10:00+00:00,344.57,345.33,342.54,344.87,1161
2026-04-30T14:15:00+00:00,344.87,344.87,340.67,344,1170
2026-04-30T14:20:00+00:00,344,344.23,342.43,343.71999999999997,980
2026-04-30T14:25:00+00:00,343.71999999999997,344.62,342.15,342.59,1036
2026-04-30T14:30:00+00:00,342.59,343.68,340.51,340.86,1111
2026-04-30T14:35:00+00:00,340.86,341.04,337.65999999999997,337.74,1302
2026-04-30T14:40:00+00:00,337.74,340.94,337.36,340.40999999999997,964
2026-04-30T14:45:00+00:00,340.40999999999997,342.53,340.2,342.14,1041
2026-04-30T14:50:00+00:00,342.14,345.4,341.83,344.86,1185
2026-04-30T14:55:00+00:00,344.86,345.32,344.25,345.06,988
2026-04-30T15:00:00+00:00,345.06,347.87,345.06,346.96,1305
2026-04-30T15:05:00+00:00,346.96,347.58,346.03,347.55,1019
2026-04-30T15:10:00+00:00,347.55,348.65999999999997,346.67,347.89,903
2026-04-30T15:15:00+00:00,347.89,348.31,347.15,347.82,838
2026-04-30T15:20:00+00:00,347.82,348.42,346.98,347.33,728
2026-04-30T15:25:00+00:00,347.33,348.12,346.46,347.78,688
2026-04-30T15:30:00+00:00,347.78,350.3,347.75,349.65999999999997,1000
2026-04-30T15:35:00+00:00,349.65999999999997,349.73,347.05,347.28,909
2026-04-30T15:40:00+00:00,347.28,347.52,345.68,345.96999999999997,778
2026-04-30T15:45:00+00:00,345.96999999999997,346.57,345.15,346.32,625
2026-04-30T15:50:00+00:00,346.32,347.54,346.15,347.3,700
2026-04-30T15:55:00+00:00,347.3,347.5,346.03,346.39,615
2026-04-30T16:00:00+00:00,346.39,347.55,346.01,346.99,629
2026-04-30T16:05:00+00:00,346.99,347.57,346.75,347.08,410
2026-04-30T16:10:00+00:00,347.08,348.57,346.77,348.43,630
2026-04-30T16:15:00+00:00,348.43,348.76,347.94,348.65,425
2026-04-30T16:20:00+00:00,348.65,348.78,348.08,348.08,498
2026-04-30T16:25:00+00:00,348.08,349.09999999999997,347.48,349.09999999999997,466
2026-04-30T16:30:00+00:00,349.09999999999997,349.46,348.76,348.94,595
2026-04-30T16:35:00+00:00,348.94,350.21,348.77,350.19,479
2026-04-30T16:40:00+00:00,350.19,350.55,349.26,349.38,563
2026-04-30T16:45:00+00:00,349.38,349.38,348.42,349.09999999999997,652
2026-04-30T16:50:00+00:00,349.09999999999997,349.55,348.5,348.76,570
2026-04-30T16:55:00+00:00,348.76,349.48,348.45,349.33,615
2026-04-30T17:00:00+00:00,349.33,350.81,349.31,350.81,646
2026-04-30T17:05:00+00:00,350.81,351.75,350.55,351.59,685
2026-04-30T17:10:00+00:00,351.59,352.15,351.42,351.58,678
2026-04-30T17:15:00+00:00,351.58,351.71,350.98,351.48,585
2026-04-30T17:20:00+00:00,351.48,351.88,351.21,351.65999999999997,520
2026-04-30T17:25:00+00:00,351.65999999999997,351.88,351.21,351.65999999999997,485
2026-04-30T17:30:00+00:00,351.65999999999997,352.38,351.65999999999997,352.36,628
2026-04-30T17:35:00+00:00,352.36,352.69,351.8,352.33,597
2026-04-30T17:40:00+00:00,352.33,353.01,352.17,352.77,543
2026-04-30T17:45:00+00:00,352.77,353.9,352.65999999999997,353.40999999999997,683
2026-04-30T17:50:00+00:00,353.40999999999997,353.86,353.4,353.71999999999997,502
2026-04-30T17:55:00+00:00,353.71999999999997,354.34999999999997,353.48,353.78,652
2026-04-30T18:00:00+00:00,353.78,354.40999999999997,353.74,354.01,641
2026-04-30T18:05:00+00:00,354.01,354.07,353.15999999999997,353.37,701
2026-04-30T18:10:00+00:00,353.37,353.39,352.43,352.76,607
2026-04-30T18:15:00+00:00,352.76,353.34,352.58,352.65,545
2026-04-30T18:20:00+00:00,352.65,352.76,352.01,352.09999999999997,529
2026-04-30T18:25:00+00:00,352.09999999999997,352.45,351.2,351.65,624
2026-04-30T18:30:00+00:00,351.65,352.09999999999997,351.26,351.79,605
2026-04-30T18:35:00+00:00,351.79,352.67,351.74,351.86,603
2026-04-30T18:40:00+00:00,351.86,352.05,351.46,351.8,472
2026-04-30T18:45:00+00:00,351.8,352.14,351.59,351.87,563
2026-04-30T18:50:00+00:00,351.87,351.92,351.46,351.52,740
2026-04-30T18:55:00+00:00,351.52,351.54,350.68,350.88,529
2026-04-30T19:00:00+00:00,350.88,351.62,350.62,351,641
2026-04-30T19:05:00+00:00,351,351.8,350.86,351.74,608
2026-04-30T19:10:00+00:00,351.74,352.38,351.42,352.33,449
2026-04-30T19:15:00+00:00,352.33,352.51,352.08,352.37,532
2026-04-30T19:20:00+00:00,352.37,352.64,352.15999999999997,352.23,626
2026-04-30T19:25:00+00:00,352.23,352.7,352.05,352.40999999999997,527
2026-04-30T19:30:00+00:00,352.40999999999997,353.3,352.09999999999997,353,814
2026-04-30T19:35:00+00:00,353,353.05,352.33,352.89,567
2026-04-30T19:40:00+00:00,352.89,353.05,352.49,352.73,587
2026-04-30T19:45:00+00:00,352.73,353.44,352.71,353.38,715
2026-04-30T19:50:00+00:00,353.38,354.09999999999997,352.84999999999997,353.71,1157
2026-04-30T19:55:00+00:00,353.71,354.56,353.71,354.25,1734
2026-05-01T13:30:00+00:00,354.25,355.25,349.15,354.21,971
2026-05-01T13:35:00+00:00,354.21,356.78,352.34999999999997,356.65999999999997,1011
2026-05-01T13:40:00+00:00,356.65999999999997,357.59999999999997,353.96,354.25,900
2026-05-01T13:45:00+00:00,354.25,354.36,351.05,351.59,700
2026-05-01T13:50:00+00:00,351.59,353.65999999999997,351.15,352.39,709
2026-05-01T13:55:00+00:00,352.39,355.89,352.24,355.84,847
2026-05-01T14:00:00+00:00,355.84,356.71,355.08,355.9,717
2026-05-01T14:05:00+00:00,355.9,355.92,353.14,353.23,725
2026-05-01T14:10:00+00:00,353.23,355.75,353.15,354.42,600
2026-05-01T14:15:00+00:00,354.42,354.48,352.58,353.75,546
2026-05-01T14:20:00+00:00,353.75,353.9,352.48,352.56,492
2026-05-01T14:25:00+00:00,352.56,353.79,351.74,351.75,584
2026-05-01T14:30:00+00:00,351.75,352.61,350.15,350.49,647
2026-05-01T14:35:00+00:00,350.49,351.46,348.93,350.98,779
2026-05-01T14:40:00+00:00,350.98,352.84999999999997,350.65999999999997,352.17,687
2026-05-01T14:45:00+00:00,352.17,352.82,351.84999999999997,352.07,470
2026-05-01T14:50:00+00:00,352.07,352.53,350.65,351.65999999999997,474
2026-05-01T14:55:00+00:00,351.65999999999997,352.28,351.09,351.09,442.95098963242225
2026-05-01T15:00:00+00:00,351.09,351.90999999999997,350.46,351.56,437
2026-05-01T15:05:00+00:00,351.56,352.69,351.41999999999996,352.44,408
2026-05-01T15:10:00+00:00,352.44,352.99,351.75,352.82,341
2026-05-01T15:15:00+00:00,352.82,354.21,352.78999999999996,353.87,539
2026-05-01T15:20:00+00:00,353.87,354,352.76,352.77,331
2026-05-01T15:25:00+00:00,352.77,353.78,352.66999999999996,353.52,307
2026-05-01T15:30:00+00:00,353.52,354.19,353.28999999999996,353.71,338
2026-05-01T15:35:00+00:00,353.71,354.5,353.56,354.13,314
2026-05-01T15:40:00+00:00,354.13,354.72999999999996,353.97999999999996,354.37,349
2026-05-01T15:45:00+00:00,354.37,354.88,354.28,354.33,288
2026-05-01T15:50:00+00:00,354.33,354.41999999999996,352.66999999999996,354.03999999999996,513
2026-05-01T15:55:00+00:00,354.03999999999996,354.81,354.02,354.69,282
2026-05-01T16:00:00+00:00,354.69,355.65,354.5,354.71999999999997,335
2026-05-01T16:05:00+00:00,354.71999999999997,355.31,354.7,354.91999999999996,288
2026-05-01T16:10:00+00:00,354.91999999999996,356.27,354.9,355.59999999999997,433
2026-05-01T16:15:00+00:00,355.59999999999997,356.88,355.57,356.72999999999996,414
2026-05-01T16:20:00+00:00,356.72999999999996,357.64,356.34999999999997,357.09999999999997,603
2026-05-01T16:25:00+00:00,357.09999999999997,357.26,355.97999999999996,356.15999999999997,479
2026-05-01T16:30:00+00:00,356.15999999999997,356.81,355.93,356.37,376
2026-05-01T16:35:00+00:00,356.37,357.35999999999996,356.21999999999997,357.13,354
2026-05-01T16:40:00+00:00,357.13,357.69,356.71999999999997,357.16999999999996,356
2026-05-01T16:45:00+00:00,357.16999999999996,358.05,356.51,356.96,422
2026-05-01T16:50:00+00:00,356.96,357.90999999999997,356.71999999999997,357.38,343
2026-05-01T16:55:00+00:00,357.38,358.26,357.37,357.97999999999996,319
2026-05-01T17:00:00+00:00,357.97999999999996,358.71,357.77,358.53,398
2026-05-01T17:05:00+00:00,358.53,358.81,358.05,358.65999999999997,334
2026-05-01T17:10:00+00:00,358.65999999999997,359.59999999999997,358.21,359.46,368
2026-05-01T17:15:00+00:00,359.46,359.60999999999996,358.71999999999997,359.33,389
2026-05-01T17:20:00+00:00,359.33,359.71,358.84999999999997,359.21999999999997,388
2026-05-01T17:25:00+00:00,359.21999999999997,359.46999999999997,358.53,359.45,303
2026-05-01T17:30:00+00:00,359.45,360.08,359.21,359.82,441
2026-05-01T17:35:00+00:00,359.82,360.39,359.66999999999996,360.09,345
2026-05-01T17:40:00+00:00,360.09,361.71,360.07,361.64,535
2026-05-01T17:45:00+00:00,361.64,362.28,361.02,362.10999999999996,474
2026-05-01T17:50:00+00:00,362.10999999999996,362.4,361.26,361.44,519
2026-05-01T17:55:00+00:00,361.44,361.88,361.28,361.56,295
2026-05-01T18:00:00+00:00,361.56,361.75,360.85999999999996,361.19,427
2026-05-01T18:05:00+00:00,361.19,361.41999999999996,360.99,361.25,358
2026-05-01T18:10:00+00:00,361.25,361.85999999999996,360.37,360.43,542
2026-05-01T18:15:00+00:00,360.43,361.03,360.15999999999997,360.62,436
2026-05-01T18:20:00+00:00,360.62,361.15999999999997,360.46,360.97999999999996,240
2026-05-01T18:25:00+00:00,360.97999999999996,361,359.97999999999996,360.28999999999996,291
2026-05-01T18:30:00+00:00,360.28999999999996,360.28999999999996,359.34999999999997,359.49,473
2026-05-01T18:35:00+00:00,359.49,359.65,358.74,358.74,358
2026-05-01T18:40:00+00:00,358.74,358.91999999999996,358.15999999999997,358.26,480
2026-05-01T18:45:00+00:00,358.26,358.38,357.21,357.64,514
2026-05-01T18:50:00+00:00,357.64,357.85999999999996,356.9,357.03999999999996,427
2026-05-01T18:55:00+00:00,357.03999999999996,357.76,357.02,357.40999999999997,367
2026-05-01T19:00:00+00:00,357.40999999999997,357.9,356.94,357.84999999999997,287
2026-05-01T19:05:00+00:00,357.84999999999997,358.82,357.68,358.76,293
2026-05-01T19:10:00+00:00,358.76,359.57,358.44,359.40999999999997,339
2026-05-01T19:15:00+00:00,359.40999999999997,361.5,359.31,361.31,377
2026-05-01T19:20:00+00:00,361.31,361.35999999999996,360.57,361.10999999999996,457
2026-05-01T19:25:00+00:00,361.10999999999996,361.53999999999996,360.39,360.71,345
2026-05-01T19:30:00+00:00,360.71,360.76,359.78,359.78,385
2026-05-01T19:35:00+00:00,359.78,359.78,359.15999999999997,359.55,383
2026-05-01T19:40:00+00:00,359.55,360.07,359.40999999999997,359.5,413
2026-05-01T19:45:00+00:00,359.5,359.53,357.96999999999997,358.89,574
2026-05-01T19:50:00+00:00,358.89,360.21999999999997,358.76,360.03,711
2026-05-01T19:55:00+00:00,360.03,360.4,359.38,359.89,1018
2026-05-04T13:30:00+00:00,359.89,361.19,355.37,355.65999999999997,1080
2026-05-04T13:35:00+00:00,355.65999999999997,355.68,348.65999999999997,349.08,1283
2026-05-04T13:40:00+00:00,349.08,351.97999999999996,348.34,348.88,1117
2026-05-04T13:45:00+00:00,348.88,348.93,346.3,346.33,1240
2026-05-04T13:50:00+00:00,346.33,349.60999999999996,346.16999999999996,348.85999999999996,1223
2026-05-04T13:55:00+00:00,348.85999999999996,352,348.27,351.83,944
2026-05-04T14:00:00+00:00,351.83,352.72999999999996,349.55,350.07,917
2026-05-04T14:05:00+00:00,350.07,350.51,348.18,349.18,854
2026-05-04T14:10:00+00:00,349.18,349.81,346.93,346.93,845
2026-05-04T14:15:00+00:00,346.93,346.93,343.46,344.37,1038
2026-05-04T14:20:00+00:00,344.37,345.90999999999997,344.09,344.34,867
2026-05-04T14:25:00+00:00,344.34,345.21,342.5,342.53,1040
2026-05-04T14:30:00+00:00,342.53,345.58,342.35999999999996,343.99,877
2026-05-04T14:35:00+00:00,343.99,345.83,343.65999999999997,345.71999999999997,674
2026-05-04T14:40:00+00:00,345.71999999999997,347.13,345.35999999999996,346.65,682
2026-05-04T14:45:00+00:00,346.65,347.82,346.65,346.96999999999997,652
2026-05-04T14:50:00+00:00,346.96999999999997,347,345.65999999999997,346.09,614
2026-05-04T14:55:00+00:00,346.09,347.45,345.34,346.39,852
2026-05-04T15:00:00+00:00,346.39,346.83,345.3,345.89,887
2026-05-04T15:05:00+00:00,345.89,346.08,344.96,345.69,606
2026-05-04T15:10:00+00:00,345.69,346.2,344,344.25,591
2026-05-04T15:15:00+00:00,344.25,344.62,342.85999999999996,342.85999999999996,701
2026-05-04T15:20:00+00:00,342.85999999999996,342.9,339.81,339.83,1349
2026-05-04T15:25:00+00:00,339.83,342.38,339.78,341.68,1084
2026-05-04T15:30:00+00:00,341.68,341.94,340.37,341.37,819
2026-05-04T15:35:00+00:00,341.37,341.38,339.38,339.83,974
2026-05-04T15:40:00+00:00,339.83,341.64,338.35999999999996,341.45,819
2026-05-04T15:45:00+00:00,341.45,341.81,340.90999999999997,341.10999999999996,708
2026-05-04T15:50:00+00:00,341.10999999999996,342.07,339.91999999999996,341.91999999999996,809
2026-05-04T15:55:00+00:00,341.91999999999996,342.28,341.4,341.63,629
2026-05-04T16:00:00+00:00,341.63,341.82,340.78999999999996,341.82,589
2026-05-04T16:05:00+00:00,341.82,341.96999999999997,339.34999999999997,339.69,1029
2026-05-04T16:10:00+00:00,339.69,340.43,338.68,339.53999999999996,695
2026-05-04T16:15:00+00:00,339.53999999999996,340.51,338.49,339.94,1038
2026-05-04T16:20:00+00:00,339.94,340.5,339.65,340.28,720
2026-05-04T16:25:00+00:00,340.28,341.09,340.21,340.59,582
2026-05-04T16:30:00+00:00,340.59,341.53,340.41999999999996,341.18,519
2026-05-04T16:35:00+00:00,341.18,341.25,339.55,340.24,564
2026-05-04T16:40:00+00:00,340.24,341.57,340.22999999999996,341.2,565
2026-05-04T16:45:00+00:00,341.2,341.71999999999997,340.41999999999996,341.69,582
2026-05-04T16:50:00+00:00,341.69,342.01,340.82,341.78,671
2026-05-04T16:55:00+00:00,341.78,342.84,341.76,341.93,584
2026-05-04T17:00:00+00:00,341.93,343.19,341.78999999999996,342.78999999999996,703
2026-05-04T17:05:00+00:00,342.78999999999996,343.06,342.40999999999997,342.7,559
2026-05-04T17:10:00+00:00,342.7,342.96999999999997,341.78,342.02,457
2026-05-04T17:15:00+00:00,342.02,343.65999999999997,341.87,343.33,703
2026-05-04T17:20:00+00:00,343.33,343.53,342.91999999999996,343.27,505
2026-05-04T17:25:00+00:00,343.27,344.07,343.26,343.93,536
2026-05-04T17:30:00+00:00,343.93,344.39,343.27,343.28,567
2026-05-04T17:35:00+00:00,343.28,343.4,342.85999999999996,343.32,554
2026-05-04T17:40:00+00:00,343.32,343.57,342.97999999999996,343.06,502
2026-05-04T17:45:00+00:00,343.06,343.15,342.65999999999997,342.93,450
2026-05-04T17:50:00+00:00,342.93,343.52,342.85999999999996,342.89,597
2026-05-04T17:55:00+00:00,342.89,344.03999999999996,342.87,343.84999999999997,425
2026-05-04T18:00:00+00:00,343.84999999999997,344.46999999999997,343.65999999999997,344,472
2026-05-04T18:05:00+00:00,344,344.13,343.57,343.69,485
2026-05-04T18:10:00+00:00,343.69,343.91999999999996,343.34999999999997,343.66999999999996,501
2026-05-04T18:15:00+00:00,343.66999999999996,343.83,342.90999999999997,343.15999999999997,452
2026-05-04T18:20:00+00:00,343.15999999999997,343.59,343,343.47999999999996,577
2026-05-04T18:25:00+00:00,343.47999999999996,343.91999999999996,342.38,343.82,673
2026-05-04T18:30:00+00:00,343.82,343.87,343.18,343.49,583
2026-05-04T18:35:00+00:00,343.49,343.7,343.07,343.24,391
2026-05-04T18:40:00+00:00,343.24,343.47999999999996,342.46,342.57,614
2026-05-04T18:45:00+00:00,342.57,342.63,341.90999999999997,342.59999999999997,801
2026-05-04T18:50:00+00:00,342.59999999999997,342.74,341.88,342.03999999999996,632
2026-05-04T18:55:00+00:00,342.03999999999996,342.7,341.99,342.47999999999996,560
2026-05-04T19:00:00+00:00,342.47999999999996,342.62,342.03,342.28999999999996,593
2026-05-04T19:05:00+00:00,342.28999999999996,343.14,341.91999999999996,342.71,783
2026-05-04T19:10:00+00:00,342.71,343,342.58,342.72999999999996,463
2026-05-04T19:15:00+00:00,342.72999999999996,342.94,341.43,341.53,584
2026-05-04T19:20:00+00:00,341.53,341.78999999999996,341.06,341.34,496
2026-05-04T19:25:00+00:00,341.34,342.16999999999996,341.03,342,649
2026-05-04T19:30:00+00:00,342,343.13,341.87,342.83,630
2026-05-04T19:35:00+00:00,342.83,343.10999999999996,342.35999999999996,342.77,495
2026-05-04T19:40:00+00:00,342.77,343.59999999999997,342.65999999999997,343.34999999999997,600
2026-05-04T19:45:00+00:00,343.34999999999997,344.56,343.26,343.93,965
2026-05-04T19:50:00+00:00,343.93,343.93,341.96999999999997,341.97999999999996,836
2026-05-04T19:55:00+00:00,341.97999999999996,341.97999999999996,340.62,341.03,1718
2026-05-05T13:30:00+00:00,341.03,354.08,341.03,347.07,1183
2026-05-05T13:35:00+00:00,347.07,350.49,345.91999999999996,350.4,1223
2026-05-05T13:40:00+00:00,350.4,352.21999999999997,349.15999999999997,350.51,1149
2026-05-05T13:45:00+00:00,350.51,350.95,348.57,349.93,1078
2026-05-05T13:50:00+00:00,349.93,352.02,348.06,348.19,1174
2026-05-05T13:55:00+00:00,348.19,349.28,347.16999999999996,347.2,807
2026-05-05T14:00:00+00:00,347.2,348.89,346.60999999999996,348.37,730
2026-05-05T14:05:00+00:00,348.37,348.38,346.24,346.77,832
2026-05-05T14:10:00+00:00,346.77,347.2,345.35999999999996,345.99,817
2026-05-05T14:15:00+00:00,345.99,346.40999999999997,344.53999999999996,346.31,954
2026-05-05T14:20:00+00:00,346.31,349.81,346.27,349.58,904
2026-05-05T14:25:00+00:00,349.58,350.47999999999996,349.47999999999996,349.56,839
2026-05-05T14:30:00+00:00,349.56,351.81,349.56,351.69,865
2026-05-05T14:35:00+00:00,351.69,352.56,350.08,350.35999999999996,846
2026-05-05T14:40:00+00:00,350.35999999999996,352.39,349.89,350.78,723
2026-05-05T14:45:00+00:00,350.78,351.64,350.66999999999996,350.85999999999996,656
2026-05-05T14:50:00+00:00,350.85999999999996,351.41999999999996,349.69,351.40999999999997,615
2026-05-05T14:55:00+00:00,351.40999999999997,351.78999999999996,350.43,350.43,644
2026-05-05T15:00:00+00:00,350.43,350.71999999999997,349.99,350.64,546
2026-05-05T15:05:00+00:00,350.64,351.58,349.66999999999996,350.28999999999996,658
2026-05-05T15:10:00+00:00,350.28999999999996,351.39,349.91999999999996,351.25,554
2026-05-05T15:15:00+00:00,351.25,352.53,349.96,350.01,773
2026-05-05T15:20:00+00:00,350.01,351.35999999999996,349.68,350.89,574
2026-05-05T15:25:00+00:00,350.89,351.14,350.03,350.47999999999996,514
2026-05-05T15:30:00+00:00,350.47999999999996,352.47999999999996,350.32,352.43,624
2026-05-05T15:35:00+00:00,352.43,354.65,352.12,354.46999999999997,947
2026-05-05T15:40:00+00:00,354.46999999999997,355.02,353.35999999999996,353.97999999999996,596
2026-05-05T15:45:00+00:00,353.97999999999996,355.59,353.37,355.43,599
2026-05-05T15:50:00+00:00,355.43,355.83,354.81,355.15999999999997,631
2026-05-05T15:55:00+00:00,355.15999999999997,355.27,354.26,354.71,522
2026-05-05T16:00:00+00:00,354.71,355.08,353.57,353.68,541
2026-05-05T16:05:00+00:00,353.68,354.16999999999996,353.14,353.24,583
2026-05-05T16:10:00+00:00,353.24,353.91999999999996,352.89,353.66999999999996,479
2026-05-05T16:15:00+00:00,353.66999999999996,354.26,353.09,354.26,564
2026-05-05T16:20:00+00:00,354.26,354.59,353.91999999999996,354.22999999999996,426
2026-05-05T16:25:00+00:00,354.22999999999996,354.22999999999996,351.71,351.94,565
2026-05-05T16:30:00+00:00,351.94,352.51,351.21999999999997,351.66999999999996,529
2026-05-05T16:35:00+00:00,351.66999999999996,352.71,351.13,351.13,509
2026-05-05T16:40:00+00:00,351.13,352.41999999999996,350.91999999999996,352.2,443
2026-05-05T16:45:00+00:00,352.2,353.87,352.16999999999996,353.72999999999996,407
2026-05-05T16:50:00+00:00,353.72999999999996,354.28,353.4,353.9,354
2026-05-05T16:55:00+00:00,353.9,355.09999999999997,353.9,354.34,436
2026-05-05T17:00:00+00:00,354.34,354.56,354.03,354.49,422
2026-05-05T17:05:00+00:00,354.49,355.08,353.85999999999996,353.85999999999996,389
2026-05-05T17:10:00+00:00,353.85999999999996,354.18,353.66999999999996,353.93,388
2026-05-05T17:15:00+00:00,353.93,354.56,353.58,354.15,442
2026-05-05T17:20:00+00:00,354.15,354.32,353.4,353.55,315
2026-05-05T17:25:00+00:00,353.55,354.59999999999997,353.52,354.43,306
2026-05-05T17:30:00+00:00,354.43,354.7,354.18,354.32,390
2026-05-05T17:35:00+00:00,354.32,354.97999999999996,354.07,354.83,405
2026-05-05T17:40:00+00:00,354.83,355.28,354.69,355.02,404
2026-05-05T17:45:00+00:00,355.02,356.53999999999996,355.01,356.31,526
2026-05-05T17:50:00+00:00,356.31,356.46,355.71999999999997,355.78,470
2026-05-05T17:55:00+00:00,355.78,356.27,355.71,355.99,406
2026-05-05T18:00:00+00:00,355.99,358.28,355.87,358.09999999999997,731
2026-05-05T18:05:00+00:00,358.09999999999997,359.13,357.69,358.28,812
2026-05-05T18:10:00+00:00,358.28,358.78999999999996,357.44,357.46,519
2026-05-05T18:15:00+00:00,357.46,357.66999999999996,356.9,357.32,404
2026-05-05T18:20:00+00:00,357.32,357.63,356.68,356.72999999999996,387
2026-05-05T18:25:00+00:00,356.72999999999996,357.18,356.69,356.97999999999996,371
2026-05-05T18:30:00+00:00,356.97999999999996,357.60999999999996,356.69,357.35999999999996,574
2026-05-05T18:35:00+00:00,357.35999999999996,358.24,356.96,358.08,446
2026-05-05T18:40:00+00:00,358.08,358.75,357.59999999999997,357.88,502
2026-05-05T18:45:00+00:00,357.88,357.88,356.96,356.96,380
2026-05-05T18:50:00+00:00,356.96,357.03,355.37,356.01,586
2026-05-05T18:55:00+00:00,356.01,356.68,355.40999999999997,355.46,566
2026-05-05T19:00:00+00:00,355.46,355.96999999999997,354.82,354.83,528
2026-05-05T19:05:00+00:00,354.83,356.15,354.83,356.01,559
2026-05-05T19:10:00+00:00,356.01,356.45,355.66999999999996,355.95,497
2026-05-05T19:15:00+00:00,355.95,356.07,355.27,355.33,544
2026-05-05T19:20:00+00:00,355.33,355.34,352.71,352.84999999999997,694
2026-05-05T19:25:00+00:00,352.84999999999997,355.08,352.25,355.06,570
2026-05-05T19:30:00+00:00,355.06,355.72999999999996,354.71,355.69,572
2026-05-05T19:35:00+00:00,355.69,357.02,355.47999999999996,356.82,727
2026-05-05T19:40:00+00:00,356.82,357.49,355.69,355.84,767
2026-05-05T19:45:00+00:00,355.84,355.91999999999996,354.15999999999997,354.18,876
2026-05-05T19:50:00+00:00,354.18,354.78999999999996,352.89,353.47999999999996,1279
2026-05-05T19:55:00+00:00,353.47999999999996,355.24,353.15999999999997,354.74,1304
2026-05-06T13:30:00+00:00,354.74,426.44,354.74,426.09999999999997,2819
2026-05-06T13:35:00+00:00,426.09999999999997,428.02,419.2,422.74,2619
2026-05-06T13:40:00+00:00,422.74,429.32,421.46999999999997,427.69,1707
2026-05-06T13:45:00+00:00,427.69,429.74,419.74,420.47999999999996,1625
2026-05-06T13:50:00+00:00,420.47999999999996,421.46999999999997,416.15999999999997,417.19,1564
2026-05-06T13:55:00+00:00,417.19,417.82,410.96999999999997,410.97999999999996,1349
2026-05-06T14:00:00+00:00,410.97999999999996,413.02,409.16999999999996,409.87,1382
2026-05-06T14:05:00+00:00,409.87,414.81,408.22999999999996,414.5,1594
2026-05-06T14:10:00+00:00,414.5,415.9,410.76,412.68,1275
2026-05-06T14:15:00+00:00,412.68,413,403.78,404,1324
2026-05-06T14:20:00+00:00,404,405.58,401.71,403.75,1476
2026-05-06T14:25:00+00:00,403.75,408.45,403.69,405.34,1404
2026-05-06T14:30:00+00:00,405.34,408.60999999999996,404.40999999999997,408.60999999999996,1104
2026-05-06T14:35:00+00:00,408.60999999999996,409.72999999999996,406.16999999999996,409.46,1081
2026-05-06T14:40:00+00:00,409.46,411.5,408.68,409.28999999999996,1001
2026-05-06T14:45:00+00:00,409.28999999999996,411.46,409.28999999999996,410.32,1009
2026-05-06T14:50:00+00:00,410.32,412.96,408.68,412.03999999999996,884
2026-05-06T14:55:00+00:00,412.03999999999996,412.88,408.9,409.3299999999999,929.8997426155165
2026-05-06T15:00:00+00:00,409.3299999999999,409.5999999999999,406.67999999999995,407.24999999999994,923
2026-05-06T15:05:00+00:00,407.24999999999994,408.66999999999996,406.68999999999994,407.86999999999995,955
2026-05-06T15:10:00+00:00,407.86999999999995,410.4699999999999,407.3499999999999,410.17999999999995,962
2026-05-06T15:15:00+00:00,410.17999999999995,415.6499999999999,410.16999999999996,415.06999999999994,1007
2026-05-06T15:20:00+00:00,415.06999999999994,416.75999999999993,414.80999999999995,415.75999999999993,900
2026-05-06T15:25:00+00:00,415.75999999999993,417.10999999999996,415.5999999999999,416.75999999999993,764
2026-05-06T15:30:00+00:00,416.75999999999993,418.5299999999999,416.11999999999995,416.92999999999995,1007
2026-05-06T15:35:00+00:00,416.92999999999995,417.7199999999999,415.3499999999999,415.9099999999999,713
2026-05-06T15:40:00+00:00,415.9099999999999,415.9099999999999,413.8299999999999,414.8399999999999,689
2026-05-06T15:45:00+00:00,414.8399999999999,415.91999999999996,412.50999999999993,412.60999999999996,875
2026-05-06T15:50:00+00:00,412.60999999999996,415.8499999999999,412.5999999999999,415.8499999999999,593
2026-05-06T15:55:00+00:00,415.8499999999999,416.38999999999993,413.35999999999996,413.7799999999999,645
2026-05-06T16:00:00+00:00,413.7799999999999,415.66999999999996,413.36999999999995,414.86999999999995,495
2026-05-06T16:05:00+00:00,414.86999999999995,415.35999999999996,413.06999999999994,413.61999999999995,563
2026-05-06T16:10:00+00:00,413.61999999999995,414.60999999999996,413.3499999999999,413.87999999999994,488
2026-05-06T16:15:00+00:00,413.87999999999994,414.1599999999999,411.3399999999999,411.5399999999999,650
2026-05-06T16:20:00+00:00,411.5399999999999,412.0999999999999,410.93999999999994,411.93999999999994,621
2026-05-06T16:25:00+00:00,411.93999999999994,412.75999999999993,411.10999999999996,412.1499999999999,533
2026-05-06T16:30:00+00:00,412.1499999999999,413.30999999999995,412.0899999999999,413.04999999999995,526
2026-05-06T16:35:00+00:00,413.04999999999995,413.99999999999994,411.5899999999999,413.8499999999999,507
2026-05-06T16:40:00+00:00,413.8499999999999,414.61999999999995,412.5399999999999,412.55999999999995,548
2026-05-06T16:45:00+00:00,412.55999999999995,413.25999999999993,411.05999999999995,411.2199999999999,589
2026-05-06T16:50:00+00:00,411.2199999999999,411.8999999999999,410.2699999999999,410.74999999999994,521
2026-05-06T16:55:00+00:00,410.74999999999994,412.2799999999999,410.5899999999999,411.44999999999993,664
2026-05-06T17:00:00+00:00,411.44999999999993,413.81999999999994,410.94999999999993,413.6499999999999,573
2026-05-06T17:05:00+00:00,413.6499999999999,413.92999999999995,412.9099999999999,413.16999999999996,452
2026-05-06T17:10:00+00:00,413.16999999999996,415.0799999999999,413.0899999999999,413.8499999999999,549
2026-05-06T17:15:00+00:00,413.8499999999999,414.91999999999996,413.8399999999999,414.68999999999994,416
2026-05-06T17:20:00+00:00,414.68999999999994,415.16999999999996,413.86999999999995,414.1599999999999,408
2026-05-06T17:25:00+00:00,414.1599999999999,414.63999999999993,413.8499999999999,413.97999999999996,436
2026-05-06T17:30:00+00:00,413.97999999999996,415.3499999999999,413.94999999999993,414.9599999999999,400
2026-05-06T17:35:00+00:00,414.9599999999999,416.0999999999999,414.36999999999995,415.0899999999999,468
2026-05-06T17:40:00+00:00,415.0899999999999,416.0399999999999,414.69999999999993,415.93999999999994,393
2026-05-06T17:45:00+00:00,415.93999999999994,416.04999999999995,413.87999999999994,413.99999999999994,423
2026-05-06T17:50:00+00:00,413.99999999999994,415.2799999999999,413.7799999999999,414.94999999999993,429
2026-05-06T17:55:00+00:00,414.94999999999993,416.85999999999996,414.81999999999994,416.63999999999993,442
2026-05-06T18:00:00+00:00,416.63999999999993,417.06999999999994,415.94999999999993,416.0899999999999,481
2026-05-06T18:05:00+00:00,416.0899999999999,418.2199999999999,415.9599999999999,417.54999999999995,548
2026-05-06T18:10:00+00:00,417.54999999999995,418.2199999999999,417.3399999999999,417.5899999999999,461
2026-05-06T18:15:00+00:00,417.5899999999999,417.8399999999999,416.3399999999999,416.54999999999995,451
2026-05-06T18:20:00+00:00,416.54999999999995,418.6599999999999,416.5399999999999,418.29999999999995,456
2026-05-06T18:25:00+00:00,418.29999999999995,419.86999999999995,417.0899999999999,419.75999999999993,620
2026-05-06T18:30:00+00:00,419.75999999999993,421.3499999999999,419.13999999999993,421.17999999999995,784
2026-05-06T18:35:00+00:00,421.17999999999995,422.73999999999995,421.13999999999993,421.63999999999993,845
2026-05-06T18:40:00+00:00,421.63999999999993,422.75999999999993,420.73999999999995,422.2199999999999,619
2026-05-06T18:45:00+00:00,422.2199999999999,422.68999999999994,419.4599999999999,419.7099999999999,681
2026-05-06T18:50:00+00:00,419.7099999999999,419.9599999999999,418.94999999999993,419.3999999999999,517
2026-05-06T18:55:00+00:00,419.3999999999999,419.7199999999999,418.0299999999999,418.13999999999993,511
2026-05-06T19:00:00+00:00,418.13999999999993,418.2699999999999,416.92999999999995,417.38999999999993,621
2026-05-06T19:05:00+00:00,417.38999999999993,419.49999999999994,417.36999999999995,418.86999999999995,569
2026-05-06T19:10:00+00:00,418.86999999999995,419.2099999999999,417.5899999999999,418.41999999999996,530
2026-05-06T19:15:00+00:00,418.41999999999996,419.7699999999999,418.4099999999999,419.4599999999999,382
2026-05-06T19:20:00+00:00,419.4599999999999,420.6499999999999,419.44999999999993,419.6599999999999,507
2026-05-06T19:25:00+00:00,419.6599999999999,420.25999999999993,419.36999999999995,419.41999999999996,416
2026-05-06T19:30:00+00:00,419.41999999999996,419.41999999999996,417.86999999999995,418.54999999999995,604
2026-05-06T19:35:00+00:00,418.54999999999995,419.11999999999995,417.60999999999996,418.99999999999994,554
2026-05-06T19:40:00+00:00,418.99999999999994,419.2699999999999,416.3399999999999,416.35999999999996,583
2026-05-06T19:45:00+00:00,416.35999999999996,418.16999999999996,416.3399999999999,417.6599999999999,587
2026-05-06T19:50:00+00:00,417.6599999999999,419.5899999999999,417.0299999999999,419.3399999999999,905
2026-05-06T19:55:00+00:00,419.3399999999999,421.5899999999999,418.3999999999999,421.48999999999995,1466
2026-05-07T13:30:00+00:00,421.48999999999995,421.48999999999995,412.9099999999999,415.29999999999995,1181
2026-05-07T13:35:00+00:00,415.29999999999995,419.44999999999993,413.4099999999999,416.9699999999999,1335
2026-05-07T13:40:00+00:00,416.9699999999999,417.18999999999994,410.3399999999999,410.66999999999996,1119
2026-05-07T13:45:00+00:00,410.66999999999996,414.61999999999995,410.5399999999999,413.0199999999999,1133
2026-05-07T13:50:00+00:00,413.0199999999999,417.0199999999999,410.88999999999993,416.5799999999999,1055
2026-05-07T13:55:00+00:00,416.5799999999999,417.6599999999999,414.85999999999996,414.87999999999994,827
2026-05-07T14:00:00+00:00,414.87999999999994,415.1499999999999,411.62999999999994,412.67999999999995,757
2026-05-07T14:05:00+00:00,412.67999999999995,414.99999999999994,411.8999999999999,414.6499999999999,779
2026-05-07T14:10:00+00:00,414.6499999999999,417.2799999999999,413.72999999999996,416.11999999999995,792
2026-05-07T14:15:00+00:00,416.11999999999995,419.4099999999999,416.11999999999995,419.25999999999993,842
2026-05-07T14:20:00+00:00,419.25999999999993,421.42999999999995,418.79999999999995,419.30999999999995,970
2026-05-07T14:25:00+00:00,419.30999999999995,420.3399999999999,418.61999999999995,418.88999999999993,707
2026-05-07T14:30:00+00:00,418.88999999999993,420.49999999999994,418.3499999999999,419.4099999999999,697
2026-05-07T14:35:00+00:00,419.4099999999999,421.43999999999994,419.3499999999999,419.66999999999996,709
2026-05-07T14:40:00+00:00,419.66999999999996,420.7199999999999,418.9699999999999,419.38999999999993,666
2026-05-07T14:45:00+00:00,419.38999999999993,420.17999999999995,416.85999999999996,416.9699999999999,717
2026-05-07T14:50:00+00:00,416.9699999999999,418.67999999999995,416.0799999999999,416.86999999999995,717
2026-05-07T14:55:00+00:00,416.86999999999995,417.19999999999993,414.1499999999999,414.1599999999999,658
2026-05-07T15:00:00+00:00,414.1599999999999,414.42999999999995,412.8399999999999,413.97999999999996,649
2026-05-07T15:05:00+00:00,413.97999999999996,413.97999999999996,411.61999999999995,413.24999999999994,754
2026-05-07T15:10:00+00:00,413.24999999999994,413.4699999999999,411.0999999999999,411.41999999999996,623
2026-05-07T15:15:00+00:00,411.41999999999996,411.93999999999994,410.87999999999994,411.62999999999994,528
2026-05-07T15:20:00+00:00,411.62999999999994,411.86999999999995,410.5199999999999,411.6499999999999,593
2026-05-07T15:25:00+00:00,411.6499999999999,412.75999999999993,410.60999999999996,411.0199999999999,670
2026-05-07T15:30:00+00:00,411.0199999999999,412.0899999999999,409.8499999999999,411.9599999999999,661
2026-05-07T15:35:00+00:00,411.9599999999999,412.42999999999995,411.04999999999995,411.7899999999999,429
2026-05-07T15:40:00+00:00,411.7899999999999,411.86999999999995,410.2899999999999,410.60999999999996,557
2026-05-07T15:45:00+00:00,410.60999999999996,410.66999999999996,409.7899999999999,409.85999999999996,563
2026-05-07T15:50:00+00:00,409.85999999999996,409.99999999999994,407.3499999999999,408.72999999999996,724
2026-05-07T15:55:00+00:00,408.72999999999996,408.72999999999996,405.88999999999993,406.99999999999994,765
2026-05-07T16:00:00+00:00,406.99999999999994,407.94999999999993,406.35999999999996,407.86999999999995,667
2026-05-07T16:05:00+00:00,407.86999999999995,407.86999999999995,405.22999999999996,406.13999999999993,748
2026-05-07T16:10:00+00:00,406.13999999999993,406.3499999999999,403.68999999999994,403.98999999999995,747
2026-05-07T16:15:00+00:00,403.98999999999995,404.38999999999993,402.2099999999999,402.8299999999999,946
2026-05-07T16:20:00+00:00,402.8299999999999,404.92999999999995,402.2099999999999,404.75999999999993,767
2026-05-07T16:25:00+00:00,404.75999999999993,406.8499999999999,404.72999999999996,405.9699999999999,638
2026-05-07T16:30:00+00:00,405.9699999999999,408.16999999999996,405.1499999999999,407.6599999999999,545
2026-05-07T16:35:00+00:00,407.6599999999999,407.8399999999999,405.1499999999999,405.6499999999999,520
2026-05-07T16:40:00+00:00,405.6499999999999,406.5799999999999,405.1499999999999,405.69999999999993,448
2026-05-07T16:45:00+00:00,405.69999999999993,406.6599999999999,405.5899999999999,405.85999999999996,419
2026-05-07T16:50:00+00:00,405.85999999999996,407.12999999999994,404.68999999999994,406.6599999999999,503
2026-05-07T16:55:00+00:00,406.6599999999999,406.9099999999999,404.37999999999994,406.3399999999999,470
2026-05-07T17:00:00+00:00,406.3399999999999,406.5799999999999,404.8499999999999,404.87999999999994,419
2026-05-07T17:05:00+00:00,404.87999999999994,405.8499999999999,403.69999999999993,403.7099999999999,515
2026-05-07T17:10:00+00:00,403.7099999999999,403.94999999999993,402.60999999999996,403.24999999999994,534
2026-05-07T17:15:00+00:00,403.24999999999994,403.24999999999994,401.48999999999995,401.54999999999995,551
2026-05-07T17:20:00+00:00,401.54999999999995,404.54999999999995,401.22999999999996,403.93999999999994,683
2026-05-07T17:25:00+00:00,403.93999999999994,404.47999999999996,400.91999999999996,403.0999999999999,984
2026-05-07T17:30:00+00:00,403.0999999999999,405.05999999999995,402.47999999999996,404.75999999999993,583
2026-05-07T17:35:00+00:00,404.75999999999993,407.0199999999999,404.6499999999999,406.5399999999999,541
2026-05-07T17:40:00+00:00,406.5399999999999,407.25999999999993,405.35999999999996,405.81999999999994,368
2026-05-07T17:45:00+00:00,405.81999999999994,406.3999999999999,405.04999999999995,405.13999999999993,423
2026-05-07T17:50:00+00:00,405.13999999999993,405.1499999999999,404.3399999999999,404.7799999999999,356
2026-05-07T17:55:00+00:00,404.7799999999999,407.5199999999999,404.7799999999999,407.29999999999995,629
2026-05-07T18:00:00+00:00,407.29999999999995,408.6599999999999,407.22999999999996,407.7799999999999,493
2026-05-07T18:05:00+00:00,407.7799999999999,408.5199999999999,406.25999999999993,406.29999999999995,481
2026-05-07T18:10:00+00:00,406.29999999999995,407.05999999999995,405.47999999999996,405.7099999999999,573
2026-05-07T18:15:00+00:00,405.7099999999999,407.1599999999999,404.62999999999994,406.2799999999999,595
2026-05-07T18:20:00+00:00,406.2799999999999,406.41999999999996,404.9599999999999,405.3499999999999,450
2026-05-07T18:25:00+00:00,405.3499999999999,405.54999999999995,404.29999999999995,404.7199999999999,555
2026-05-07T18:30:00+00:00,404.7199999999999,406.05999999999995,404.47999999999996,405.4599999999999,448
2026-05-07T18:35:00+00:00,405.4599999999999,406.0999999999999,404.7199999999999,405.92999999999995,468
2026-05-07T18:40:00+00:00,405.92999999999995,406.2099999999999,404.80999999999995,405.17999999999995,481
2026-05-07T18:45:00+00:00,405.17999999999995,405.9699999999999,404.63999999999993,404.97999999999996,625
2026-05-07T18:50:00+00:00,404.97999999999996,405.22999999999996,404.18999999999994,405.0399999999999,506
2026-05-07T18:55:00+00:00,405.0399999999999,407.17999999999995,404.37999999999994,406.48999999999995,681
2026-05-07T19:00:00+00:00,406.48999999999995,406.62999999999994,405.6499999999999,405.80999999999995,378
2026-05-07T19:05:00+00:00,405.80999999999995,406.42999999999995,405.0299999999999,405.72999999999996,508
2026-05-07T19:10:00+00:00,405.72999999999996,407.69999999999993,405.44999999999993,406.7699999999999,471
2026-05-07T19:15:00+00:00,406.7699999999999,406.98999999999995,405.04999999999995,405.63999999999993,579
2026-05-07T19:20:00+00:00,405.63999999999993,406.3399999999999,404.94999999999993,405.23999999999995,461
2026-05-07T19:25:00+00:00,405.23999999999995,406.04999999999995,404.9599999999999,405.36999999999995,551
2026-05-07T19:30:00+00:00,405.36999999999995,407.44999999999993,405.19999999999993,407.3299999999999,490
2026-05-07T19:35:00+00:00,407.3299999999999,408.9099999999999,407.19999999999993,408.86999999999995,430
2026-05-07T19:40:00+00:00,408.86999999999995,409.19999999999993,407.72999999999996,408.12999999999994,416
2026-05-07T19:45:00+00:00,408.12999999999994,408.55999999999995,408.05999999999995,408.25999999999993,486
2026-05-07T19:50:00+00:00,408.25999999999993,409.5199999999999,407.29999999999995,407.37999999999994,1019
2026-05-07T19:55:00+00:00,407.37999999999994,408.56999999999994,407.35999999999996,408.0999999999999,1239
2026-05-08T13:30:00+00:00,408.0999999999999,425.24999999999994,408.0999999999999,423.94999999999993,1081
2026-05-08T13:35:00+00:00,423.94999999999993,429.72999999999996,423.5999999999999,429.42999999999995,1315
2026-05-08T13:40:00+00:00,429.42999999999995,431.4699999999999,428.38999999999993,428.92999999999995,1371
2026-05-08T13:45:00+00:00,428.92999999999995,433.00999999999993,428.8499999999999,432.8999999999999,1178
2026-05-08T13:50:00+00:00,432.8999999999999,434.48999999999995,431.6499999999999,431.9699999999999,1031
2026-05-08T13:55:00+00:00,431.9699999999999,432.7699999999999,429.93999999999994,432.2699999999999,966
2026-05-08T14:00:00+00:00,432.2699999999999,433.69999999999993,431.41999999999996,433.0799999999999,779
2026-05-08T14:05:00+00:00,433.0799999999999,436.9699999999999,432.86999999999995,436.36999999999995,1125
2026-05-08T14:10:00+00:00,436.36999999999995,436.54999999999995,433.5399999999999,434.25999999999993,1039
2026-05-08T14:15:00+00:00,434.25999999999993,436.1499999999999,433.92999999999995,435.16999999999996,938
2026-05-08T14:20:00+00:00,435.16999999999996,438.9699999999999,434.66999999999996,438.94999999999993,957
2026-05-08T14:25:00+00:00,438.94999999999993,440.9099999999999,435.18999999999994,435.30999999999995,1106
2026-05-08T14:30:00+00:00,435.30999999999995,435.8999999999999,434.05999999999995,435.3499999999999,893
2026-05-08T14:35:00+00:00,435.3499999999999,435.36999999999995,431.94999999999993,433.31999999999994,876
2026-05-08T14:40:00+00:00,433.31999999999994,434.5299999999999,432.86999999999995,434.2199999999999,891
2026-05-08T14:45:00+00:00,434.2199999999999,434.94999999999993,433.19999999999993,434.05999999999995,779
2026-05-08T14:50:00+00:00,434.05999999999995,434.4599999999999,432.60999999999996,433.5299999999999,696
2026-05-08T14:55:00+00:00,433.5299999999999,436.29999999999995,433.44999999999993,435.3499999999999,805.8575335330121
2026-05-08T15:00:00+00:00,435.3499999999999,435.6599999999999,433.9099999999999,434.8099999999999,673
2026-05-08T15:05:00+00:00,434.8099999999999,437.0299999999999,434.5199999999999,435.5199999999999,819
2026-05-08T15:10:00+00:00,435.5199999999999,436.5699999999999,434.8699999999999,435.6499999999999,676
2026-05-08T15:15:00+00:00,435.6499999999999,436.0899999999999,433.7999999999999,435.3799999999999,759
2026-05-08T15:20:00+00:00,435.3799999999999,437.0099999999999,435.1799999999999,435.8899999999999,618
2026-05-08T15:25:00+00:00,435.8899999999999,436.3799999999999,435.2599999999999,435.7199999999999,661
2026-05-08T15:30:00+00:00,435.7199999999999,435.8299999999999,433.9899999999999,435.5699999999999,659
2026-05-08T15:35:00+00:00,435.5699999999999,438.7999999999999,435.5399999999999,437.2099999999999,771
2026-05-08T15:40:00+00:00,437.2099999999999,438.8799999999999,437.2099999999999,438.6299999999999,616
2026-05-08T15:45:00+00:00,438.6299999999999,439.8599999999999,438.4699999999999,439.3299999999999,646
2026-05-08T15:50:00+00:00,439.3299999999999,442.4099999999999,439.2999999999999,442.4099999999999,721
2026-05-08T15:55:00+00:00,442.4099999999999,444.5699999999999,441.1199999999999,441.2599999999999,846
2026-05-08T16:00:00+00:00,441.2599999999999,442.2599999999999,439.2299999999999,439.2399999999999,734
2026-05-08T16:05:00+00:00,439.2399999999999,440.6699999999999,439.1699999999999,440.5999999999999,621
2026-05-08T16:10:00+00:00,440.5999999999999,442.3099999999999,439.4399999999999,442.1299999999999,668
2026-05-08T16:15:00+00:00,442.1299999999999,442.6799999999999,440.8199999999999,440.8399999999999,535
2026-05-08T16:20:00+00:00,440.8399999999999,441.7199999999999,440.2999999999999,441.4499999999999,544
2026-05-08T16:25:00+00:00,441.4499999999999,443.4899999999999,441.4499999999999,443.4199999999999,624
2026-05-08T16:30:00+00:00,443.4199999999999,445.6899999999999,443.1899999999999,445.2299999999999,730
2026-05-08T16:35:00+00:00,445.2299999999999,445.2399999999999,442.4999999999999,444.0199999999999,724
2026-05-08T16:40:00+00:00,444.0199999999999,444.5099999999999,441.8399999999999,442.0499999999999,620
2026-05-08T16:45:00+00:00,442.0499999999999,443.3399999999999,440.1899999999999,440.7299999999999,772
2026-05-08T16:50:00+00:00,440.7299999999999,441.3899999999999,440.1899999999999,440.4899999999999,805
2026-05-08T16:55:00+00:00,440.4899999999999,442.3499999999999,440.3299999999999,441.9999999999999,629
2026-05-08T17:00:00+00:00,441.9999999999999,445.3999999999999,441.9899999999999,444.5499999999999,846
2026-05-08T17:05:00+00:00,444.5499999999999,444.7499999999999,442.3499999999999,443.2999999999999,756
2026-05-08T17:10:00+00:00,443.2999999999999,443.3899999999999,442.3399999999999,442.7299999999999,585
2026-05-08T17:15:00+00:00,442.7299999999999,443.1699999999999,442.3899999999999,442.6999999999999,555
2026-05-08T17:20:00+00:00,442.6999999999999,444.8399999999999,442.0999999999999,444.7099999999999,516
2026-05-08T17:25:00+00:00,444.7099999999999,446.5799999999999,443.7499999999999,445.3399999999999,841
2026-05-08T17:30:00+00:00,445.3399999999999,445.8899999999999,444.8099999999999,445.2799999999999,501
2026-05-08T17:35:00+00:00,445.2799999999999,445.8999999999999,445.1899999999999,445.3999999999999,451
2026-05-08T17:40:00+00:00,445.3999999999999,447.1399999999999,445.0799999999999,446.8599999999999,647
2026-05-08T17:45:00+00:00,446.8599999999999,448.0899999999999,445.8399999999999,446.5599999999999,732
2026-05-08T17:50:00+00:00,446.5599999999999,446.5599999999999,444.1999999999999,444.3499999999999,778
2026-05-08T17:55:00+00:00,444.3499999999999,445.1799999999999,443.8899999999999,443.9199999999999,533
2026-05-08T18:00:00+00:00,443.9199999999999,444.7999999999999,442.9399999999999,443.8399999999999,737
2026-05-08T18:05:00+00:00,443.8399999999999,445.2099999999999,443.8299999999999,444.4099999999999,516
2026-05-08T18:10:00+00:00,444.4099999999999,445.8899999999999,444.1999999999999,445.8299999999999,413
2026-05-08T18:15:00+00:00,445.8299999999999,446.3199999999999,445.2899999999999,445.4699999999999,529
2026-05-08T18:20:00+00:00,445.4699999999999,447.4899999999999,445.4499999999999,447.3799999999999,488
2026-05-08T18:25:00+00:00,447.3799999999999,447.5499999999999,446.8799999999999,447.0699999999999,527
2026-05-08T18:30:00+00:00,447.0699999999999,447.1499999999999,445.7599999999999,446.5299999999999,606
2026-05-08T18:35:00+00:00,446.5299999999999,447.9699999999999,445.8099999999999,447.6399999999999,442
2026-05-08T18:40:00+00:00,447.6399999999999,448.0099999999999,446.9199999999999,447.4399999999999,525
2026-05-08T18:45:00+00:00,447.4399999999999,448.1199999999999,446.3499999999999,447.7499999999999,531
2026-05-08T18:50:00+00:00,447.7499999999999,448.0499999999999,446.7099999999999,446.7099999999999,493
2026-05-08T18:55:00+00:00,446.7099999999999,447.0099999999999,444.7299999999999,444.7299999999999,904
2026-05-08T19:00:00+00:00,444.7299999999999,447.0599999999999,444.7299999999999,446.9299999999999,573
2026-05-08T19:05:00+00:00,446.9299999999999,448.5399999999999,446.9199999999999,448.3099999999999,513
2026-05-08T19:10:00+00:00,448.3099999999999,448.6299999999999,447.5999999999999,447.6999999999999,537
2026-05-08T19:15:00+00:00,447.6999999999999,447.7799999999999,446.5899999999999,446.7199999999999,526
2026-05-08T19:20:00+00:00,446.7199999999999,447.3899999999999,445.6899999999999,447.1299999999999,640
2026-05-08T19:25:00+00:00,447.1299999999999,447.7999999999999,445.3599999999999,445.4199999999999,518
2026-05-08T19:30:00+00:00,445.4199999999999,446.4299999999999,444.9599999999999,446.4299999999999,672
2026-05-08T19:35:00+00:00,446.4299999999999,449.2699999999999,446.1899999999999,449.1499999999999,694
2026-05-08T19:40:00+00:00,449.1499999999999,450.8499999999999,448.6899999999999,450.3899999999999,793
2026-05-08T19:45:00+00:00,450.3899999999999,451.3299999999999,449.1499999999999,451.1399999999999,946
2026-05-08T19:50:00+00:00,451.1399999999999,454.4399999999999,451.1099999999999,454.3399999999999,1296
2026-05-08T19:55:00+00:00,454.3399999999999,455.8699999999999,454.2799999999999,454.7799999999999,1508
2026-05-11T13:30:00+00:00,454.7799999999999,467.0799999999999,454.7799999999999,464.8099999999999,1286
2026-05-11T13:35:00+00:00,464.8099999999999,465.8799999999999,456.0799999999999,459.6499999999999,1129
2026-05-11T13:40:00+00:00,459.6499999999999,459.6499999999999,455.6899999999999,458.0599999999999,1029
2026-05-11T13:45:00+00:00,458.0599999999999,459.0699999999999,455.9599999999999,456.5199999999999,1168
2026-05-11T13:50:00+00:00,456.5199999999999,457.9299999999999,452.0299999999999,452.4299999999999,1187
2026-05-11T13:55:00+00:00,452.4299999999999,454.1899999999999,451.4299999999999,453.8899999999999,1173
2026-05-11T14:00:00+00:00,453.8899999999999,458.8899999999999,453.8699999999999,457.7499999999999,955
2026-05-11T14:05:00+00:00,457.7499999999999,459.6099999999999,457.3299999999999,458.8599999999999,887
2026-05-11T14:10:00+00:00,458.8599999999999,461.8499999999999,457.7099999999999,461.1899999999999,971
2026-05-11T14:15:00+00:00,461.1899999999999,462.5299999999999,459.6899999999999,461.7899999999999,854
2026-05-11T14:20:00+00:00,461.7899999999999,462.1499999999999,459.9799999999999,460.1399999999999,724
2026-05-11T14:25:00+00:00,460.1399999999999,460.4399999999999,451.5199999999999,451.8499999999999,980
2026-05-11T14:30:00+00:00,451.8499999999999,454.7099999999999,450.5699999999999,454.3099999999999,1271
2026-05-11T14:35:00+00:00,454.3099999999999,457.3099999999999,454.2999999999999,456.9699999999999,994
2026-05-11T14:40:00+00:00,456.9699999999999,459.0799999999999,455.8399999999999,458.4499999999999,901
2026-05-11T14:45:00+00:00,458.4499999999999,459.9599999999999,458.1999999999999,459.8799999999999,800
2026-05-11T14:50:00+00:00,459.8799999999999,460.4999999999999,457.3899999999999,460.0699999999999,1003
2026-05-11T14:55:00+00:00,460.0699999999999,460.3099999999999,456.5199999999999,456.5299999999999,892
2026-05-11T15:00:00+00:00,456.5299999999999,458.4899999999999,455.6899999999999,457.8199999999999,852
2026-05-11T15:05:00+00:00,457.8199999999999,459.7299999999999,456.2099999999999,459.5199999999999,701
2026-05-11T15:10:00+00:00,459.5199999999999,459.8199999999999,458.1899999999999,458.8899999999999,869
2026-05-11T15:15:00+00:00,458.8899999999999,460.9499999999999,458.1999999999999,459.7999999999999,850
2026-05-11T15:20:00+00:00,459.7999999999999,461.5799999999999,457.7899999999999,461.4999999999999,839
2026-05-11T15:25:00+00:00,461.4999999999999,462.0799999999999,459.8799999999999,460.3499999999999,728
2026-05-11T15:30:00+00:00,460.3499999999999,460.6199999999999,459.2899999999999,459.8699999999999,673
2026-05-11T15:35:00+00:00,459.8699999999999,461.4299999999999,459.3299999999999,461.0999999999999,669
2026-05-11T15:40:00+00:00,461.0999999999999,462.6099999999999,460.9999999999999,461.7199999999999,694
2026-05-11T15:45:00+00:00,461.7199999999999,464.1099999999999,461.2999999999999,464.0099999999999,714
2026-05-11T15:50:00+00:00,464.0099999999999,464.0599999999999,463.1599999999999,463.8999999999999,626
2026-05-11T15:55:00+00:00,463.8999999999999,464.8799999999999,463.6899999999999,464.3399999999999,501
2026-05-11T16:00:00+00:00,464.3399999999999,465.0099999999999,463.8399999999999,464.6599999999999,526
2026-05-11T16:05:00+00:00,464.6599999999999,464.7399999999999,462.9399999999999,463.2599999999999,533
2026-05-11T16:10:00+00:00,463.2599999999999,465.0899999999999,462.9999999999999,464.9799999999999,590
2026-05-11T16:15:00+00:00,464.9799999999999,464.9799999999999,463.1899999999999,463.3099999999999,585
2026-05-11T16:20:00+00:00,463.3099999999999,464.0199999999999,462.6099999999999,463.5299999999999,455
2026-05-11T16:25:00+00:00,463.5299999999999,464.5199999999999,463.1599999999999,463.3199999999999,422
2026-05-11T16:30:00+00:00,463.3199999999999,465.4899999999999,463.3099999999999,465.1499999999999,497
2026-05-11T16:35:00+00:00,465.1499999999999,466.3099999999999,464.9999999999999,465.3299999999999,565
2026-05-11T16:40:00+00:00,465.3299999999999,465.8699999999999,462.7099999999999,464.3499999999999,977
2026-05-11T16:45:00+00:00,464.3499999999999,465.0099999999999,463.0799999999999,464.7099999999999,579
2026-05-11T16:50:00+00:00,464.7099999999999,465.9499999999999,464.6899999999999,465.2699999999999,471
2026-05-11T16:55:00+00:00,465.2699999999999,465.3999999999999,463.8899999999999,464.0199999999999,534
2026-05-11T17:00:00+00:00,464.0199999999999,465.2599999999999,463.4099999999999,464.6299999999999,452
2026-05-11T17:05:00+00:00,464.6299999999999,464.8099999999999,463.2999999999999,464.0399999999999,501
2026-05-11T17:10:00+00:00,464.0399999999999,464.6599999999999,462.7499999999999,463.3199999999999,563
2026-05-11T17:15:00+00:00,463.3199999999999,463.8699999999999,461.4599999999999,462.0499999999999,641
2026-05-11T17:20:00+00:00,462.0499999999999,463.8299999999999,461.6899999999999,463.7799999999999,519
2026-05-11T17:25:00+00:00,463.7799999999999,465.9199999999999,463.5899999999999,464.9299999999999,600
2026-05-11T17:30:00+00:00,464.9299999999999,465.7299999999999,464.3399999999999,464.5999999999999,428
2026-05-11T17:35:00+00:00,464.5999999999999,466.0999999999999,464.4099999999999,465.0199999999999,433
2026-05-11T17:40:00+00:00,465.0199999999999,465.4199999999999,464.3899999999999,464.5199999999999,443
2026-05-11T17:45:00+00:00,464.5199999999999,466.8999999999999,464.3999999999999,465.3499999999999,443
2026-05-11T17:50:00+00:00,465.3499999999999,466.9899999999999,465.2299999999999,466.6899999999999,474
2026-05-11T17:55:00+00:00,466.6899999999999,467.3499999999999,465.4699999999999,465.6399999999999,478
2026-05-11T18:00:00+00:00,465.6399999999999,466.4799999999999,465.5499999999999,466.1399999999999,437
2026-05-11T18:05:00+00:00,466.1399999999999,468.1499999999999,466.1399999999999,467.9999999999999,419
2026-05-11T18:10:00+00:00,467.9999999999999,468.8399999999999,467.9499999999999,468.1599999999999,488
2026-05-11T18:15:00+00:00,468.1599999999999,468.3599999999999,467.0999999999999,467.5999999999999,425
2026-05-11T18:20:00+00:00,467.5999999999999,468.1899999999999,466.2499999999999,466.4699999999999,484
2026-05-11T18:25:00+00:00,466.4699999999999,467.5099999999999,466.3299999999999,466.3899999999999,398
2026-05-11T18:30:00+00:00,466.3899999999999,466.6999999999999,464.3799999999999,464.4599999999999,478
2026-05-11T18:35:00+00:00,464.4599999999999,465.1499999999999,464.2499999999999,464.4199999999999,387
2026-05-11T18:40:00+00:00,464.4199999999999,465.2599999999999,463.8899999999999,464.8999999999999,559
2026-05-11T18:45:00+00:00,464.8999999999999,464.9499999999999,463.7099999999999,463.9099999999999,443
2026-05-11T18:50:00+00:00,463.9099999999999,464.8799999999999,463.8499999999999,464.4699999999999,454
2026-05-11T18:55:00+00:00,464.4699999999999,465.7899999999999,462.7199999999999,463.0499999999999,680
2026-05-11T19:00:00+00:00,463.0499999999999,464.3599999999999,462.6899999999999,462.8399999999999,666
2026-05-11T19:05:00+00:00,462.8399999999999,465.7899999999999,462.7499999999999,465.5799999999999,616
2026-05-11T19:10:00+00:00,465.5799999999999,466.1299999999999,462.9099999999999,463.0399999999999,760
2026-05-11T19:15:00+00:00,463.0399999999999,463.4799999999999,461.9899999999999,462.9899999999999,742
2026-05-11T19:20:00+00:00,462.9899999999999,463.3899999999999,461.7999999999999,461.8099999999999,569
2026-05-11T19:25:00+00:00,461.8099999999999,462.1399999999999,458.8899999999999,459.2899999999999,748
2026-05-11T19:30:00+00:00,459.2899999999999,460.1999999999999,457.9299999999999,457.9399999999999,760
2026-05-11T19:35:00+00:00,457.9399999999999,458.2999999999999,456.5199999999999,456.6799999999999,902
2026-05-11T19:40:00+00:00,456.6799999999999,458.2399999999999,456.1399999999999,456.8299999999999,808
2026-05-11T19:45:00+00:00,456.8299999999999,457.5699999999999,455.9899999999999,457.4099999999999,697
2026-05-11T19:50:00+00:00,457.4099999999999,459.6199999999999,457.3299999999999,457.4399999999999,842
2026-05-11T19:55:00+00:00,457.4399999999999,458.7599999999999,457.0699999999999,458.5899999999999,1278
2026-05-12T13:30:00+00:00,458.5899999999999,458.5899999999999,444.6999999999999,456.0999999999999,1346
2026-05-12T13:35:00+00:00,456.0999999999999,456.1599999999999,451.1899999999999,453.1199999999999,1936
2026-05-12T13:40:00+00:00,453.1199999999999,457.7099999999999,452.4499999999999,456.9699999999999,1904
2026-05-12T13:45:00+00:00,456.9699999999999,458.2799999999999,454.8399999999999,455.2499999999999,1773
2026-05-12T13:50:00+00:00,455.2499999999999,457.0699999999999,454.8399999999999,455.5099999999999,1508
2026-05-12T13:55:00+00:00,455.5099999999999,455.6899999999999,447.9399999999999,448.1999999999999,1727
2026-05-12T14:00:00+00:00,448.1999999999999,451.0099999999999,446.6899999999999,447.0299999999999,1979
2026-05-12T14:05:00+00:00,447.0299999999999,451.4599999999999,447.0199999999999,449.9799999999999,1512
2026-05-12T14:10:00+00:00,449.9799999999999,452.9099999999999,449.5899999999999,452.4199999999999,1317
2026-05-12T14:15:00+00:00,452.4199999999999,454.6299999999999,449.3999999999999,454.5099999999999,1188
2026-05-12T14:20:00+00:00,454.5099999999999,454.7699999999999,451.0299999999999,451.2499999999999,1181
2026-05-12T14:25:00+00:00,451.2499999999999,452.0999999999999,446.0399999999999,446.2099999999999,1489
2026-05-12T14:30:00+00:00,446.2099999999999,446.6699999999999,442.8899999999999,444.8099999999999,2071
2026-05-12T14:35:00+00:00,444.8099999999999,448.9599999999999,443.0399999999999,448.2599999999999,1851
2026-05-12T14:40:00+00:00,448.2599999999999,449.8499999999999,446.0399999999999,447.4999999999999,1822
2026-05-12T14:45:00+00:00,447.4999999999999,447.6799999999999,443.8899999999999,443.8999999999999,1496
2026-05-12T14:50:00+00:00,443.8999999999999,447.2299999999999,442.3299999999999,446.6599999999999,1585
2026-05-12T14:55:00+00:00,446.6599999999999,447.1699999999999,442.3699999999999,442.8799999999999,1445
2026-05-12T15:00:00+00:00,442.8799999999999,444.3199999999999,440.6599999999999,441.7299999999999,1663
2026-05-12T15:05:00+00:00,441.7299999999999,443.9599999999999,440.6899999999999,443.7799999999999,1602
2026-05-12T15:10:00+00:00,443.7799999999999,444.0299999999999,440.6899999999999,440.7999999999999,1532
2026-05-12T15:15:00+00:00,440.7999999999999,441.0899999999999,435.9199999999999,437.9199999999999,2049
2026-05-12T15:20:00+00:00,437.9199999999999,438.5199999999999,435.9099999999999,436.3499999999999,1712
2026-05-12T15:25:00+00:00,436.3499999999999,438.2099999999999,434.8899999999999,435.6599999999999,2022
2026-05-12T15:30:00+00:00,435.6599999999999,439.4699999999999,435.5499999999999,439.2199999999999,1573
2026-05-12T15:35:00+00:00,439.2199999999999,440.9399999999999,438.0199999999999,439.9299999999999,1353
2026-05-12T15:40:00+00:00,439.9299999999999,440.5199999999999,437.5899999999999,437.6099999999999,1486
2026-05-12T15:45:00+00:00,437.6099999999999,438.2499999999999,435.9399999999999,436.1099999999999,1341
2026-05-12T15:50:00+00:00,436.1099999999999,436.6899999999999,433.9899999999999,433.9999999999999,1503
2026-05-12T15:55:00+00:00,433.9999999999999,434.7799999999999,431.9799999999999,432.2299999999999,1393
2026-05-12T16:00:00+00:00,432.2299999999999,435.0799999999999,431.0099999999999,434.2099999999999,1660
2026-05-12T16:05:00+00:00,434.2099999999999,435.2899999999999,433.2899999999999,434.0999999999999,1317
2026-05-12T16:10:00+00:00,434.0999999999999,436.5299999999999,433.4899999999999,436.5299999999999,1387
2026-05-12T16:15:00+00:00,436.5299999999999,436.5299999999999,434.2999999999999,434.3099999999999,1020
2026-05-12T16:20:00+00:00,434.3099999999999,435.4599999999999,432.9199999999999,433.4399999999999,1201
2026-05-12T16:25:00+00:00,433.4399999999999,433.7599999999999,431.8099999999999,432.1199999999999,1099
2026-05-12T16:30:00+00:00,432.1199999999999,432.8999999999999,430.3899999999999,430.4099999999999,1361
2026-05-12T16:35:00+00:00,430.4099999999999,431.9599999999999,429.1899999999999,429.2999999999999,1362
2026-05-12T16:40:00+00:00,429.2999999999999,430.0599999999999,426.5799999999999,427.9899999999999,1418
2026-05-12T16:45:00+00:00,427.9899999999999,428.8799999999999,426.7099999999999,428.4499999999999,1760
2026-05-12T16:50:00+00:00,428.4499999999999,429.1299999999999,426.7999999999999,427.7999999999999,1613
2026-05-12T16:55:00+00:00,427.7999999999999,428.5999999999999,425.7099999999999,426.6699999999999,1386
2026-05-12T17:00:00+00:00,426.6699999999999,429.6899999999999,426.6699999999999,429.2899999999999,911
2026-05-12T17:05:00+00:00,429.2899999999999,432.1999999999999,429.2499999999999,431.1899999999999,1387
2026-05-12T17:10:00+00:00,431.1899999999999,435.1499999999999,431.1899999999999,434.9499999999999,1315
2026-05-12T17:15:00+00:00,434.9499999999999,436.2599999999999,434.5799999999999,435.3499999999999,1388
2026-05-12T17:20:00+00:00,435.3499999999999,437.7199999999999,435.3499999999999,437.1699999999999,1396
2026-05-12T17:25:00+00:00,437.1699999999999,437.2699999999999,434.3099999999999,436.2799999999999,1400
2026-05-12T17:30:00+00:00,436.2799999999999,438.1099999999999,435.9399999999999,437.3999999999999,1172
2026-05-12T17:35:00+00:00,437.3999999999999,437.4299999999999,434.9999999999999,436.1199999999999,1144
2026-05-12T17:40:00+00:00,436.1199999999999,436.4799999999999,435.3499999999999,435.4399999999999,891
2026-05-12T17:45:00+00:00,435.4399999999999,436.1899999999999,434.7499999999999,436.1099999999999,1107
2026-05-12T17:50:00+00:00,436.1099999999999,436.3699999999999,434.8899999999999,435.9599999999999,1232
2026-05-12T17:55:00+00:00,435.9599999999999,436.8299999999999,435.0799999999999,435.7999999999999,955
2026-05-12T18:00:00+00:00,435.7999999999999,437.5599999999999,435.2899999999999,437.0999999999999,1166
2026-05-12T18:05:00+00:00,437.0999999999999,437.7499999999999,435.9899999999999,436.0199999999999,1024
2026-05-12T18:10:00+00:00,436.0199999999999,437.7399999999999,435.9899999999999,437.7299999999999,926
2026-05-12T18:15:00+00:00,437.7299999999999,438.5299999999999,436.6899999999999,437.2899999999999,1000
2026-05-12T18:20:00+00:00,437.2899999999999,437.9099999999999,437.0399999999999,437.4899999999999,918
2026-05-12T18:25:00+00:00,437.4899999999999,439.9999999999999,437.4899999999999,438.8599999999999,1410
2026-05-12T18:30:00+00:00,438.8599999999999,440.9899999999999,438.5099999999999,439.8199999999999,1028
2026-05-12T18:35:00+00:00,439.8199999999999,440.6699999999999,439.2999999999999,439.9699999999999,1283
2026-05-12T18:40:00+00:00,439.9699999999999,440.7699999999999,438.8099999999999,438.8299999999999,793
2026-05-12T18:45:00+00:00,438.8299999999999,439.1699999999999,437.9099999999999,438.7099999999999,1098
2026-05-12T18:50:00+00:00,438.7099999999999,439.8999999999999,437.8199999999999,438.2199999999999,1005
2026-05-12T18:55:00+00:00,438.2199999999999,440.0899999999999,435.6899999999999,436.1899999999999,1298
2026-05-12T19:00:00+00:00,436.1899999999999,438.4199999999999,436.1799999999999,438.0699999999999,938
2026-05-12T19:05:00+00:00,438.0699999999999,438.6699999999999,436.3699999999999,436.3699999999999,1242
2026-05-12T19:10:00+00:00,436.3699999999999,439.4699999999999,436.3699999999999,438.7999999999999,1102
2026-05-12T19:15:00+00:00,438.7999999999999,440.8199999999999,438.7999999999999,440.3899999999999,960
2026-05-12T19:20:00+00:00,440.3899999999999,440.5499999999999,437.8199999999999,439.4499999999999,998
2026-05-12T19:25:00+00:00,439.4499999999999,439.8899999999999,438.7699999999999,439.2999999999999,800
2026-05-12T19:30:00+00:00,439.2999999999999,442.7999999999999,439.2999999999999,442.2099999999999,1043
2026-05-12T19:35:00+00:00,442.2099999999999,443.2199999999999,441.3699999999999,442.9599999999999,917
2026-05-12T19:40:00+00:00,442.9599999999999,444.5699999999999,442.7899999999999,444.0099999999999,963
2026-05-12T19:45:00+00:00,444.0099999999999,444.8399999999999,443.6499999999999,444.2699999999999,860
2026-05-12T19:50:00+00:00,444.2699999999999,446.7099999999999,444.2599999999999,446.2899999999999,1179
2026-05-12T19:55:00+00:00,446.2899999999999,448.2599999999999,445.8399999999999,447.9999999999999,1261
2026-05-13T13:30:00+00:00,447.9999999999999,458.8199999999999,446.2899999999999,448.0999999999999,1182
2026-05-13T13:35:00+00:00,448.0999999999999,448.9899999999999,443.1899999999999,444.3499999999999,1191
2026-05-13T13:40:00+00:00,444.3499999999999,446.7199999999999,442.2899999999999,442.2999999999999,1379
2026-05-13T13:45:00+00:00,442.2999999999999,442.7199999999999,436.7199999999999,439.3899999999999,1310
2026-05-13T13:50:00+00:00,439.3899999999999,444.3099999999999,437.1399999999999,443.6999999999999,1276
2026-05-13T13:55:00+00:00,443.6999999999999,443.9699999999999,436.7399999999999,438.4399999999999,1161
2026-05-13T14:00:00+00:00,438.4399999999999,439.8199999999999,435.9099999999999,436.7599999999999,956
2026-05-13T14:05:00+00:00,436.7599999999999,437.1499999999999,432.2999999999999,434.1099999999999,1185
2026-05-13T14:10:00+00:00,434.1099999999999,436.6899999999999,433.9999999999999,435.0199999999999,1071
2026-05-13T14:15:00+00:00,435.0199999999999,436.7599999999999,433.6899999999999,435.6899999999999,796
2026-05-13T14:20:00+00:00,435.6899999999999,438.5999999999999,435.6899999999999,438.2799999999999,839
2026-05-13T14:25:00+00:00,438.2799999999999,439.5899999999999,437.1899999999999,439.1599999999999,821
2026-05-13T14:30:00+00:00,439.1599999999999,440.6099999999999,438.3499999999999,440.1399999999999,829
2026-05-13T14:35:00+00:00,440.1399999999999,441.0299999999999,437.8999999999999,438.7399999999999,845
2026-05-13T14:40:00+00:00,438.7399999999999,440.9999999999999,438.3099999999999,440.2099999999999,701
2026-05-13T14:45:00+00:00,440.2099999999999,441.4299999999999,438.9299999999999,440.5199999999999,726
2026-05-13T14:50:00+00:00,440.5199999999999,442.7499999999999,439.9199999999999,442.6899999999999,779
2026-05-13T14:55:00+00:00,442.6899999999999,445.0799999999999,442.2999999999999,444.7599999999999,843.8981931464174
2026-05-13T15:00:00+00:00,444.7599999999999,446.27999999999986,444.6899999999998,445.6899999999998,752
2026-05-13T15:05:00+00:00,445.6899999999998,447.26999999999987,445.42999999999984,445.78999999999985,779
2026-05-13T15:10:00+00:00,445.78999999999985,446.73999999999984,443.83999999999986,446.6999999999999,704
2026-05-13T15:15:00+00:00,446.6999999999999,448.3799999999998,445.8899999999999,446.1299999999998,631
2026-05-13T15:20:00+00:00,446.1299999999998,446.86999999999983,445.1399999999999,445.77999999999986,607
2026-05-13T15:25:00+00:00,445.77999999999986,446.24999999999983,444.01999999999987,445.35999999999984,561
2026-05-13T15:30:00+00:00,445.35999999999984,445.4499999999999,443.45999999999987,443.6999999999999,614
2026-05-13T15:35:00+00:00,443.6999999999999,445.96999999999986,443.46999999999986,444.66999999999985,555
2026-05-13T15:40:00+00:00,444.66999999999985,446.14999999999986,444.52999999999986,445.84999999999985,403
2026-05-13T15:45:00+00:00,445.84999999999985,447.05999999999983,444.86999999999983,446.26999999999987,439
2026-05-13T15:50:00+00:00,446.26999999999987,446.66999999999985,444.53999999999985,445.30999999999983,531
2026-05-13T15:55:00+00:00,445.30999999999983,445.90999999999985,443.97999999999985,444.7599999999999,604
2026-05-13T16:00:00+00:00,444.7599999999999,447.1899999999998,444.1899999999998,446.8899999999999,508
2026-05-13T16:05:00+00:00,446.8899999999999,447.20999999999987,445.85999999999984,446.98999999999984,396
2026-05-13T16:10:00+00:00,446.98999999999984,447.90999999999985,446.48999999999984,446.96999999999986,487
2026-05-13T16:15:00+00:00,446.96999999999986,447.1999999999999,445.96999999999986,447.03999999999985,400
2026-05-13T16:20:00+00:00,447.03999999999985,448.21999999999986,446.17999999999984,447.95999999999987,581
2026-05-13T16:25:00+00:00,447.95999999999987,448.49999999999983,447.0099999999999,447.78999999999985,497
2026-05-13T16:30:00+00:00,447.78999999999985,448.39999999999986,446.79999999999984,447.85999999999984,396
2026-05-13T16:35:00+00:00,447.85999999999984,448.54999999999984,447.6999999999999,447.90999999999985,311
2026-05-13T16:40:00+00:00,447.90999999999985,448.10999999999984,447.29999999999984,447.58999999999986,328
2026-05-13T16:45:00+00:00,447.58999999999986,447.96999999999986,446.78999999999985,447.2599999999999,377
2026-05-13T16:50:00+00:00,447.2599999999999,448.01999999999987,447.17999999999984,447.72999999999985,288
2026-05-13T16:55:00+00:00,447.72999999999985,448.24999999999983,447.17999999999984,447.98999999999984,280
2026-05-13T17:00:00+00:00,447.98999999999984,450.99999999999983,447.71999999999986,450.1999999999999,473
2026-05-13T17:05:00+00:00,450.1999999999999,451.36999999999983,449.85999999999984,449.90999999999985,400
2026-05-13T17:10:00+00:00,449.90999999999985,451.21999999999986,449.8799999999998,450.77999999999986,339
2026-05-13T17:15:00+00:00,450.77999999999986,450.95999999999987,449.4499999999999,449.9499999999999,329
2026-05-13T17:20:00+00:00,449.9499999999999,450.45999999999987,449.27999999999986,449.28999999999985,390
2026-05-13T17:25:00+00:00,449.28999999999985,450.51999999999987,449.02999999999986,450.4499999999999,339
2026-05-13T17:30:00+00:00,450.4499999999999,450.52999999999986,449.59999999999985,450.03999999999985,415
2026-05-13T17:35:00+00:00,450.03999999999985,450.8899999999999,449.8199999999999,450.0699999999999,332
2026-05-13T17:40:00+00:00,450.0699999999999,450.36999999999983,449.79999999999984,450.1299999999998,380
2026-05-13T17:45:00+00:00,450.1299999999998,450.36999999999983,448.95999999999987,449.1899999999998,338
2026-05-13T17:50:00+00:00,449.1899999999998,449.86999999999983,449.02999999999986,449.6899999999998,321
2026-05-13T17:55:00+00:00,449.6899999999998,450.17999999999984,447.07999999999987,447.10999999999984,521
2026-05-13T18:00:00+00:00,447.10999999999984,449.08999999999986,447.04999999999984,449.02999999999986,569
2026-05-13T18:05:00+00:00,449.02999999999986,449.41999999999985,448.3799999999998,449.11999999999983,327
2026-05-13T18:10:00+00:00,449.11999999999983,450.40999999999985,448.76999999999987,450.23999999999984,298
2026-05-13T18:15:00+00:00,450.23999999999984,451.1999999999999,450.1899999999998,450.60999999999984,431
2026-05-13T18:20:00+00:00,450.60999999999984,451.03999999999985,449.84999999999985,450.2599999999999,408
2026-05-13T18:25:00+00:00,450.2599999999999,451.05999999999983,449.6899999999998,449.98999999999984,301
2026-05-13T18:30:00+00:00,449.98999999999984,450.48999999999984,448.89999999999986,449.27999999999986,356
2026-05-13T18:35:00+00:00,449.27999999999986,449.27999999999986,448.36999999999983,448.54999999999984,373
2026-05-13T18:40:00+00:00,448.54999999999984,448.95999999999987,448.4399999999998,448.46999999999986,356
2026-05-13T18:45:00+00:00,448.46999999999986,448.67999999999984,447.46999999999986,448.26999999999987,382
2026-05-13T18:50:00+00:00,448.26999999999987,448.28999999999985,446.49999999999983,446.6899999999998,489
2026-05-13T18:55:00+00:00,446.6899999999998,446.77999999999986,444.80999999999983,445.21999999999986,437
2026-05-13T19:00:00+00:00,445.21999999999986,446.48999999999984,445.05999999999983,445.82999999999987,510
2026-05-13T19:05:00+00:00,445.82999999999987,447.66999999999985,445.17999999999984,447.58999999999986,382
2026-05-13T19:10:00+00:00,447.58999999999986,448.03999999999985,447.3799999999998,447.70999999999987,344
2026-05-13T19:15:00+00:00,447.70999999999987,448.30999999999983,447.02999999999986,448.28999999999985,328
2026-05-13T19:20:00+00:00,448.28999999999985,448.73999999999984,447.1999999999999,447.20999999999987,356
2026-05-13T19:25:00+00:00,447.20999999999987,448.29999999999984,446.99999999999983,448.05999999999983,406
2026-05-13T19:30:00+00:00,448.05999999999983,448.3899999999999,447.70999999999987,447.8899999999999,345
2026-05-13T19:35:00+00:00,447.8899999999999,448.46999999999986,447.70999999999987,448.42999999999984,289
2026-05-13T19:40:00+00:00,448.42999999999984,449.21999999999986,447.9399999999998,447.99999999999983,310
2026-05-13T19:45:00+00:00,447.99999999999983,448.30999999999983,447.5099999999999,447.80999999999983,412
2026-05-13T19:50:00+00:00,447.80999999999983,447.8199999999999,443.71999999999986,443.95999999999987,912
2026-05-13T19:55:00+00:00,443.95999999999987,445.3799999999998,443.70999999999987,445.1299999999998,1140
2026-05-14T13:30:00+00:00,445.1299999999998,445.1299999999998,435.3799999999998,437.32999999999987,1036
2026-05-14T13:35:00+00:00,437.32999999999987,442.1999999999999,437.02999999999986,441.52999999999986,1021
2026-05-14T13:40:00+00:00,441.52999999999986,446.8899999999999,441.22999999999985,445.40999999999985,1111
2026-05-14T13:45:00+00:00,445.40999999999985,450.42999999999984,445.39999999999986,449.54999999999984,1202
2026-05-14T13:50:00+00:00,449.54999999999984,450.33999999999986,444.80999999999983,446.39999999999986,1057
2026-05-14T13:55:00+00:00,446.39999999999986,448.6299999999998,444.79999999999984,445.1299999999998,925
2026-05-14T14:00:00+00:00,445.1299999999998,449.6999999999999,444.92999999999984,447.15999999999985,1002
2026-05-14T14:05:00+00:00,447.15999999999985,447.3199999999999,441.9399999999998,441.95999999999987,817
2026-05-14T14:10:00+00:00,441.95999999999987,444.1899999999998,441.73999999999984,443.45999999999987,836
2026-05-14T14:15:00+00:00,443.45999999999987,445.9399999999998,443.17999999999984,445.3899999999999,667
2026-05-14T14:20:00+00:00,445.3899999999999,447.03999999999985,444.67999999999984,445.27999999999986,762
2026-05-14T14:25:00+00:00,445.27999999999986,446.52999999999986,444.73999999999984,446.07999999999987,937
2026-05-14T14:30:00+00:00,446.07999999999987,447.57999999999987,444.92999999999984,447.51999999999987,626
2026-05-14T14:35:00+00:00,447.51999999999987,451.02999999999986,447.3799999999998,450.46999999999986,967
2026-05-14T14:40:00+00:00,450.46999999999986,450.71999999999986,447.47999999999985,448.08999999999986,756
2026-05-14T14:45:00+00:00,448.08999999999986,450.8899999999999,447.6899999999998,450.83999999999986,565
2026-05-14T14:50:00+00:00,450.83999999999986,452.53999999999985,449.8799999999998,450.26999999999987,702
2026-05-14T14:55:00+00:00,450.26999999999987,452.01999999999987,449.54999999999984,450.39999999999986,690
2026-05-14T15:00:00+00:00,450.39999999999986,451.99999999999983,448.96999999999986,448.96999999999986,641
2026-05-14T15:05:00+00:00,448.96999999999986,452.5699999999999,448.78999999999985,452.51999999999987,498
2026-05-14T15:10:00+00:00,452.51999999999987,452.85999999999984,449.48999999999984,450.74999999999983,557
2026-05-14T15:15:00+00:00,450.74999999999983,452.35999999999984,450.67999999999984,452.04999999999984,373
2026-05-14T15:20:00+00:00,452.04999999999984,452.32999999999987,451.2599999999999,451.6999999999999,447
2026-05-14T15:25:00+00:00,451.6999999999999,452.07999999999987,450.09999999999985,450.3799999999998,380
2026-05-14T15:30:00+00:00,450.3799999999998,451.0099999999999,449.1899999999998,449.60999999999984,481
2026-05-14T15:35:00+00:00,449.60999999999984,450.01999999999987,448.8199999999999,449.83999999999986,497
2026-05-14T15:40:00+00:00,449.83999999999986,450.85999999999984,449.72999999999985,450.4499999999999,490
2026-05-14T15:45:00+00:00,450.4499999999999,450.71999999999986,448.4499999999999,449.35999999999984,402
2026-05-14T15:50:00+00:00,449.35999999999984,450.67999999999984,448.28999999999985,450.3799999999998,333
2026-05-14T15:55:00+00:00,450.3799999999998,450.8899999999999,448.3799999999998,448.46999999999986,357
2026-05-14T16:00:00+00:00,448.46999999999986,449.29999999999984,448.46999999999986,448.82999999999987,347
2026-05-14T16:05:00+00:00,448.82999999999987,449.42999999999984,448.42999999999984,449.24999999999983,270
2026-05-14T16:10:00+00:00,449.24999999999983,450.96999999999986,449.23999999999984,449.97999999999985,339
2026-05-14T16:15:00+00:00,449.97999999999985,450.8199999999999,447.36999999999983,447.92999999999984,378
2026-05-14T16:20:00+00:00,447.92999999999984,448.8799999999998,447.77999999999986,448.47999999999985,380
2026-05-14T16:25:00+00:00,448.47999999999985,448.70999999999987,447.14999999999986,447.35999999999984,393
2026-05-14T16:30:00+00:00,447.35999999999984,448.6399999999999,447.09999999999985,447.28999999999985,446
2026-05-14T16:35:00+00:00,447.28999999999985,447.91999999999985,447.17999999999984,447.57999999999987,326
2026-05-14T16:40:00+00:00,447.57999999999987,448.91999999999985,447.4399999999998,448.1999999999999,416
2026-05-14T16:45:00+00:00,448.1999999999999,449.30999999999983,447.6999999999999,448.95999999999987,369
2026-05-14T16:50:00+00:00,448.95999999999987,449.40999999999985,448.09999999999985,449.27999999999986,327
2026-05-14T16:55:00+00:00,449.27999999999986,449.72999999999985,447.84999999999985,448.52999999999986,364
2026-05-14T17:00:00+00:00,448.52999999999986,449.52999999999986,448.45999999999987,448.60999999999984,311
2026-05-14T17:05:00+00:00,448.60999999999984,448.61999999999983,446.32999999999987,446.47999999999985,516
2026-05-14T17:10:00+00:00,446.47999999999985,447.32999999999987,444.39999999999986,444.40999999999985,509
2026-05-14T17:15:00+00:00,444.40999999999985,445.1999999999999,442.1999999999999,443.03999999999985,1396
2026-05-14T17:20:00+00:00,443.03999999999985,444.74999999999983,442.27999999999986,442.60999999999984,1313
2026-05-14T17:25:00+00:00,442.60999999999984,443.6999999999999,441.67999999999984,443.5099999999999,1422
2026-05-14T17:30:00+00:00,443.5099999999999,445.15999999999985,442.9499999999999,444.6999999999999,1060
2026-05-14T17:35:00+00:00,444.6999999999999,446.41999999999985,444.6999999999999,445.36999999999983,972
2026-05-14T17:40:00+00:00,445.36999999999983,446.04999999999984,444.90999999999985,445.5699999999999,399
2026-05-14T17:45:00+00:00,445.5699999999999,446.6999999999999,445.5699999999999,446.5699999999999,343
2026-05-14T17:50:00+00:00,446.5699999999999,448.04999999999984,446.3799999999998,447.91999999999985,349
2026-05-14T17:55:00+00:00,447.91999999999985,448.52999999999986,447.79999999999984,447.89999999999986,337
2026-05-14T18:00:00+00:00,447.89999999999986,448.05999999999983,445.14999999999986,445.30999999999983,702
2026-05-14T18:05:00+00:00,445.30999999999983,445.84999999999985,444.48999999999984,444.66999999999985,409
2026-05-14T18:10:00+00:00,444.66999999999985,446.34999999999985,444.45999999999987,445.84999999999985,521
2026-05-14T18:15:00+00:00,445.84999999999985,446.48999999999984,445.49999999999983,445.99999999999983,305
2026-05-14T18:20:00+00:00,445.99999999999983,446.15999999999985,444.42999999999984,444.55999999999983,301
2026-05-14T18:25:00+00:00,444.55999999999983,445.51999999999987,443.8899999999999,445.27999999999986,352
2026-05-14T18:30:00+00:00,445.27999999999986,446.22999999999985,444.99999999999983,446.02999999999986,349
2026-05-14T18:35:00+00:00,446.02999999999986,446.1999999999999,445.35999999999984,445.58999999999986,267
2026-05-14T18:40:00+00:00,445.58999999999986,445.73999999999984,444.27999999999986,444.60999999999984,270
2026-05-14T18:45:00+00:00,444.60999999999984,445.3899999999999,444.1299999999998,445.20999999999987,371
2026-05-14T18:50:00+00:00,445.20999999999987,446.46999999999986,445.11999999999983,446.20999999999987,670
2026-05-14T18:55:00+00:00,446.20999999999987,447.20999999999987,446.01999999999987,446.24999999999983,734
2026-05-14T19:00:00+00:00,446.24999999999983,447.6999999999999,446.20999999999987,446.54999999999984,724
2026-05-14T19:05:00+00:00,446.54999999999984,446.77999999999986,445.97999999999985,446.29999999999984,667
2026-05-14T19:10:00+00:00,446.29999999999984,446.66999999999985,445.27999999999986,446.1899999999998,716
2026-05-14T19:15:00+00:00,446.1899999999998,447.35999999999984,445.72999999999985,447.0099999999999,817
2026-05-14T19:20:00+00:00,447.0099999999999,449.5699999999999,446.97999999999985,449.3199999999999,952
2026-05-14T19:25:00+00:00,449.3199999999999,450.27999999999986,448.8799999999998,448.97999999999985,1018
2026-05-14T19:30:00+00:00,448.97999999999985,450.17999999999984,448.9499999999999,449.67999999999984,988
2026-05-14T19:35:00+00:00,449.67999999999984,450.76999999999987,449.47999999999985,450.45999999999987,512
2026-05-14T19:40:00+00:00,450.45999999999987,451.6899999999998,450.45999999999987,451.30999999999983,452
2026-05-14T19:45:00+00:00,451.30999999999983,451.64999999999986,450.8899999999999,450.96999999999986,421
2026-05-14T19:50:00+00:00,450.96999999999986,451.15999999999985,450.05999999999983,450.76999999999987,670
2026-05-14T19:55:00+00:00,450.76999999999987,450.95999999999987,448.8799999999998,449.45999999999987,1261
2026-05-15T13:30:00+00:00,449.45999999999987,449.45999999999987,430.24999999999983,432.6899999999998,934
2026-05-15T13:35:00+00:00,432.6899999999998,432.97999999999985,425.90999999999985,426.67999999999984,1129
2026-05-15T13:40:00+00:00,426.67999999999984,432.47999999999985,426.3899999999999,431.54999999999984,1008
2026-05-15T13:45:00+00:00,431.54999999999984,433.26999999999987,426.80999999999983,432.8199999999999,1100
2026-05-15T13:50:00+00:00,432.8199999999999,433.20999999999987,429.04999999999984,432.20999999999987,869
2026-05-15T13:55:00+00:00,432.20999999999987,433.6299999999998,427.0099999999999,427.20999999999987,928
2026-05-15T14:00:00+00:00,427.20999999999987,428.21999999999986,425.83999999999986,427.3799999999998,869
2026-05-15T14:05:00+00:00,427.3799999999998,432.3899999999999,426.17999999999984,431.32999999999987,838
2026-05-15T14:10:00+00:00,431.32999999999987,437.17999999999984,431.3199999999999,436.66999999999985,848
2026-05-15T14:15:00+00:00,436.66999999999985,438.49999999999983,435.21999999999986,436.78999999999985,931
2026-05-15T14:20:00+00:00,436.78999999999985,437.21999999999986,434.67999999999984,434.6999999999999,786
2026-05-15T14:25:00+00:00,434.6999999999999,434.8899999999999,432.29999999999984,433.04999999999984,892
2026-05-15T14:30:00+00:00,433.04999999999984,434.51999999999987,432.07999999999987,433.72999999999985,762
2026-05-15T14:35:00+00:00,433.72999999999985,434.30999999999983,432.6899999999998,432.6899999999998,682
2026-05-15T14:40:00+00:00,432.6899999999998,434.26999999999987,432.4499999999999,433.59999999999985,676
2026-05-15T14:45:00+00:00,433.59999999999985,433.8899999999999,431.78999999999985,431.79999999999984,622
2026-05-15T14:50:00+00:00,431.79999999999984,431.8799999999998,429.83999999999986,431.47999999999985,702
2026-05-15T14:55:00+00:00,431.47999999999985,433.42999999999984,430.2599999999998,430.44999999999976,727.3789813385716
2026-05-15T15:00:00+00:00,430.44999999999976,432.37999999999977,430.32999999999976,431.7299999999998,600
2026-05-15T15:05:00+00:00,431.7299999999998,433.21999999999974,430.4199999999998,433.21999999999974,497
2026-05-15T15:10:00+00:00,433.21999999999974,433.5399999999998,432.1199999999998,432.3499999999998,616
2026-05-15T15:15:00+00:00,432.3499999999998,433.7999999999998,431.76999999999975,432.9199999999998,434
2026-05-15T15:20:00+00:00,432.9199999999998,435.45999999999975,432.77999999999975,433.9199999999998,556
2026-05-15T15:25:00+00:00,433.9199999999998,434.95999999999975,433.26999999999975,434.77999999999975,523
2026-05-15T15:30:00+00:00,434.77999999999975,435.6799999999998,434.56999999999977,434.77999999999975,540
2026-05-15T15:35:00+00:00,434.77999999999975,436.0499999999998,434.4199999999998,434.6799999999998,532
2026-05-15T15:40:00+00:00,434.6799999999998,434.89999999999975,432.76999999999975,433.33999999999975,524
2026-05-15T15:45:00+00:00,433.33999999999975,434.1599999999998,432.37999999999977,432.4899999999998,564
2026-05-15T15:50:00+00:00,432.4899999999998,432.62999999999977,431.12999999999977,431.33999999999975,475
2026-05-15T15:55:00+00:00,431.33999999999975,432.26999999999975,430.26999999999975,432.20999999999975,511
2026-05-15T16:00:00+00:00,432.20999999999975,433.4799999999998,431.93999999999977,432.3699999999998,457
2026-05-15T16:05:00+00:00,432.3699999999998,433.0499999999998,432.1199999999998,432.57999999999976,311
2026-05-15T16:10:00+00:00,432.57999999999976,432.89999999999975,430.8099999999998,431.4999999999998,458
2026-05-15T16:15:00+00:00,431.4999999999998,431.63999999999976,430.14999999999975,430.43999999999977,287
2026-05-15T16:20:00+00:00,430.43999999999977,431.6699999999998,430.2999999999998,431.27999999999975,378
2026-05-15T16:25:00+00:00,431.27999999999975,431.8499999999998,430.46999999999974,431.06999999999977,383
2026-05-15T16:30:00+00:00,431.06999999999977,431.9099999999998,430.7899999999998,431.26999999999975,334
2026-05-15T16:35:00+00:00,431.26999999999975,431.8499999999998,430.2999999999998,431.6699999999998,393
2026-05-15T16:40:00+00:00,431.6699999999998,432.21999999999974,431.3699999999998,432.02999999999975,402
2026-05-15T16:45:00+00:00,432.02999999999975,432.4799999999998,431.1799999999998,432.2299999999998,321
2026-05-15T16:50:00+00:00,432.2299999999998,432.8099999999998,430.01999999999975,430.08999999999975,402
2026-05-15T16:55:00+00:00,430.08999999999975,431.1699999999998,430.08999999999975,430.7499999999998,313
2026-05-15T17:00:00+00:00,430.7499999999998,431.5999999999998,430.4899999999998,431.25999999999976,319
2026-05-15T17:05:00+00:00,431.25999999999976,431.83999999999975,430.88999999999976,431.44999999999976,239
2026-05-15T17:10:00+00:00,431.44999999999976,432.07999999999976,430.89999999999975,431.7299999999998,235
2026-05-15T17:15:00+00:00,431.7299999999998,431.81999999999977,430.96999999999974,431.44999999999976,298
2026-05-15T17:20:00+00:00,431.44999999999976,432.46999999999974,431.26999999999975,431.9199999999998,297
2026-05-15T17:25:00+00:00,431.9199999999998,433.4799999999998,431.9199999999998,433.0499999999998,341
2026-05-15T17:30:00+00:00,433.0499999999998,433.58999999999975,433.01999999999975,433.4099999999998,271
2026-05-15T17:35:00+00:00,433.4099999999998,434.2299999999998,433.1699999999998,433.9799999999998,363
2026-05-15T17:40:00+00:00,433.9799999999998,434.3099999999998,432.8599999999998,433.5599999999998,347
2026-05-15T17:45:00+00:00,433.5599999999998,433.8099999999998,432.02999999999975,432.14999999999975,323
2026-05-15T17:50:00+00:00,432.14999999999975,433.39999999999975,432.12999999999977,433.3099999999998,303
2026-05-15T17:55:00+00:00,433.3099999999998,434.26999999999975,433.07999999999976,434.06999999999977,331
2026-05-15T18:00:00+00:00,434.06999999999977,435.50999999999976,433.81999999999977,435.31999999999977,995
2026-05-15T18:05:00+00:00,435.31999999999977,435.64999999999975,434.89999999999975,435.02999999999975,855
2026-05-15T18:10:00+00:00,435.02999999999975,435.68999999999977,434.8099999999998,434.9299999999998,652
2026-05-15T18:15:00+00:00,434.9299999999998,435.12999999999977,432.32999999999976,432.38999999999976,716
2026-05-15T18:20:00+00:00,432.38999999999976,433.8099999999998,432.32999999999976,433.31999999999977,349
2026-05-15T18:25:00+00:00,433.31999999999977,433.5399999999998,431.56999999999977,431.9099999999998,378
2026-05-15T18:30:00+00:00,431.9099999999998,431.9099999999998,430.12999999999977,430.58999999999975,575
2026-05-15T18:35:00+00:00,430.58999999999975,432.27999999999975,430.3599999999998,432.0499999999998,354
2026-05-15T18:40:00+00:00,432.0499999999998,432.1099999999998,431.0499999999998,431.77999999999975,293
2026-05-15T18:45:00+00:00,431.77999999999975,431.9099999999998,431.1199999999998,431.7999999999998,312
2026-05-15T18:50:00+00:00,431.7999999999998,433.1599999999998,431.6599999999998,432.88999999999976,293
2026-05-15T18:55:00+00:00,432.88999999999976,433.2999999999998,431.8099999999998,431.8099999999998,312
2026-05-15T19:00:00+00:00,431.8099999999998,432.27999999999975,430.77999999999975,430.82999999999976,328
2026-05-15T19:05:00+00:00,430.82999999999976,431.26999999999975,429.26999999999975,430.07999999999976,408
2026-05-15T19:10:00+00:00,430.07999999999976,430.08999999999975,428.71999999999974,429.82999999999976,447
2026-05-15T19:15:00+00:00,429.82999999999976,430.26999999999975,428.7899999999998,429.26999999999975,438
2026-05-15T19:20:00+00:00,429.26999999999975,429.9199999999998,428.7899999999998,428.7899999999998,467
2026-05-15T19:25:00+00:00,428.7899999999998,429.26999999999975,428.6699999999998,428.8499999999998,325
2026-05-15T19:30:00+00:00,428.8499999999998,429.83999999999975,428.6699999999998,428.9199999999998,510
2026-05-15T19:35:00+00:00,428.9199999999998,430.2499999999998,428.56999999999977,430.07999999999976,397
2026-05-15T19:40:00+00:00,430.07999999999976,430.51999999999975,428.5399999999998,428.64999999999975,519
2026-05-15T19:45:00+00:00,428.64999999999975,428.88999999999976,427.57999999999976,428.37999999999977,647
2026-05-15T19:50:00+00:00,428.37999999999977,428.37999999999977,426.26999999999975,426.26999999999975,960
2026-05-15T19:55:00+00:00,426.26999999999975,426.27999999999975,423.12999999999977,424.3099999999998,1148
2026-05-18T13:30:00+00:00,424.3099999999998,438.3099999999998,424.3099999999998,434.71999999999974,1069
2026-05-18T13:35:00+00:00,434.71999999999974,435.7899999999998,430.9299999999998,433.51999999999975,1189
2026-05-18T13:40:00+00:00,433.51999999999975,433.51999999999975,424.88999999999976,425.4999999999998,1042
2026-05-18T13:45:00+00:00,425.4999999999998,428.9799999999998,422.4299999999998,422.4299999999998,989
2026-05-18T13:50:00+00:00,422.4299999999998,429.37999999999977,422.26999999999975,428.1799999999998,860
2026-05-18T13:55:00+00:00,428.1799999999998,429.39999999999975,423.6199999999998,423.94999999999976,835
2026-05-18T14:00:00+00:00,423.94999999999976,423.96999999999974,418.26999999999975,418.7899999999998,835
2026-05-18T14:05:00+00:00,418.7899999999998,423.7299999999998,417.27999999999975,423.2399999999998,783
2026-05-18T14:10:00+00:00,423.2399999999998,423.2499999999998,419.88999999999976,422.68999999999977,714
2026-05-18T14:15:00+00:00,422.68999999999977,424.4299999999998,417.8699999999998,419.6599999999998,643
2026-05-18T14:20:00+00:00,419.6599999999998,422.1199999999998,419.5999999999998,419.76999999999975,604
2026-05-18T14:25:00+00:00,419.76999999999975,420.63999999999976,416.1799999999998,416.3699999999998,650
2026-05-18T14:30:00+00:00,416.3699999999998,417.75999999999976,412.6699999999998,412.9999999999998,980
2026-05-18T14:35:00+00:00,412.9999999999998,416.58999999999975,412.26999999999975,414.2899999999998,1000
2026-05-18T14:40:00+00:00,414.2899999999998,416.77999999999975,412.9299999999998,415.7399999999998,903
2026-05-18T14:45:00+00:00,415.7399999999998,416.2899999999998,412.3699999999998,412.38999999999976,795
2026-05-18T14:50:00+00:00,412.38999999999976,416.7899999999998,411.52999999999975,414.5499999999998,914
2026-05-18T14:55:00+00:00,414.5499999999998,417.27999999999975,413.8599999999998,415.9999999999998,715
2026-05-18T15:00:00+00:00,415.9999999999998,419.93999999999977,415.77999999999975,419.2399999999998,958
2026-05-18T15:05:00+00:00,419.2399999999998,419.94999999999976,415.83999999999975,415.9999999999998,704
2026-05-18T15:10:00+00:00,415.9999999999998,420.58999999999975,415.4199999999998,419.07999999999976,557
2026-05-18T15:15:00+00:00,419.07999999999976,419.7899999999998,416.6099999999998,416.9999999999998,503
2026-05-18T15:20:00+00:00,416.9999999999998,418.4299999999998,416.4199999999998,417.5499999999998,564
2026-05-18T15:25:00+00:00,417.5499999999998,420.0499999999998,415.69999999999976,415.70999999999975,449
2026-05-18T15:30:00+00:00,415.70999999999975,419.4799999999998,414.93999999999977,419.00999999999976,525
2026-05-18T15:35:00+00:00,419.00999999999976,423.08999999999975,419.00999999999976,421.00999999999976,554
2026-05-18T15:40:00+00:00,421.00999999999976,423.25999999999976,420.94999999999976,421.9999999999998,535
2026-05-18T15:45:00+00:00,421.9999999999998,422.81999999999977,421.2399999999998,421.3099999999998,415
2026-05-18T15:50:00+00:00,421.3099999999998,423.12999999999977,420.4199999999998,422.96999999999974,396
2026-05-18T15:55:00+00:00,422.96999999999974,423.5599999999998,420.69999999999976,420.76999999999975,418
2026-05-18T16:00:00+00:00,420.76999999999975,421.06999999999977,418.56999999999977,418.57999999999976,434
2026-05-18T16:05:00+00:00,418.57999999999976,419.51999999999975,418.37999999999977,418.7999999999998,488
2026-05-18T16:10:00+00:00,418.7999999999998,420.62999999999977,418.5999999999998,419.95999999999975,306
2026-05-18T16:15:00+00:00,419.95999999999975,420.32999999999976,418.76999999999975,419.33999999999975,355
2026-05-18T16:20:00+00:00,419.33999999999975,419.83999999999975,416.77999999999975,417.39999999999975,429
2026-05-18T16:25:00+00:00,417.39999999999975,417.4099999999998,413.1599999999998,413.50999999999976,557
2026-05-18T16:30:00+00:00,413.50999999999976,414.3699999999998,412.0499999999998,412.7999999999998,711
2026-05-18T16:35:00+00:00,412.7999999999998,415.3499999999998,412.6599999999998,414.06999999999977,474
2026-05-18T16:40:00+00:00,414.06999999999977,415.12999999999977,413.9199999999998,414.76999999999975,455
2026-05-18T16:45:00+00:00,414.76999999999975,415.52999999999975,413.4199999999998,414.31999999999977,341
2026-05-18T16:50:00+00:00,414.31999999999977,418.1199999999998,414.26999999999975,418.1099999999998,352
2026-05-18T16:55:00+00:00,418.1099999999998,419.27999999999975,417.4799999999998,418.1699999999998,410
2026-05-18T17:00:00+00:00,418.1699999999998,418.44999999999976,416.88999999999976,418.2899999999998,396
2026-05-18T17:05:00+00:00,418.2899999999998,419.52999999999975,417.87999999999977,418.0499999999998,404
2026-05-18T17:10:00+00:00,418.0499999999998,418.69999999999976,416.88999999999976,417.1099999999998,297
2026-05-18T17:15:00+00:00,417.1099999999998,417.9899999999998,416.88999999999976,417.7999999999998,331
2026-05-18T17:20:00+00:00,417.7999999999998,418.02999999999975,415.4099999999998,415.9799999999998,366
2026-05-18T17:25:00+00:00,415.9799999999998,417.70999999999975,415.37999999999977,417.6099999999998,311
2026-05-18T17:30:00+00:00,417.6099999999998,417.9199999999998,416.14999999999975,416.87999999999977,276
2026-05-18T17:35:00+00:00,416.87999999999977,417.00999999999976,415.5399999999998,415.9999999999998,287
2026-05-18T17:40:00+00:00,415.9999999999998,417.3599999999998,415.9999999999998,416.81999999999977,260
2026-05-18T17:45:00+00:00,416.81999999999977,417.07999999999976,414.51999999999975,414.82999999999976,339
2026-05-18T17:50:00+00:00,414.82999999999976,415.9899999999998,414.56999999999977,415.5599999999998,294
2026-05-18T17:55:00+00:00,415.5599999999998,416.6599999999998,415.20999999999975,416.0399999999998,249
2026-05-18T18:00:00+00:00,416.0399999999998,416.25999999999976,414.26999999999975,414.26999999999975,362
2026-05-18T18:05:00+00:00,414.26999999999975,414.89999999999975,413.6599999999998,413.95999999999975,366
2026-05-18T18:10:00+00:00,413.95999999999975,414.44999999999976,413.46999999999974,413.46999999999974,268
2026-05-18T18:15:00+00:00,413.46999999999974,413.58999999999975,411.14999999999975,411.3599999999998,412
2026-05-18T18:20:00+00:00,411.3599999999998,412.0399999999998,410.87999999999977,411.5999999999998,452
2026-05-18T18:25:00+00:00,411.5999999999998,412.44999999999976,410.4199999999998,411.7999999999998,466
2026-05-18T18:30:00+00:00,411.7999999999998,412.2399999999998,410.64999999999975,411.08999999999975,344
2026-05-18T18:35:00+00:00,411.08999999999975,411.70999999999975,410.46999999999974,410.6099999999998,316
2026-05-18T18:40:00+00:00,410.6099999999998,412.14999999999975,410.4799999999998,411.82999999999976,312
2026-05-18T18:45:00+00:00,411.82999999999976,412.6099999999998,410.63999999999976,411.00999999999976,326
2026-05-18T18:50:00+00:00,411.00999999999976,412.4299999999998,410.75999999999976,411.96999999999974,354
2026-05-18T18:55:00+00:00,411.96999999999974,414.08999999999975,411.4299999999998,413.71999999999974,350
2026-05-18T19:00:00+00:00,413.71999999999974,420.4199999999998,413.51999999999975,416.08999999999975,646
2026-05-18T19:05:00+00:00,416.08999999999975,417.08999999999975,413.6699999999998,415.69999999999976,320
2026-05-18T19:10:00+00:00,415.69999999999976,417.2999999999998,415.4199999999998,415.8699999999998,385
2026-05-18T19:15:00+00:00,415.8699999999998,416.2899999999998,414.25999999999976,414.51999999999975,438
2026-05-18T19:20:00+00:00,414.51999999999975,415.39999999999975,413.62999999999977,414.4199999999998,383
2026-05-18T19:25:00+00:00,414.4199999999998,414.4199999999998,412.8699999999998,413.58999999999975,373
2026-05-18T19:30:00+00:00,413.58999999999975,415.7999999999998,413.06999999999977,414.13999999999976,455
2026-05-18T19:35:00+00:00,414.13999999999976,417.9799999999998,414.12999999999977,417.8599999999998,414
2026-05-18T19:40:00+00:00,417.8599999999998,418.31999999999977,416.76999999999975,418.06999999999977,554
2026-05-18T19:45:00+00:00,418.06999999999977,419.58999999999975,417.87999999999977,418.7899999999998,428
2026-05-18T19:50:00+00:00,418.7899999999998,420.94999999999976,418.01999999999975,420.83999999999975,603
2026-05-18T19:55:00+00:00,420.83999999999975,421.69999999999976,419.38999999999976,420.8499999999998,1026
2026-05-19T13:30:00+00:00,420.8499999999998,423.1699999999998,410.2899999999998,418.77999999999975,1207
2026-05-19T13:35:00+00:00,418.77999999999975,428.0499999999998,418.52999999999975,425.27999999999975,1173
2026-05-19T13:40:00+00:00,425.27999999999975,425.9099999999998,418.1199999999998,418.26999999999975,1245
2026-05-19T13:45:00+00:00,418.26999999999975,418.71999999999974,413.08999999999975,413.1099999999998,1063
2026-05-19T13:50:00+00:00,413.1099999999998,414.27999999999975,411.56999999999977,413.9099999999998,955
2026-05-19T13:55:00+00:00,413.9099999999998,415.13999999999976,404.7299999999998,404.9799999999998,984
2026-05-19T14:00:00+00:00,404.9799999999998,405.94999999999976,402.7899999999998,404.12999999999977,1063
2026-05-19T14:05:00+00:00,404.12999999999977,404.4799999999998,398.14999999999975,399.21999999999974,1237
2026-05-19T14:10:00+00:00,399.21999999999974,399.77999999999975,395.96999999999974,396.27999999999975,1241
2026-05-19T14:15:00+00:00,396.27999999999975,396.4299999999998,393.76999999999975,393.9799999999998,1201
2026-05-19T14:20:00+00:00,393.9799999999998,396.0399999999998,393.18999999999977,395.64999999999975,1177
2026-05-19T14:25:00+00:00,395.64999999999975,397.1199999999998,394.19999999999976,395.43999999999977,1177
2026-05-19T14:30:00+00:00,395.43999999999977,397.64999999999975,394.26999999999975,394.52999999999975,1086
2026-05-19T14:35:00+00:00,394.52999999999975,399.56999999999977,393.77999999999975,399.26999999999975,1041
2026-05-19T14:40:00+00:00,399.26999999999975,400.0399999999998,396.77999999999975,396.9999999999998,933
2026-05-19T14:45:00+00:00,396.9999999999998,398.3499999999998,395.46999999999974,396.9999999999998,885
2026-05-19T14:50:00+00:00,396.9999999999998,401.45999999999975,396.1599999999998,400.6699999999998,931
2026-05-19T14:55:00+00:00,400.6699999999998,403.25999999999976,400.32999999999976,402.9199999999998,815
2026-05-19T15:00:00+00:00,402.9199999999998,405.1699999999998,402.8699999999998,404.2899999999998,829
2026-05-19T15:05:00+00:00,404.2899999999998,404.4799999999998,401.26999999999975,402.12999999999977,659
2026-05-19T15:10:00+00:00,402.12999999999977,405.58999999999975,402.12999999999977,405.4999999999998,760
2026-05-19T15:15:00+00:00,405.4999999999998,407.7999999999998,405.3699999999998,405.76999999999975,816
2026-05-19T15:20:00+00:00,405.76999999999975,407.6799999999998,405.76999999999975,405.88999999999976,675
2026-05-19T15:25:00+00:00,405.88999999999976,408.3099999999998,405.0399999999998,407.76999999999975,705
2026-05-19T15:30:00+00:00,407.76999999999975,409.6799999999998,407.2999999999998,407.6699999999998,657
2026-05-19T15:35:00+00:00,407.6699999999998,409.81999999999977,407.07999999999976,409.6799999999998,543
2026-05-19T15:40:00+00:00,409.6799999999998,410.3699999999998,408.27999999999975,409.1599999999998,603
2026-05-19T15:45:00+00:00,409.1599999999998,409.9899999999998,408.0599999999998,408.1199999999998,478
2026-05-19T15:50:00+00:00,408.1199999999998,408.44999999999976,406.5999999999998,407.1799999999998,497
2026-05-19T15:55:00+00:00,407.1799999999998,407.9199999999998,405.8099999999998,407.43999999999977,577
2026-05-19T16:00:00+00:00,407.43999999999977,409.95999999999975,407.26999999999975,409.7899999999998,521
2026-05-19T16:05:00+00:00,409.7899999999998,410.64999999999975,409.00999999999976,409.1799999999998,470
2026-05-19T16:10:00+00:00,409.1799999999998,410.7299999999998,408.57999999999976,409.6699999999998,498
2026-05-19T16:15:00+00:00,409.6699999999998,411.31999999999977,409.6699999999998,410.57999999999976,417
2026-05-19T16:20:00+00:00,410.57999999999976,411.62999999999977,410.0999999999998,410.96999999999974,402
2026-05-19T16:25:00+00:00,410.96999999999974,414.71999999999974,410.9099999999998,414.71999999999974,547
2026-05-19T16:30:00+00:00,414.71999999999974,415.9899999999998,414.1799999999998,415.83999999999975,603
2026-05-19T16:35:00+00:00,415.83999999999975,418.32999999999976,415.76999999999975,417.64999999999975,709
2026-05-19T16:40:00+00:00,417.64999999999975,419.0399999999998,417.4899999999998,418.5499999999998,636
2026-05-19T16:45:00+00:00,418.5499999999998,419.13999999999976,416.9799999999998,417.6699999999998,630
2026-05-19T16:50:00+00:00,417.6699999999998,419.3499999999998,417.2899999999998,419.13999999999976,613
2026-05-19T16:55:00+00:00,419.13999999999976,419.68999999999977,418.26999999999975,419.08999999999975,516
2026-05-19T17:00:00+00:00,419.08999999999975,421.68999999999977,418.76999999999975,421.56999999999977,464
2026-05-19T17:05:00+00:00,421.56999999999977,422.13999999999976,420.2299999999998,421.02999999999975,430
2026-05-19T17:10:00+00:00,421.02999999999975,422.1599999999998,420.6599999999998,421.77999999999975,378
2026-05-19T17:15:00+00:00,421.77999999999975,423.18999999999977,421.76999999999975,422.7899999999998,420
2026-05-19T17:20:00+00:00,422.7899999999998,424.68999999999977,421.76999999999975,423.4799999999998,529
2026-05-19T17:25:00+00:00,423.4799999999998,423.70999999999975,421.07999999999976,422.07999999999976,511
2026-05-19T17:30:00+00:00,422.07999999999976,423.46999999999974,422.07999999999976,423.2899999999998,518
2026-05-19T17:35:00+00:00,423.2899999999998,423.2899999999998,422.2299999999998,422.77999999999975,384
2026-05-19T17:40:00+00:00,422.77999999999975,423.51999999999975,421.8499999999998,422.07999999999976,407
2026-05-19T17:45:00+00:00,422.07999999999976,422.38999999999976,420.2999999999998,422.1099999999998,582
2026-05-19T17:50:00+00:00,422.1099999999998,422.4899999999998,419.31999999999977,420.20999999999975,479
2026-05-19T17:55:00+00:00,420.20999999999975,422.7999999999998,420.20999999999975,422.4099999999998,475
2026-05-19T18:00:00+00:00,422.4099999999998,423.3099999999998,422.2899999999998,422.45999999999975,424
2026-05-19T18:05:00+00:00,422.45999999999975,423.2299999999998,422.3499999999998,422.39999999999975,307
2026-05-19T18:10:00+00:00,422.39999999999975,422.56999999999977,420.77999999999975,420.8099999999998,301
2026-05-19T18:15:00+00:00,420.8099999999998,421.46999999999974,418.2499999999998,418.2899999999998,494
2026-05-19T18:20:00+00:00,418.2899999999998,418.7499999999998,416.3699999999998,417.7899999999998,518
2026-05-19T18:25:00+00:00,417.7899999999998,419.27999999999975,417.56999999999977,418.0399999999998,414
2026-05-19T18:30:00+00:00,418.0399999999998,418.6799999999998,417.6799999999998,418.08999999999975,376
2026-05-19T18:35:00+00:00,418.08999999999975,418.71999999999974,417.2899999999998,417.32999999999976,301
2026-05-19T18:40:00+00:00,417.32999999999976,417.58999999999975,416.27999999999975,417.3699999999998,335
2026-05-19T18:45:00+00:00,417.3699999999998,417.5599999999998,415.9899999999998,416.76999999999975,383
2026-05-19T18:50:00+00:00,416.76999999999975,417.32999999999976,415.9899999999998,415.9999999999998,342
2026-05-19T18:55:00+00:00,415.9999999999998,415.9999999999998,414.7999999999998,415.4899999999998,466
2026-05-19T19:00:00+00:00,415.4899999999998,417.95999999999975,415.46999999999974,417.27999999999975,485
2026-05-19T19:05:00+00:00,417.27999999999975,418.6099999999998,416.5399999999998,418.43999999999977,358
2026-05-19T19:10:00+00:00,418.43999999999977,420.26999999999975,418.43999999999977,419.8499999999998,383
2026-05-19T19:15:00+00:00,419.8499999999998,419.88999999999976,416.9999999999998,416.9999999999998,429
2026-05-19T19:20:00+00:00,416.9999999999998,417.06999999999977,414.77999999999975,414.7899999999998,466
2026-05-19T19:25:00+00:00,414.7899999999998,416.45999999999975,414.68999999999977,416.19999999999976,461
2026-05-19T19:30:00+00:00,416.19999999999976,418.2399999999998,416.08999999999975,416.6699999999998,513
2026-05-19T19:35:00+00:00,416.6699999999998,417.14999999999975,415.2899999999998,416.2299999999998,425
2026-05-19T19:40:00+00:00,416.2299999999998,416.8099999999998,415.51999999999975,415.96999999999974,440
2026-05-19T19:45:00+00:00,415.96999999999974,416.5599999999998,414.96999999999974,415.1799999999998,492
2026-05-19T19:50:00+00:00,415.1799999999998,416.58999999999975,412.26999999999975,412.7999999999998,726
2026-05-19T19:55:00+00:00,412.7999999999998,414.52999999999975,411.2899999999998,414.38999999999976,1261
2026-05-20T13:30:00+00:00,414.38999999999976,432.20999999999975,414.38999999999976,431.02999999999975,1071
2026-05-20T13:35:00+00:00,431.02999999999975,432.12999999999977,427.02999999999975,429.37999999999977,959
2026-05-20T13:40:00+00:00,429.37999999999977,434.43999999999977,427.77999999999975,433.7899999999998,902
2026-05-20T13:45:00+00:00,433.7899999999998,435.5499999999998,429.14999999999975,434.57999999999976,891
2026-05-20T13:50:00+00:00,434.57999999999976,436.25999999999976,430.8699999999998,430.93999999999977,859
2026-05-20T13:55:00+00:00,430.93999999999977,433.9799999999998,429.89999999999975,433.9799999999998,727
2026-05-20T14:00:00+00:00,433.9799999999998,436.9999999999998,433.89999999999975,436.18999999999977,800
2026-05-20T14:05:00+00:00,436.18999999999977,440.4199999999998,436.1099999999998,439.6599999999998,809
2026-05-20T14:10:00+00:00,439.6599999999998,441.27999999999975,434.77999999999975,438.75999999999976,1105
2026-05-20T14:15:00+00:00,438.75999999999976,444.39999999999975,438.21999999999974,441.57999999999976,889
2026-05-20T14:20:00+00:00,441.57999999999976,445.4299999999998,441.57999999999976,441.93999999999977,747
2026-05-20T14:25:00+00:00,441.93999999999977,444.6599999999998,441.2899999999998,444.01999999999975,622
2026-05-20T14:30:00+00:00,444.01999999999975,445.89999999999975,443.1099999999998,443.7899999999998,683
2026-05-20T14:35:00+00:00,443.7899999999998,444.58999999999975,442.62999999999977,443.76999999999975,749
2026-05-20T14:40:00+00:00,443.76999999999975,444.7899999999998,442.6699999999998,443.3499999999998,566
2026-05-20T14:45:00+00:00,443.3499999999998,444.68999999999977,442.56999999999977,443.2399999999998,648
2026-05-20T14:50:00+00:00,443.2399999999998,445.0399999999998,441.8499999999998,444.38999999999976,509
2026-05-20T14:55:00+00:00,444.38999999999976,444.77999999999975,443.76999999999975,444.3399999999997,469.093896713615
2026-05-20T15:00:00+00:00,444.3399999999997,444.8999999999997,442.67999999999967,443.17999999999967,502
2026-05-20T15:05:00+00:00,443.17999999999967,445.2299999999997,442.9599999999997,444.2099999999997,473
2026-05-20T15:10:00+00:00,444.2099999999997,444.5199999999997,443.3599999999997,443.7699999999997,347
2026-05-20T15:15:00+00:00,443.7699999999997,447.0799999999997,443.7699999999997,445.24999999999966,1019
2026-05-20T15:20:00+00:00,445.24999999999966,446.55999999999966,444.36999999999966,444.8399999999997,420
2026-05-20T15:25:00+00:00,444.8399999999997,446.3399999999997,444.8199999999997,445.4099999999997,406
2026-05-20T15:30:00+00:00,445.4099999999997,446.5399999999997,445.37999999999965,446.3899999999997,384
2026-05-20T15:35:00+00:00,446.3899999999997,447.48999999999967,446.3199999999997,446.67999999999967,402
2026-05-20T15:40:00+00:00,446.67999999999967,447.0299999999997,445.92999999999967,446.5799999999997,347
2026-05-20T15:45:00+00:00,446.5799999999997,446.9499999999997,446.0299999999997,446.5399999999997,268
2026-05-20T15:50:00+00:00,446.5399999999997,447.73999999999967,446.5199999999997,447.49999999999966,385
2026-05-20T15:55:00+00:00,447.49999999999966,448.1599999999997,446.92999999999967,448.1599999999997,435
2026-05-20T16:00:00+00:00,448.1599999999997,448.2899999999997,447.49999999999966,447.5299999999997,348
2026-05-20T16:05:00+00:00,447.5299999999997,447.68999999999966,445.37999999999965,445.8999999999997,330
2026-05-20T16:10:00+00:00,445.8999999999997,446.5199999999997,445.2299999999997,445.2799999999997,318
2026-05-20T16:15:00+00:00,445.2799999999997,445.2799999999997,442.87999999999965,443.0899999999997,498
2026-05-20T16:20:00+00:00,443.0899999999997,444.05999999999966,442.7799999999997,442.7799999999997,501
2026-05-20T16:25:00+00:00,442.7799999999997,442.9099999999997,441.17999999999967,442.62999999999965,593
2026-05-20T16:30:00+00:00,442.62999999999965,444.3399999999997,442.3499999999997,442.92999999999967,406
2026-05-20T16:35:00+00:00,442.92999999999967,444.43999999999966,442.7199999999997,443.5099999999997,353
2026-05-20T16:40:00+00:00,443.5099999999997,445.12999999999965,443.1999999999997,444.2199999999997,362
2026-05-20T16:45:00+00:00,444.2199999999997,444.61999999999966,443.17999999999967,443.8399999999997,324
2026-05-20T16:50:00+00:00,443.8399999999997,444.6499999999997,443.6699999999997,444.5299999999997,264
2026-05-20T16:55:00+00:00,444.5299999999997,445.17999999999967,442.8899999999997,443.98999999999967,369
2026-05-20T17:00:00+00:00,443.98999999999967,444.79999999999967,443.29999999999967,444.11999999999966,348
2026-05-20T17:05:00+00:00,444.11999999999966,445.5399999999997,443.8899999999997,444.6099999999997,311
2026-05-20T17:10:00+00:00,444.6099999999997,446.0399999999997,444.2899999999997,445.48999999999967,405
2026-05-20T17:15:00+00:00,445.48999999999967,445.49999999999966,443.5299999999997,444.17999999999967,313
2026-05-20T17:20:00+00:00,444.17999999999967,445.0799999999997,443.62999999999965,444.12999999999965,247
2026-05-20T17:25:00+00:00,444.12999999999965,444.98999999999967,443.9799999999997,444.3199999999997,270
2026-05-20T17:30:00+00:00,444.3199999999997,444.5799999999997,443.3899999999997,443.5199999999997,243
2026-05-20T17:35:00+00:00,443.5199999999997,444.6399999999997,443.29999999999967,443.6999999999997,231
2026-05-20T17:40:00+00:00,443.6999999999997,444.0299999999997,443.1499999999997,443.5399999999997,232
2026-05-20T17:45:00+00:00,443.5399999999997,444.1599999999997,443.37999999999965,444.0299999999997,199
2026-05-20T17:50:00+00:00,444.0299999999997,444.8199999999997,443.7699999999997,443.87999999999965,240
2026-05-20T17:55:00+00:00,443.87999999999965,444.5399999999997,443.7299999999997,444.5099999999997,211
2026-05-20T18:00:00+00:00,444.5099999999997,445.48999999999967,444.0899999999997,445.04999999999967,329
2026-05-20T18:05:00+00:00,445.04999999999967,445.42999999999967,444.30999999999966,445.42999999999967,267
2026-05-20T18:10:00+00:00,445.42999999999967,445.8299999999997,444.4099999999997,444.48999999999967,300
2026-05-20T18:15:00+00:00,444.48999999999967,444.7899999999997,444.17999999999967,444.6699999999997,266
2026-05-20T18:20:00+00:00,444.6699999999997,444.74999999999966,443.7899999999997,443.7899999999997,259
2026-05-20T18:25:00+00:00,443.7899999999997,444.6099999999997,443.67999999999967,444.4199999999997,236
2026-05-20T18:30:00+00:00,444.4199999999997,444.6999999999997,443.3199999999997,443.8299999999997,236
2026-05-20T18:35:00+00:00,443.8299999999997,445.18999999999966,443.67999999999967,444.7199999999997,228
2026-05-20T18:40:00+00:00,444.7199999999997,445.05999999999966,443.9799999999997,444.3499999999997,283
2026-05-20T18:45:00+00:00,444.3499999999997,445.0399999999997,443.87999999999965,443.9199999999997,270
2026-05-20T18:50:00+00:00,443.9199999999997,444.3599999999997,443.5799999999997,443.86999999999966,209
2026-05-20T18:55:00+00:00,443.86999999999966,444.4099999999997,443.5899999999997,443.9099999999997,224
2026-05-20T19:00:00+00:00,443.9099999999997,445.12999999999965,443.73999999999967,445.0099999999997,229
2026-05-20T19:05:00+00:00,445.0099999999997,447.3399999999997,444.86999999999966,446.98999999999967,434
2026-05-20T19:10:00+00:00,446.98999999999967,447.1999999999997,446.3199999999997,446.87999999999965,319
2026-05-20T19:15:00+00:00,446.87999999999965,448.2199999999997,446.8399999999997,447.8299999999997,409
2026-05-20T19:20:00+00:00,447.8299999999997,448.7099999999997,447.79999999999967,448.5699999999997,300
2026-05-20T19:25:00+00:00,448.5699999999997,448.98999999999967,447.9099999999997,448.55999999999966,367
2026-05-20T19:30:00+00:00,448.55999999999966,448.8299999999997,447.5199999999997,447.6699999999997,383
2026-05-20T19:35:00+00:00,447.6699999999997,448.5099999999997,446.8599999999997,447.8499999999997,447
2026-05-20T19:40:00+00:00,447.8499999999997,447.8499999999997,446.3999999999997,446.5299999999997,283
2026-05-20T19:45:00+00:00,446.5299999999997,447.0399999999997,445.1999999999997,445.37999999999965,362
2026-05-20T19:50:00+00:00,445.37999999999965,445.3899999999997,443.0799999999997,445.0099999999997,653
2026-05-20T19:55:00+00:00,445.0099999999997,447.3999999999997,444.7899999999997,447.2799999999997,1139
2026-05-21T13:30:00+00:00,447.2799999999997,447.2799999999997,439.8899999999997,444.5799999999997,870
2026-05-21T13:35:00+00:00,444.5799999999997,446.7199999999997,443.18999999999966,444.04999999999967,749
2026-05-21T13:40:00+00:00,444.04999999999967,447.4199999999997,442.67999999999967,444.11999999999966,688
2026-05-21T13:45:00+00:00,444.11999999999966,445.2299999999997,442.67999999999967,443.3599999999997,552
2026-05-21T13:50:00+00:00,443.3599999999997,443.99999999999966,440.17999999999967,441.4099999999997,700
2026-05-21T13:55:00+00:00,441.4099999999997,442.6999999999997,439.67999999999967,440.37999999999965,693
2026-05-21T14:00:00+00:00,440.37999999999965,442.05999999999966,439.8299999999997,440.2599999999997,683
2026-05-21T14:05:00+00:00,440.2599999999997,440.2599999999997,438.23999999999967,439.86999999999966,640
2026-05-21T14:10:00+00:00,439.86999999999966,440.6099999999997,436.2299999999997,437.1399999999997,678
2026-05-21T14:15:00+00:00,437.1399999999997,437.6999999999997,433.93999999999966,433.93999999999966,690
2026-05-21T14:20:00+00:00,433.93999999999966,434.0299999999997,431.5099999999997,432.7599999999997,830
2026-05-21T14:25:00+00:00,432.7599999999997,433.73999999999967,431.2799999999997,432.2799999999997,600
2026-05-21T14:30:00+00:00,432.2799999999997,435.3199999999997,431.93999999999966,435.11999999999966,767
2026-05-21T14:35:00+00:00,435.11999999999966,437.1399999999997,434.67999999999967,436.9699999999997,637
2026-05-21T14:40:00+00:00,436.9699999999997,438.2099999999997,436.18999999999966,437.7699999999997,606
2026-05-21T14:45:00+00:00,437.7699999999997,438.5399999999997,436.2899999999997,436.3999999999997,557
2026-05-21T14:50:00+00:00,436.3999999999997,437.5199999999997,434.74999999999966,435.79999999999967,668
2026-05-21T14:55:00+00:00,435.79999999999967,436.04999999999967,434.4599999999997,435.1999999999997,572
2026-05-21T15:00:00+00:00,435.1999999999997,435.4799999999997,434.17999999999967,434.7799999999997,490
2026-05-21T15:05:00+00:00,434.7799999999997,435.5999999999997,433.68999999999966,435.1699999999997,497
2026-05-21T15:10:00+00:00,435.1699999999997,437.7099999999997,433.9199999999997,437.3599999999997,574
2026-05-21T15:15:00+00:00,437.3599999999997,437.62999999999965,436.36999999999966,437.2699999999997,389
2026-05-21T15:20:00+00:00,437.2699999999997,438.79999999999967,437.0199999999997,437.99999999999966,431
2026-05-21T15:25:00+00:00,437.99999999999966,439.1499999999997,437.87999999999965,437.93999999999966,420
2026-05-21T15:30:00+00:00,437.93999999999966,438.0199999999997,436.4099999999997,436.5699999999997,441
2026-05-21T15:35:00+00:00,436.5699999999997,439.6399999999997,436.4099999999997,439.42999999999967,395
2026-05-21T15:40:00+00:00,439.42999999999967,440.1699999999997,439.17999999999967,439.7299999999997,498
2026-05-21T15:45:00+00:00,439.7299999999997,442.3499999999997,439.7299999999997,441.42999999999967,454
2026-05-21T15:50:00+00:00,441.42999999999967,442.4099999999997,441.23999999999967,441.87999999999965,316
2026-05-21T15:55:00+00:00,441.87999999999965,441.9199999999997,440.7599999999997,440.7699999999997,308
2026-05-21T16:00:00+00:00,440.7699999999997,442.5699999999997,440.74999999999966,441.6099999999997,346
2026-05-21T16:05:00+00:00,441.6099999999997,443.3599999999997,441.5199999999997,443.2699999999997,267
2026-05-21T16:10:00+00:00,443.2699999999997,443.7299999999997,441.3599999999997,441.7599999999997,458
2026-05-21T16:15:00+00:00,441.7599999999997,441.92999999999967,440.1699999999997,440.29999999999967,260
2026-05-21T16:20:00+00:00,440.29999999999967,440.9699999999997,439.17999999999967,440.0399999999997,288
2026-05-21T16:25:00+00:00,440.0399999999997,440.30999999999966,439.37999999999965,439.9799999999997,208
2026-05-21T16:30:00+00:00,439.9799999999997,442.1399999999997,439.67999999999967,441.8399999999997,263
2026-05-21T16:35:00+00:00,441.8399999999997,442.5799999999997,441.3199999999997,442.0999999999997,277
2026-05-21T16:40:00+00:00,442.0999999999997,442.5699999999997,441.61999999999966,442.0299999999997,221
2026-05-21T16:45:00+00:00,442.0299999999997,442.1999999999997,440.2199999999997,440.62999999999965,285
2026-05-21T16:50:00+00:00,440.62999999999965,440.7799999999997,439.67999999999967,440.6399999999997,202
2026-05-21T16:55:00+00:00,440.6399999999997,440.87999999999965,440.17999999999967,440.6599999999997,181
2026-05-21T17:00:00+00:00,440.6599999999997,441.5899999999997,440.5399999999997,441.1099999999997,223
2026-05-21T17:05:00+00:00,441.1099999999997,441.36999999999966,440.37999999999965,440.3999999999997,216
2026-05-21T17:10:00+00:00,440.3999999999997,442.6399999999997,440.37999999999965,441.2299999999997,646
2026-05-21T17:15:00+00:00,441.2299999999997,443.6399999999997,441.04999999999967,443.5799999999997,529
2026-05-21T17:20:00+00:00,443.5799999999997,444.7299999999997,441.7199999999997,443.0299999999997,595
2026-05-21T17:25:00+00:00,443.0299999999997,444.04999999999967,442.7299999999997,443.18999999999966,309
2026-05-21T17:30:00+00:00,443.18999999999966,444.74999999999966,442.98999999999967,444.18999999999966,314
2026-05-21T17:35:00+00:00,444.18999999999966,445.2799999999997,444.17999999999967,444.5299999999997,299
2026-05-21T17:40:00+00:00,444.5299999999997,445.3999999999997,444.5299999999997,445.3899999999997,305
2026-05-21T17:45:00+00:00,445.3899999999997,446.12999999999965,444.86999999999966,445.3299999999997,341
2026-05-21T17:50:00+00:00,445.3299999999997,446.4099999999997,444.7099999999997,446.2799999999997,262
2026-05-21T17:55:00+00:00,446.2799999999997,446.6699999999997,444.5099999999997,444.5099999999997,305
2026-05-21T18:00:00+00:00,444.5099999999997,445.4199999999997,443.7799999999997,443.79999999999967,365
2026-05-21T18:05:00+00:00,443.79999999999967,444.9799999999997,443.7099999999997,444.48999999999967,342
2026-05-21T18:10:00+00:00,444.48999999999967,444.6999999999997,443.9699999999997,444.1499999999997,277
2026-05-21T18:15:00+00:00,444.1499999999997,445.74999999999966,443.6699999999997,445.68999999999966,366
2026-05-21T18:20:00+00:00,445.68999999999966,446.0199999999997,444.9499999999997,445.37999999999965,203
2026-05-21T18:25:00+00:00,445.37999999999965,445.92999999999967,445.17999999999967,445.4499999999997,241
2026-05-21T18:30:00+00:00,445.4499999999997,446.2899999999997,445.2099999999997,445.7199999999997,327
2026-05-21T18:35:00+00:00,445.7199999999997,446.0699999999997,445.18999999999966,445.2099999999997,209
2026-05-21T18:40:00+00:00,445.2099999999997,446.1399999999997,445.18999999999966,445.9699999999997,182
2026-05-21T18:45:00+00:00,445.9699999999997,446.17999999999967,443.1999999999997,443.4799999999997,443
2026-05-21T18:50:00+00:00,443.4799999999997,444.3599999999997,441.68999999999966,441.68999999999966,636
2026-05-21T18:55:00+00:00,441.68999999999966,443.3999999999997,441.42999999999967,443.3499999999997,432
2026-05-21T19:00:00+00:00,443.3499999999997,444.2699999999997,442.80999999999966,443.54999999999967,326
2026-05-21T19:05:00+00:00,443.54999999999967,444.6599999999997,442.8599999999997,444.3599999999997,324
2026-05-21T19:10:00+00:00,444.3599999999997,444.4699999999997,442.87999999999965,444.24999999999966,349
2026-05-21T19:15:00+00:00,444.24999999999966,444.73999999999967,443.98999999999967,444.6499999999997,213
2026-05-21T19:20:00+00:00,444.6499999999997,444.80999999999966,443.67999999999967,444.29999999999967,265
2026-05-21T19:25:00+00:00,444.29999999999967,444.5299999999997,443.6699999999997,444.3899999999997,266
2026-05-21T19:30:00+00:00,444.3899999999997,445.0199999999997,443.8999999999997,444.6699999999997,330
2026-05-21T19:35:00+00:00,444.6699999999997,445.98999999999967,444.6699999999997,445.8299999999997,384
2026-05-21T19:40:00+00:00,445.8299999999997,446.5099999999997,445.12999999999965,445.3599999999997,366
2026-05-21T19:45:00+00:00,445.3599999999997,445.8599999999997,444.7899999999997,445.6999999999997,328
2026-05-21T19:50:00+00:00,445.6999999999997,450.5899999999997,445.6999999999997,449.93999999999966,868
2026-05-21T19:55:00+00:00,449.93999999999966,450.1099999999997,447.73999999999967,448.9799999999997,1047
2026-05-22T13:30:00+00:00,448.9799999999997,480.67999999999967,448.9799999999997,474.2699999999997,1556
2026-05-22T13:35:00+00:00,474.2699999999997,476.8199999999997,470.6999999999997,472.3299999999997,1127
2026-05-22T13:40:00+00:00,472.3299999999997,472.49999999999966,466.6599999999997,467.04999999999967,1002
2026-05-22T13:45:00+00:00,467.04999999999967,469.92999999999967,464.68999999999966,465.3599999999997,834
2026-05-22T13:50:00+00:00,465.3599999999997,466.67999999999967,464.1699999999997,465.5299999999997,734
2026-05-22T13:55:00+00:00,465.5299999999997,465.93999999999966,463.7799999999997,465.93999999999966,605
2026-05-22T14:00:00+00:00,465.93999999999966,465.93999999999966,462.8899999999997,464.4599999999997,608
2026-05-22T14:05:00+00:00,464.4599999999997,465.0799999999997,462.92999999999967,464.54999999999967,623
2026-05-22T14:10:00+00:00,464.54999999999967,465.43999999999966,463.05999999999966,463.68999999999966,541
2026-05-22T14:15:00+00:00,463.68999999999966,466.0399999999997,462.62999999999965,463.4499999999997,631
2026-05-22T14:20:00+00:00,463.4499999999997,464.05999999999966,461.3399999999997,462.7699999999997,569
2026-05-22T14:25:00+00:00,462.7699999999997,467.6099999999997,462.61999999999966,467.5299999999997,677
2026-05-22T14:30:00+00:00,467.5299999999997,469.3499999999997,467.17999999999967,468.9099999999997,651
2026-05-22T14:35:00+00:00,468.9099999999997,469.42999999999967,467.68999999999966,468.92999999999967,604
2026-05-22T14:40:00+00:00,468.92999999999967,469.73999999999967,467.67999999999967,468.37999999999965,643
2026-05-22T14:45:00+00:00,468.37999999999965,468.62999999999965,466.79999999999967,467.6099999999997,541
2026-05-22T14:50:00+00:00,467.6099999999997,467.93999999999966,465.99999999999966,466.36999999999966,500
2026-05-22T14:55:00+00:00,466.36999999999966,467.3399999999997,466.36999999999966,466.8599999999996,401.0420716889429
2026-05-22T15:00:00+00:00,466.8599999999996,468.5299999999996,466.5499999999996,467.9599999999996,395
2026-05-22T15:05:00+00:00,467.9599999999996,471.8099999999996,467.4499999999996,471.8099999999996,572
2026-05-22T15:10:00+00:00,471.8099999999996,473.1199999999996,471.4499999999996,472.6999999999996,600
2026-05-22T15:15:00+00:00,472.6999999999996,473.5299999999996,472.15999999999957,472.6499999999996,502
2026-05-22T15:20:00+00:00,472.6499999999996,472.6799999999996,469.84999999999957,470.0299999999996,581
2026-05-22T15:25:00+00:00,470.0299999999996,471.8999999999996,469.7499999999996,469.7799999999996,435
2026-05-22T15:30:00+00:00,469.7799999999996,471.1899999999996,469.7499999999996,470.1099999999996,421
2026-05-22T15:35:00+00:00,470.1099999999996,470.4499999999996,469.3399999999996,470.0799999999996,337
2026-05-22T15:40:00+00:00,470.0799999999996,470.5399999999996,469.5199999999996,470.3399999999996,349
2026-05-22T15:45:00+00:00,470.3399999999996,470.7799999999996,468.2499999999996,468.3699999999996,371
2026-05-22T15:50:00+00:00,468.3699999999996,471.1399999999996,467.9899999999996,470.3999999999996,389
2026-05-22T15:55:00+00:00,470.3999999999996,471.1799999999996,469.9899999999996,470.4199999999996,376
2026-05-22T16:00:00+00:00,470.4199999999996,470.7099999999996,468.90999999999957,469.8699999999996,357
2026-05-22T16:05:00+00:00,469.8699999999996,470.3599999999996,469.1499999999996,470.3099999999996,288
2026-05-22T16:10:00+00:00,470.3099999999996,470.4899999999996,469.6499999999996,469.84999999999957,213
2026-05-22T16:15:00+00:00,469.84999999999957,469.84999999999957,467.2699999999996,467.2699999999996,424
2026-05-22T16:20:00+00:00,467.2699999999996,467.5299999999996,466.1499999999996,466.1699999999996,374
2026-05-22T16:25:00+00:00,466.1699999999996,467.6699999999996,465.8999999999996,467.3899999999996,394
2026-05-22T16:30:00+00:00,467.3899999999996,468.2199999999996,466.9499999999996,467.0099999999996,364
2026-05-22T16:35:00+00:00,467.0099999999996,467.9499999999996,466.1499999999996,466.6299999999996,345
2026-05-22T16:40:00+00:00,466.6299999999996,467.3999999999996,465.6499999999996,466.90999999999957,351
2026-05-22T16:45:00+00:00,466.90999999999957,468.4499999999996,466.90999999999957,468.0699999999996,273
2026-05-22T16:50:00+00:00,468.0699999999996,469.0799999999996,467.9299999999996,468.9499999999996,311
2026-05-22T16:55:00+00:00,468.9499999999996,470.1499999999996,468.4799999999996,469.7199999999996,342
2026-05-22T17:00:00+00:00,469.7199999999996,471.5599999999996,469.6899999999996,470.84999999999957,342
2026-05-22T17:05:00+00:00,470.84999999999957,471.9999999999996,470.6899999999996,471.6699999999996,348
2026-05-22T17:10:00+00:00,471.6699999999996,471.6699999999996,470.7199999999996,470.7299999999996,245
2026-05-22T17:15:00+00:00,470.7299999999996,471.1299999999996,467.9699999999996,467.9699999999996,320
2026-05-22T17:20:00+00:00,467.9699999999996,470.1299999999996,467.84999999999957,470.1299999999996,351
2026-05-22T17:25:00+00:00,470.1299999999996,471.1199999999996,469.5699999999996,471.0099999999996,470
2026-05-22T17:30:00+00:00,471.0099999999996,471.6699999999996,470.1899999999996,471.0199999999996,376
2026-05-22T17:35:00+00:00,471.0199999999996,472.5899999999996,470.7999999999996,472.0399999999996,394
2026-05-22T17:40:00+00:00,472.0399999999996,472.2499999999996,471.1699999999996,471.1699999999996,325
2026-05-22T17:45:00+00:00,471.1699999999996,472.6499999999996,470.90999999999957,472.3699999999996,273
2026-05-22T17:50:00+00:00,472.3699999999996,472.6699999999996,471.6499999999996,472.0699999999996,320
2026-05-22T17:55:00+00:00,472.0699999999996,473.0499999999996,471.1099999999996,471.7599999999996,345
2026-05-22T18:00:00+00:00,471.7599999999996,472.5299999999996,470.8599999999996,471.2899999999996,397
2026-05-22T18:05:00+00:00,471.2899999999996,474.4499999999996,471.2699999999996,473.8999999999996,405
2026-05-22T18:10:00+00:00,473.8999999999996,474.3599999999996,472.1699999999996,472.1799999999996,385
2026-05-22T18:15:00+00:00,472.1799999999996,473.7799999999996,470.9599999999996,472.1699999999996,424
2026-05-22T18:20:00+00:00,472.1699999999996,472.7699999999996,471.4999999999996,472.5699999999996,328
2026-05-22T18:25:00+00:00,472.5699999999996,472.7099999999996,471.2999999999996,471.6399999999996,298
2026-05-22T18:30:00+00:00,471.6399999999996,471.8099999999996,469.6499999999996,469.8099999999996,298
2026-05-22T18:35:00+00:00,469.8099999999996,470.2299999999996,468.8799999999996,470.2099999999996,388
2026-05-22T18:40:00+00:00,470.2099999999996,470.90999999999957,469.9799999999996,470.3899999999996,303
2026-05-22T18:45:00+00:00,470.3899999999996,470.7099999999996,469.2699999999996,470.0799999999996,295
2026-05-22T18:50:00+00:00,470.0799999999996,470.2199999999996,469.5399999999996,469.9299999999996,236
2026-05-22T18:55:00+00:00,469.9299999999996,470.4999999999996,469.1699999999996,469.8199999999996,269
2026-05-22T19:00:00+00:00,469.8199999999996,470.2499999999996,468.1499999999996,468.3599999999996,437
2026-05-22T19:05:00+00:00,468.3599999999996,468.8599999999996,466.4499999999996,467.1199999999996,368
2026-05-22T19:10:00+00:00,467.1199999999996,468.34999999999957,466.8999999999996,467.4699999999996,367
2026-05-22T19:15:00+00:00,467.4699999999996,467.6199999999996,466.9199999999996,467.0499999999996,421
2026-05-22T19:20:00+00:00,467.0499999999996,467.4299999999996,465.7699999999996,466.0399999999996,403
2026-05-22T19:25:00+00:00,466.0399999999996,466.9999999999996,465.7099999999996,466.0199999999996,427
2026-05-22T19:30:00+00:00,466.0199999999996,467.5199999999996,465.9499999999996,467.34999999999957,351
2026-05-22T19:35:00+00:00,467.34999999999957,468.5199999999996,466.9299999999996,468.4199999999996,380
2026-05-22T19:40:00+00:00,468.4199999999996,468.7499999999996,467.2799999999996,467.6199999999996,332
2026-05-22T19:45:00+00:00,467.6199999999996,467.6199999999996,466.15999999999957,466.5899999999996,500
2026-05-22T19:50:00+00:00,466.5899999999996,467.5899999999996,465.9499999999996,466.15999999999957,624
2026-05-22T19:55:00+00:00,466.15999999999957,467.8599999999996,466.1099999999996,467.3299999999996,881
2026-05-26T13:30:00+00:00,467.3299999999996,489.0499999999996,467.3299999999996,481.6299999999996,1083
2026-05-26T13:35:00+00:00,481.6299999999996,482.1999999999996,479.8899999999996,480.8999999999996,773
2026-05-26T13:40:00+00:00,480.8999999999996,488.8599999999996,480.8899999999996,486.9999999999996,972
2026-05-26T13:45:00+00:00,486.9999999999996,490.2799999999996,486.9199999999996,488.6099999999996,882
2026-05-26T13:50:00+00:00,488.6099999999996,491.0399999999996,483.9999999999996,490.7799999999996,917
2026-05-26T13:55:00+00:00,490.7799999999996,494.3999999999996,489.7599999999996,493.0199999999996,954
2026-05-26T14:00:00+00:00,493.0199999999996,494.9599999999996,491.5199999999996,491.7399999999996,858
2026-05-26T14:05:00+00:00,491.7399999999996,491.90999999999957,487.9399999999996,490.0199999999996,858
2026-05-26T14:10:00+00:00,490.0199999999996,493.3799999999996,489.6499999999996,493.3699999999996,601
2026-05-26T14:15:00+00:00,493.3699999999996,493.3699999999996,490.5099999999996,491.1899999999996,481
2026-05-26T14:20:00+00:00,491.1899999999996,492.9499999999996,489.4699999999996,492.6399999999996,586
2026-05-26T14:25:00+00:00,492.6399999999996,494.5099999999996,492.5299999999996,493.3899999999996,516
2026-05-26T14:30:00+00:00,493.3899999999996,494.7999999999996,492.6699999999996,494.5699999999996,447
2026-05-26T14:35:00+00:00,494.5699999999996,496.4399999999996,493.4499999999996,493.4599999999996,524
2026-05-26T14:40:00+00:00,493.4599999999996,494.6899999999996,492.1499999999996,492.4499999999996,479
2026-05-26T14:45:00+00:00,492.4499999999996,492.9599999999996,489.6499999999996,490.6799999999996,476
2026-05-26T14:50:00+00:00,490.6799999999996,491.7599999999996,490.5199999999996,491.09999999999957,376
2026-05-26T14:55:00+00:00,491.09999999999957,491.8899999999996,490.1499999999996,490.15999999999957,385
2026-05-26T15:00:00+00:00,490.15999999999957,491.1399999999996,488.8699999999996,489.2099999999996,429
2026-05-26T15:05:00+00:00,489.2099999999996,490.6099999999996,487.6799999999996,490.34999999999957,498
2026-05-26T15:10:00+00:00,490.34999999999957,491.8199999999996,488.9899999999996,491.65999999999957,413
2026-05-26T15:15:00+00:00,491.65999999999957,491.9199999999996,489.6799999999996,491.34999999999957,462
2026-05-26T15:20:00+00:00,491.34999999999957,491.5199999999996,489.3399999999996,490.1099999999996,370
2026-05-26T15:25:00+00:00,490.1099999999996,491.0399999999996,489.4999999999996,489.6699999999996,378
2026-05-26T15:30:00+00:00,489.6699999999996,491.4799999999996,488.9699999999996,490.6099999999996,484
2026-05-26T15:35:00+00:00,490.6099999999996,491.1699999999996,488.6699999999996,489.1999999999996,362
2026-05-26T15:40:00+00:00,489.1999999999996,489.5899999999996,488.5399999999996,489.3299999999996,367
2026-05-26T15:45:00+00:00,489.3299999999996,490.0199999999996,487.7899999999996,487.7899999999996,412
2026-05-26T15:50:00+00:00,487.7899999999996,488.7799999999996,486.0899999999996,486.6099999999996,491
2026-05-26T15:55:00+00:00,486.6099999999996,488.0599999999996,485.1499999999996,487.7999999999996,521
2026-05-26T16:00:00+00:00,487.7999999999996,492.3599999999996,487.40999999999957,492.0399999999996,464
2026-05-26T16:05:00+00:00,492.0399999999996,494.1799999999996,491.7599999999996,492.5499999999996,559
2026-05-26T16:10:00+00:00,492.5499999999996,493.7299999999996,491.6699999999996,493.7299999999996,312
2026-05-26T16:15:00+00:00,493.7299999999996,494.8299999999996,492.5799999999996,493.7199999999996,369
2026-05-26T16:20:00+00:00,493.7199999999996,494.7299999999996,492.7599999999996,494.7299999999996,275
2026-05-26T16:25:00+00:00,494.7299999999996,495.1999999999996,494.0899999999996,494.6399999999996,298
2026-05-26T16:30:00+00:00,494.6399999999996,496.8899999999996,494.5799999999996,495.8599999999996,393
2026-05-26T16:35:00+00:00,495.8599999999996,497.1699999999996,495.8599999999996,495.8699999999996,387
2026-05-26T16:40:00+00:00,495.8699999999996,496.0799999999996,492.9499999999996,493.3799999999996,379
2026-05-26T16:45:00+00:00,493.3799999999996,494.5699999999996,493.1499999999996,493.1999999999996,280
2026-05-26T16:50:00+00:00,493.1999999999996,494.5699999999996,493.1899999999996,494.3899999999996,313
2026-05-26T16:55:00+00:00,494.3899999999996,496.3799999999996,494.1899999999996,496.1899999999996,352
2026-05-26T17:00:00+00:00,496.1899999999996,497.4299999999996,495.8299999999996,497.1699999999996,374
2026-05-26T17:05:00+00:00,497.1699999999996,497.3699999999996,494.7999999999996,495.2199999999996,335
2026-05-26T17:10:00+00:00,495.2199999999996,496.4299999999996,495.1499999999996,496.2999999999996,282
2026-05-26T17:15:00+00:00,496.2999999999996,496.5499999999996,495.4999999999996,495.5799999999996,228
2026-05-26T17:20:00+00:00,495.5799999999996,497.0799999999996,495.4499999999996,496.15999999999957,294
2026-05-26T17:25:00+00:00,496.15999999999957,497.0099999999996,496.09999999999957,496.84999999999957,252
2026-05-26T17:30:00+00:00,496.84999999999957,497.5499999999996,496.4299999999996,497.2899999999996,271
2026-05-26T17:35:00+00:00,497.2899999999996,497.5199999999996,496.1499999999996,496.5499999999996,267
2026-05-26T17:40:00+00:00,496.5499999999996,496.7799999999996,495.6499999999996,496.1699999999996,247
2026-05-26T17:45:00+00:00,496.1699999999996,497.5799999999996,496.1699999999996,497.3599999999996,282
2026-05-26T17:50:00+00:00,497.3599999999996,497.4499999999996,496.4899999999996,496.8399999999996,232
2026-05-26T17:55:00+00:00,496.8399999999996,496.8399999999996,496.0699999999996,496.1499999999996,199
2026-05-26T18:00:00+00:00,496.1499999999996,497.5499999999996,495.0499999999996,497.40999999999957,339
2026-05-26T18:05:00+00:00,497.40999999999957,498.2699999999996,497.3999999999996,497.8799999999996,296
2026-05-26T18:10:00+00:00,497.8799999999996,498.1699999999996,497.3399999999996,497.6299999999996,244
2026-05-26T18:15:00+00:00,497.6299999999996,498.2899999999996,497.3599999999996,497.7899999999996,217
2026-05-26T18:20:00+00:00,497.7899999999996,498.2999999999996,497.3799999999996,497.7299999999996,242
2026-05-26T18:25:00+00:00,497.7299999999996,498.59999999999957,497.6899999999996,498.3699999999996,305
2026-05-26T18:30:00+00:00,498.3699999999996,499.2799999999996,497.9799999999996,498.9799999999996,319
2026-05-26T18:35:00+00:00,498.9799999999996,499.8299999999996,498.4499999999996,498.6899999999996,289
2026-05-26T18:40:00+00:00,498.6899999999996,499.9699999999996,497.9499999999996,498.1699999999996,336
2026-05-26T18:45:00+00:00,498.1699999999996,498.5899999999996,497.8299999999996,498.1099999999996,274
2026-05-26T18:50:00+00:00,498.1099999999996,499.8599999999996,498.09999999999957,499.2099999999996,338
2026-05-26T18:55:00+00:00,499.2099999999996,499.8999999999996,497.6799999999996,498.4899999999996,381
2026-05-26T19:00:00+00:00,498.4899999999996,500.9499999999996,498.0899999999996,500.7499999999996,402
2026-05-26T19:05:00+00:00,500.7499999999996,504.9499999999996,500.4499999999996,504.7399999999996,632
2026-05-26T19:10:00+00:00,504.7399999999996,506.4499999999996,504.5299999999996,505.8999999999996,618
2026-05-26T19:15:00+00:00,505.8999999999996,506.15999999999957,504.6499999999996,504.7599999999996,560
2026-05-26T19:20:00+00:00,504.7599999999996,504.9499999999996,503.40999999999957,504.0199999999996,519
2026-05-26T19:25:00+00:00,504.0199999999996,504.2999999999996,502.8999999999996,502.90999999999957,419
2026-05-26T19:30:00+00:00,502.90999999999957,504.0199999999996,502.7099999999996,503.40999999999957,390
2026-05-26T19:35:00+00:00,503.40999999999957,505.0299999999996,503.0599999999996,504.90999999999957,438
2026-05-26T19:40:00+00:00,504.90999999999957,505.2599999999996,503.6899999999996,503.7899999999996,415
2026-05-26T19:45:00+00:00,503.7899999999996,503.9599999999996,502.9699999999996,503.0899999999996,474
2026-05-26T19:50:00+00:00,503.0899999999996,504.8199999999996,502.3599999999996,504.7499999999996,645
2026-05-26T19:55:00+00:00,504.7499999999996,504.9999999999996,502.7999999999996,503.3799999999996,1162
2026-05-27T13:30:00+00:00,503.3799999999996,509.4399999999996,501.1499999999996,501.6799999999996,1088
2026-05-27T13:35:00+00:00,501.6799999999996,504.0199999999996,495.7699999999996,498.2899999999996,1068
2026-05-27T13:40:00+00:00,498.2899999999996,498.9399999999996,493.4799999999996,494.1499999999996,1042
2026-05-27T13:45:00+00:00,494.1499999999996,498.4199999999996,490.2499999999996,497.7399999999996,981
2026-05-27T13:50:00+00:00,497.7399999999996,502.2999999999996,497.4399999999996,499.6699999999996,935
2026-05-27T13:55:00+00:00,499.6699999999996,502.1299999999996,496.2699999999996,501.4399999999996,785
2026-05-27T14:00:00+00:00,501.4399999999996,501.9899999999996,499.1499999999996,500.65999999999957,505
2026-05-27T14:05:00+00:00,500.65999999999957,501.2299999999996,495.6799999999996,496.8599999999996,620
2026-05-27T14:10:00+00:00,496.8599999999996,497.6499999999996,494.1999999999996,494.7699999999996,579
2026-05-27T14:15:00+00:00,494.7699999999996,496.6499999999996,493.7399999999996,493.7499999999996,509
2026-05-27T14:20:00+00:00,493.7499999999996,494.0199999999996,490.9999999999996,492.7199999999996,653
2026-05-27T14:25:00+00:00,492.7199999999996,492.7199999999996,486.4399999999996,487.90999999999957,907
2026-05-27T14:30:00+00:00,487.90999999999957,489.7499999999996,486.2999999999996,489.7099999999996,712
2026-05-27T14:35:00+00:00,489.7099999999996,492.9799999999996,488.6499999999996,491.9799999999996,601
2026-05-27T14:40:00+00:00,491.9799999999996,494.4899999999996,491.9799999999996,493.7799999999996,444
2026-05-27T14:45:00+00:00,493.7799999999996,497.3899999999996,493.2499999999996,494.3599999999996,420
2026-05-27T14:50:00+00:00,494.3599999999996,496.6999999999996,494.3599999999996,496.2299999999996,374
2026-05-27T14:55:00+00:00,496.2299999999996,496.2499999999996,491.49999999999966,491.5899999999996,452.71536454757654
2026-05-27T15:00:00+00:00,491.5899999999996,491.93999999999954,488.7199999999996,489.23999999999955,480
2026-05-27T15:05:00+00:00,489.23999999999955,491.78999999999957,488.7199999999996,491.57999999999953,398
2026-05-27T15:10:00+00:00,491.57999999999953,493.03999999999957,490.56999999999954,490.73999999999955,376
2026-05-27T15:15:00+00:00,490.73999999999955,490.73999999999955,488.06999999999954,488.2799999999996,369
2026-05-27T15:20:00+00:00,488.2799999999996,488.88999999999953,487.36999999999955,488.69999999999953,416
2026-05-27T15:25:00+00:00,488.69999999999953,490.2699999999995,488.61999999999955,490.2699999999995,304
2026-05-27T15:30:00+00:00,490.2699999999995,491.28999999999957,489.65999999999957,491.22999999999956,318
2026-05-27T15:35:00+00:00,491.22999999999956,491.29999999999956,488.56999999999954,488.56999999999954,268
2026-05-27T15:40:00+00:00,488.56999999999954,489.4699999999996,488.16999999999956,488.67999999999955,259
2026-05-27T15:45:00+00:00,488.67999999999955,490.25999999999954,487.9699999999996,488.7799999999996,276
2026-05-27T15:50:00+00:00,488.7799999999996,490.53999999999957,487.66999999999956,489.57999999999953,267
2026-05-27T15:55:00+00:00,489.57999999999953,491.72999999999956,488.81999999999954,491.18999999999954,224
2026-05-27T16:00:00+00:00,491.18999999999954,492.61999999999955,490.7099999999996,491.69999999999953,322
2026-05-27T16:05:00+00:00,491.69999999999953,494.28999999999957,491.66999999999956,494.16999999999956,264
2026-05-27T16:10:00+00:00,494.16999999999956,496.0199999999995,493.79999999999956,495.93999999999954,322
2026-05-27T16:15:00+00:00,495.93999999999954,496.11999999999955,494.66999999999956,495.49999999999955,266
2026-05-27T16:20:00+00:00,495.49999999999955,496.3999999999996,494.7799999999996,495.55999999999955,279
2026-05-27T16:25:00+00:00,495.55999999999955,495.78999999999957,493.92999999999955,494.22999999999956,253
2026-05-27T16:30:00+00:00,494.22999999999956,494.81999999999954,493.2199999999996,493.69999999999953,242
2026-05-27T16:35:00+00:00,493.69999999999953,494.37999999999954,493.15999999999957,493.7699999999995,184
2026-05-27T16:40:00+00:00,493.7699999999995,494.97999999999956,493.4699999999996,494.41999999999956,193
2026-05-27T16:45:00+00:00,494.41999999999956,496.61999999999955,494.31999999999954,495.59999999999957,283
2026-05-27T16:50:00+00:00,495.59999999999957,495.72999999999956,493.49999999999955,493.8399999999996,236
2026-05-27T16:55:00+00:00,493.8399999999996,494.00999999999954,492.07999999999953,492.5899999999996,240
2026-05-27T17:00:00+00:00,492.5899999999996,493.05999999999955,491.86999999999955,491.90999999999957,190
2026-05-27T17:05:00+00:00,491.90999999999957,492.06999999999954,489.11999999999955,489.13999999999953,237
2026-05-27T17:10:00+00:00,489.13999999999953,490.7799999999996,488.84999999999957,489.9599999999996,265
2026-05-27T17:15:00+00:00,489.9599999999996,491.43999999999954,489.67999999999955,491.31999999999954,210
2026-05-27T17:20:00+00:00,491.31999999999954,493.43999999999954,491.31999999999954,493.41999999999956,256
2026-05-27T17:25:00+00:00,493.41999999999956,494.41999999999956,493.2199999999996,493.42999999999955,272
2026-05-27T17:30:00+00:00,493.42999999999955,494.35999999999956,493.3399999999996,493.62999999999954,179
2026-05-27T17:35:00+00:00,493.62999999999954,494.5899999999996,493.38999999999953,493.38999999999953,174
2026-05-27T17:40:00+00:00,493.38999999999953,493.56999999999954,492.24999999999955,492.32999999999953,166
2026-05-27T17:45:00+00:00,492.32999999999953,493.40999999999957,492.11999999999955,493.2199999999996,186
2026-05-27T17:50:00+00:00,493.2199999999996,494.35999999999956,493.2199999999996,493.79999999999956,154
2026-05-27T17:55:00+00:00,493.79999999999956,494.79999999999956,493.75999999999954,493.87999999999954,163
2026-05-27T18:00:00+00:00,493.87999999999954,495.93999999999954,493.25999999999954,495.68999999999954,229
2026-05-27T18:05:00+00:00,495.68999999999954,496.9699999999996,494.8399999999996,496.18999999999954,224
2026-05-27T18:10:00+00:00,496.18999999999954,496.74999999999955,494.0899999999996,494.47999999999956,206
2026-05-27T18:15:00+00:00,494.47999999999956,495.0199999999995,494.2699999999995,494.57999999999953,139
2026-05-27T18:20:00+00:00,494.57999999999953,496.7099999999996,494.56999999999954,496.7099999999996,220
2026-05-27T18:25:00+00:00,496.7099999999996,498.24999999999955,496.69999999999953,497.9699999999996,264
2026-05-27T18:30:00+00:00,497.9699999999996,498.25999999999954,497.57999999999953,497.7799999999996,216
2026-05-27T18:35:00+00:00,497.7799999999996,497.81999999999954,495.67999999999955,496.42999999999955,235
2026-05-27T18:40:00+00:00,496.42999999999955,497.7699999999995,496.10999999999956,497.06999999999954,187
2026-05-27T18:45:00+00:00,497.06999999999954,497.74999999999955,496.57999999999953,496.5899999999996,188
2026-05-27T18:50:00+00:00,496.5899999999996,497.06999999999954,496.34999999999957,496.43999999999954,196
2026-05-27T18:55:00+00:00,496.43999999999954,496.72999999999956,495.82999999999953,496.17999999999955,184
2026-05-27T19:00:00+00:00,496.17999999999955,496.66999999999956,495.05999999999955,496.2699999999995,217
2026-05-27T19:05:00+00:00,496.2699999999995,496.62999999999954,495.40999999999957,495.59999999999957,186
2026-05-27T19:10:00+00:00,495.59999999999957,496.38999999999953,495.40999999999957,495.86999999999955,207
2026-05-27T19:15:00+00:00,495.86999999999955,496.73999999999955,495.54999999999956,495.55999999999955,224
2026-05-27T19:20:00+00:00,495.55999999999955,496.5899999999996,495.54999999999956,496.28999999999957,226
2026-05-27T19:25:00+00:00,496.28999999999957,496.50999999999954,494.16999999999956,494.60999999999956,256
2026-05-27T19:30:00+00:00,494.60999999999956,496.16999999999956,494.60999999999956,495.67999999999955,277
2026-05-27T19:35:00+00:00,495.67999999999955,496.55999999999955,495.04999999999956,496.06999999999954,290
2026-05-27T19:40:00+00:00,496.06999999999954,496.62999999999954,495.93999999999954,496.54999999999956,208
2026-05-27T19:45:00+00:00,496.54999999999956,497.18999999999954,496.32999999999953,496.48999999999955,317
2026-05-27T19:50:00+00:00,496.48999999999955,497.04999999999956,495.00999999999954,495.07999999999953,346
2026-05-27T19:55:00+00:00,495.07999999999953,496.18999999999954,494.2699999999995,495.22999999999956,1148
2026-05-28T13:30:00+00:00,495.22999999999956,507.0899999999996,495.22999999999956,501.57999999999953,991
2026-05-28T13:35:00+00:00,501.57999999999953,506.23999999999955,499.7199999999996,501.67999999999955,852
2026-05-28T13:40:00+00:00,501.67999999999955,502.19999999999953,497.2699999999995,498.05999999999955,591
2026-05-28T13:45:00+00:00,498.05999999999955,499.10999999999956,493.7199999999996,494.30999999999955,670
2026-05-28T13:50:00+00:00,494.30999999999955,497.63999999999953,493.7199999999996,494.68999999999954,663
2026-05-28T13:55:00+00:00,494.68999999999954,498.37999999999954,494.66999999999956,496.09999999999957,556
2026-05-28T14:00:00+00:00,496.09999999999957,497.16999999999956,493.13999999999953,495.11999999999955,439
2026-05-28T14:05:00+00:00,495.11999999999955,500.42999999999955,494.07999999999953,500.32999999999953,674
2026-05-28T14:10:00+00:00,500.32999999999953,504.98999999999955,498.9699999999996,504.9599999999996,1114
2026-05-28T14:15:00+00:00,504.9599999999996,506.75999999999954,502.25999999999954,505.6499999999996,883
2026-05-28T14:20:00+00:00,505.6499999999996,507.35999999999956,501.25999999999954,501.57999999999953,534
2026-05-28T14:25:00+00:00,501.57999999999953,504.97999999999956,501.57999999999953,504.75999999999954,457
2026-05-28T14:30:00+00:00,504.75999999999954,507.5299999999996,504.48999999999955,505.2199999999996,653
2026-05-28T14:35:00+00:00,505.2199999999996,511.2199999999996,504.8999999999996,510.10999999999956,901
2026-05-28T14:40:00+00:00,510.10999999999956,511.8399999999996,506.7699999999995,507.34999999999957,663
2026-05-28T14:45:00+00:00,507.34999999999957,508.85999999999956,506.2699999999995,507.7799999999996,677
2026-05-28T14:50:00+00:00,507.7799999999996,509.62999999999954,507.38999999999953,508.80999999999955,477
2026-05-28T14:55:00+00:00,508.80999999999955,511.28999999999957,508.56999999999954,511.11999999999955,499
2026-05-28T15:00:00+00:00,511.11999999999955,514.4399999999996,510.72999999999956,514.0599999999996,659
2026-05-28T15:05:00+00:00,514.0599999999996,517.0899999999996,513.9899999999996,516.9599999999996,717
2026-05-28T15:10:00+00:00,516.9599999999996,519.3199999999996,516.7799999999995,518.6999999999996,736
2026-05-28T15:15:00+00:00,518.6999999999996,521.1199999999995,517.2799999999995,520.5299999999995,726
2026-05-28T15:20:00+00:00,520.5299999999995,521.2199999999996,519.7699999999995,519.8599999999996,531
2026-05-28T15:25:00+00:00,519.8599999999996,523.3499999999996,519.0899999999996,523.0899999999996,662
2026-05-28T15:30:00+00:00,523.0899999999996,525.6199999999995,522.1799999999996,525.1799999999996,776
2026-05-28T15:35:00+00:00,525.1799999999996,526.5199999999995,523.9899999999996,524.3299999999996,596
2026-05-28T15:40:00+00:00,524.3299999999996,524.3799999999995,520.5599999999996,520.5699999999996,566
2026-05-28T15:45:00+00:00,520.5699999999996,520.7299999999996,518.8599999999996,518.9199999999995,434
2026-05-28T15:50:00+00:00,518.9199999999995,519.6799999999996,517.7999999999995,517.8199999999996,502
2026-05-28T15:55:00+00:00,517.8199999999996,518.2999999999995,516.8699999999995,517.2899999999995,417
2026-05-28T16:00:00+00:00,517.2899999999995,517.4899999999996,516.1599999999995,516.8199999999996,335
2026-05-28T16:05:00+00:00,516.8199999999996,518.6299999999995,516.5699999999996,517.9299999999996,475
2026-05-28T16:10:00+00:00,517.9299999999996,517.9899999999996,516.6899999999996,516.7199999999996,367
2026-05-28T16:15:00+00:00,516.7199999999996,519.0099999999995,516.6199999999995,518.6899999999996,375
2026-05-28T16:20:00+00:00,518.6899999999996,518.9699999999996,517.1799999999996,518.8899999999995,378
2026-05-28T16:25:00+00:00,518.8899999999995,519.0099999999995,518.0699999999996,518.2499999999995,274
2026-05-28T16:30:00+00:00,518.2499999999995,518.6599999999995,517.0899999999996,517.7599999999995,337
2026-05-28T16:35:00+00:00,517.7599999999995,519.1199999999995,517.5699999999996,518.3199999999996,386
2026-05-28T16:40:00+00:00,518.3199999999996,519.5999999999996,518.3199999999996,519.3799999999995,301
2026-05-28T16:45:00+00:00,519.3799999999995,520.9999999999995,519.0699999999996,520.2199999999996,340
2026-05-28T16:50:00+00:00,520.2199999999996,520.8799999999995,520.1699999999995,520.6799999999996,263
2026-05-28T16:55:00+00:00,520.6799999999996,521.9599999999996,520.4499999999996,521.7899999999995,290
2026-05-28T17:00:00+00:00,521.7899999999995,521.9699999999996,520.1699999999995,520.1899999999996,312
2026-05-28T17:05:00+00:00,520.1899999999996,520.2999999999995,519.2799999999995,519.5099999999995,251
2026-05-28T17:10:00+00:00,519.5099999999995,520.5999999999996,519.3599999999996,519.4299999999996,280
2026-05-28T17:15:00+00:00,519.4299999999996,519.7299999999996,518.2899999999995,518.7499999999995,283
2026-05-28T17:20:00+00:00,518.7499999999995,520.0899999999996,518.5799999999996,519.5299999999995,238
2026-05-28T17:25:00+00:00,519.5299999999995,519.9199999999995,518.1699999999995,518.2299999999996,304
2026-05-28T17:30:00+00:00,518.2299999999996,518.9199999999995,516.8499999999996,516.9399999999996,316
2026-05-28T17:35:00+00:00,516.9399999999996,519.9199999999995,516.8499999999996,519.6999999999996,282
2026-05-28T17:40:00+00:00,519.6999999999996,520.4399999999996,519.4599999999996,520.4399999999996,241
2026-05-28T17:45:00+00:00,520.4399999999996,520.7899999999995,519.0999999999996,519.4499999999996,294
2026-05-28T17:50:00+00:00,519.4499999999996,519.6699999999995,518.5899999999996,518.6299999999995,241
2026-05-28T17:55:00+00:00,518.6299999999995,518.7099999999996,516.1399999999995,517.1999999999996,355
2026-05-28T18:00:00+00:00,517.1999999999996,519.5599999999996,516.4699999999996,519.3399999999996,383
2026-05-28T18:05:00+00:00,519.3399999999996,519.3399999999996,517.5899999999996,518.3799999999995,294
2026-05-28T18:10:00+00:00,518.3799999999995,518.3799999999995,517.0799999999996,517.3999999999995,225
2026-05-28T18:15:00+00:00,517.3999999999995,518.6599999999995,517.2299999999996,518.5899999999996,285
2026-05-28T18:20:00+00:00,518.5899999999996,519.7899999999995,518.1099999999996,519.6799999999996,252
2026-05-28T18:25:00+00:00,519.6799999999996,519.8799999999995,518.6999999999996,518.8699999999995,199
2026-05-28T18:30:00+00:00,518.8699999999995,518.9699999999996,518.3099999999996,518.8199999999996,296
2026-05-28T18:35:00+00:00,518.8199999999996,519.0799999999996,517.8699999999995,518.3499999999996,286
2026-05-28T18:40:00+00:00,518.3499999999996,518.6899999999996,517.9899999999996,518.5499999999995,291
2026-05-28T18:45:00+00:00,518.5499999999995,518.5699999999996,517.0699999999996,517.5099999999995,313
2026-05-28T18:50:00+00:00,517.5099999999995,519.2299999999996,517.5099999999995,518.9599999999996,270
2026-05-28T18:55:00+00:00,518.9599999999996,519.4299999999996,518.3699999999995,518.3899999999995,320
2026-05-28T19:00:00+00:00,518.3899999999995,519.2599999999995,517.1999999999996,518.6299999999995,320
2026-05-28T19:05:00+00:00,518.6299999999995,519.8999999999995,518.5099999999995,519.8999999999995,294
2026-05-28T19:10:00+00:00,519.8999999999995,520.1399999999995,517.6999999999996,517.8399999999996,323
2026-05-28T19:15:00+00:00,517.8399999999996,517.9899999999996,516.2399999999996,516.4199999999995,314
2026-05-28T19:20:00+00:00,516.4199999999995,517.0899999999996,516.1299999999995,517.0699999999996,388
2026-05-28T19:25:00+00:00,517.0699999999996,517.5499999999995,516.5799999999996,517.4099999999995,384
2026-05-28T19:30:00+00:00,517.4099999999995,518.3899999999995,516.7399999999996,517.9599999999996,372
2026-05-28T19:35:00+00:00,517.9599999999996,519.4299999999996,517.6999999999996,519.2399999999996,393
2026-05-28T19:40:00+00:00,519.2399999999996,519.7099999999996,518.2199999999996,519.4399999999996,443
2026-05-28T19:45:00+00:00,519.4399999999996,519.5899999999996,519.0699999999996,519.2199999999996,351
2026-05-28T19:50:00+00:00,519.2199999999996,519.2199999999996,516.2699999999995,516.7099999999996,510
2026-05-28T19:55:00+00:00,516.7099999999996,518.3499999999996,516.6199999999995,517.5899999999996,861
2026-05-29T13:30:00+00:00,517.5899999999996,520.8399999999996,515.5699999999996,515.7999999999995,649
2026-05-29T13:35:00+00:00,515.7999999999995,520.4899999999996,515.0799999999996,519.3099999999996,576
2026-05-29T13:40:00+00:00,519.3099999999996,519.8499999999996,515.2199999999996,516.3699999999995,479
2026-05-29T13:45:00+00:00,516.3699999999995,519.9899999999996,515.3199999999996,519.5599999999996,449
2026-05-29T13:50:00+00:00,519.5599999999996,520.0899999999996,517.8899999999995,517.8899999999995,372
2026-05-29T13:55:00+00:00,517.8899999999995,520.6999999999996,517.6999999999996,519.6499999999995,480
2026-05-29T14:00:00+00:00,519.6499999999995,521.4399999999996,517.4599999999996,517.7699999999995,493
2026-05-29T14:05:00+00:00,517.7699999999995,519.0299999999995,516.7299999999996,516.7499999999995,433
2026-05-29T14:10:00+00:00,516.7499999999995,519.8199999999996,515.7099999999996,517.7699999999995,513
2026-05-29T14:15:00+00:00,517.7699999999995,517.9199999999995,515.3799999999995,515.6799999999996,561
2026-05-29T14:20:00+00:00,515.6799999999996,517.4999999999995,511.7699999999995,511.7699999999995,594
2026-05-29T14:25:00+00:00,511.7699999999995,511.9499999999996,508.44999999999953,511.8199999999996,755
2026-05-29T14:30:00+00:00,511.8199999999996,514.0899999999996,511.7699999999995,514.0899999999996,447
2026-05-29T14:35:00+00:00,514.0899999999996,514.2699999999995,510.32999999999953,510.3399999999996,387
2026-05-29T14:40:00+00:00,510.3399999999996,510.7099999999996,507.40999999999957,507.62999999999954,384
2026-05-29T14:45:00+00:00,507.62999999999954,511.10999999999956,507.13999999999953,510.69999999999953,441
2026-05-29T14:50:00+00:00,510.69999999999953,514.5799999999996,510.68999999999954,512.4099999999995,492
2026-05-29T14:55:00+00:00,512.4099999999995,514.9299999999996,511.88999999999953,513.6499999999995,398.88933539412676
2026-05-29T15:00:00+00:00,513.6499999999995,514.1599999999995,512.6099999999994,513.2499999999995,262
2026-05-29T15:05:00+00:00,513.2499999999995,513.2499999999995,511.2399999999995,512.3199999999995,266
2026-05-29T15:10:00+00:00,512.3199999999995,514.2999999999995,512.2299999999994,513.7299999999994,230
2026-05-29T15:15:00+00:00,513.7299999999994,513.9399999999995,512.5299999999995,512.6999999999995,275
2026-05-29T15:20:00+00:00,512.6999999999995,512.7099999999995,511.0099999999995,512.0299999999995,272
2026-05-29T15:25:00+00:00,512.0299999999995,513.0299999999995,511.01999999999947,512.1199999999995,286
2026-05-29T15:30:00+00:00,512.1199999999995,513.1199999999995,511.9099999999995,511.9299999999995,216
2026-05-29T15:35:00+00:00,511.9299999999995,512.9199999999995,511.6199999999995,512.1399999999995,175
2026-05-29T15:40:00+00:00,512.1399999999995,512.2099999999995,510.8499999999995,511.2499999999995,170
2026-05-29T15:45:00+00:00,511.2499999999995,511.5099999999995,510.0699999999995,510.6599999999995,204
2026-05-29T15:50:00+00:00,510.6599999999995,511.3299999999995,510.0599999999995,510.7399999999995,193
2026-05-29T15:55:00+00:00,510.7399999999995,511.0099999999995,509.8999999999995,510.2799999999995,209
2026-05-29T16:00:00+00:00,510.2799999999995,512.2799999999995,510.0099999999995,511.6599999999995,206
2026-05-29T16:05:00+00:00,511.6599999999995,513.0899999999995,511.2199999999995,512.6099999999994,216
2026-05-29T16:10:00+00:00,512.6099999999994,512.7699999999995,512.0199999999995,512.0799999999995,168
2026-05-29T16:15:00+00:00,512.0799999999995,512.1199999999995,511.2199999999995,511.2399999999995,159
2026-05-29T16:20:00+00:00,511.2399999999995,512.2299999999994,511.2199999999995,511.99999999999955,127
2026-05-29T16:25:00+00:00,511.99999999999955,511.99999999999955,510.9199999999995,511.0499999999995,153
2026-05-29T16:30:00+00:00,511.0499999999995,511.0499999999995,509.7299999999995,510.6399999999995,221
2026-05-29T16:35:00+00:00,510.6399999999995,511.2399999999995,510.0799999999995,510.3899999999995,158
2026-05-29T16:40:00+00:00,510.3899999999995,510.8399999999995,509.7899999999995,510.4499999999995,195
2026-05-29T16:45:00+00:00,510.4499999999995,511.6299999999995,510.3199999999995,511.0099999999995,262
2026-05-29T16:50:00+00:00,511.0099999999995,511.0799999999995,508.4399999999995,508.4499999999995,231
2026-05-29T16:55:00+00:00,508.4499999999995,509.0099999999995,507.3399999999995,508.51999999999947,211
2026-05-29T17:00:00+00:00,508.51999999999947,508.6399999999995,507.6099999999995,507.6299999999995,205
2026-05-29T17:05:00+00:00,507.6299999999995,508.0299999999995,507.2199999999995,507.5399999999995,197
2026-05-29T17:10:00+00:00,507.5399999999995,508.0799999999995,506.1099999999995,506.2999999999995,336
2026-05-29T17:15:00+00:00,506.2999999999995,506.2999999999995,505.1499999999995,505.70999999999947,251
2026-05-29T17:20:00+00:00,505.70999999999947,506.2999999999995,504.3899999999995,504.6399999999995,321
2026-05-29T17:25:00+00:00,504.6399999999995,504.7599999999995,503.1299999999995,503.9199999999995,285
2026-05-29T17:30:00+00:00,503.9199999999995,505.4299999999995,502.95999999999947,505.4199999999995,278
2026-05-29T17:35:00+00:00,505.4199999999995,506.1199999999995,504.8699999999995,505.45999999999947,179
2026-05-29T17:40:00+00:00,505.45999999999947,505.45999999999947,503.2599999999995,503.6799999999995,284
2026-05-29T17:45:00+00:00,503.6799999999995,504.3799999999995,503.4299999999995,504.1599999999995,248
2026-05-29T17:50:00+00:00,504.1599999999995,504.8499999999995,503.7599999999995,504.0099999999995,222
2026-05-29T17:55:00+00:00,504.0099999999995,504.01999999999947,502.9399999999995,503.0799999999995,263
2026-05-29T18:00:00+00:00,503.0799999999995,504.0899999999995,502.9399999999995,503.8299999999995,236
2026-05-29T18:05:00+00:00,503.8299999999995,505.3799999999995,503.8299999999995,505.2599999999995,174
2026-05-29T18:10:00+00:00,505.2599999999995,506.2299999999995,504.5099999999995,504.5599999999995,227
2026-05-29T18:15:00+00:00,504.5599999999995,505.5899999999995,504.2799999999995,505.1599999999995,174
2026-05-29T18:20:00+00:00,505.1599999999995,505.3799999999995,504.5099999999995,505.3199999999995,179
2026-05-29T18:25:00+00:00,505.3199999999995,506.0299999999995,505.1699999999995,505.6299999999995,194
2026-05-29T18:30:00+00:00,505.6299999999995,507.1699999999995,505.6299999999995,506.7899999999995,221
2026-05-29T18:35:00+00:00,506.7899999999995,507.1399999999995,505.3099999999995,505.7299999999995,208
2026-05-29T18:40:00+00:00,505.7299999999995,506.6399999999995,505.7199999999995,506.1499999999995,164
2026-05-29T18:45:00+00:00,506.1499999999995,506.1999999999995,504.8299999999995,504.9999999999995,200
2026-05-29T18:50:00+00:00,504.9999999999995,505.3199999999995,503.8199999999995,504.70999999999947,221
2026-05-29T18:55:00+00:00,504.70999999999947,504.95999999999947,503.7599999999995,504.3799999999995,207
2026-05-29T19:00:00+00:00,504.3799999999995,505.01999999999947,503.9099999999995,504.1099999999995,215
2026-05-29T19:05:00+00:00,504.1099999999995,505.1099999999995,504.0099999999995,504.6699999999995,176
2026-05-29T19:10:00+00:00,504.6699999999995,504.8699999999995,503.6699999999995,504.1299999999995,154
2026-05-29T19:15:00+00:00,504.1299999999995,504.7599999999995,504.0099999999995,504.6299999999995,169
2026-05-29T19:20:00+00:00,504.6299999999995,504.6799999999995,503.7799999999995,504.1899999999995,199
2026-05-29T19:25:00+00:00,504.1899999999995,505.8399999999995,503.8199999999995,505.6699999999995,232
2026-05-29T19:30:00+00:00,505.6699999999995,506.8899999999995,505.5399999999995,506.6699999999995,255
2026-05-29T19:35:00+00:00,506.6699999999995,508.2899999999995,506.6399999999995,508.0999999999995,252
2026-05-29T19:40:00+00:00,508.0999999999995,508.3999999999995,507.6099999999995,507.9399999999995,254
2026-05-29T19:45:00+00:00,507.9399999999995,508.4899999999995,507.6199999999995,507.6199999999995,315
2026-05-29T19:50:00+00:00,507.6199999999995,515.7999999999995,507.5299999999995,513.5299999999995,878
2026-05-29T19:55:00+00:00,513.5299999999995,516.1099999999994,513.5199999999995,515.6299999999995,915
2026-06-01T13:30:00+00:00,515.6299999999995,515.6299999999995,493.70999999999947,502.1699999999995,1338
2026-06-01T13:35:00+00:00,502.1699999999995,504.1599999999995,492.7199999999995,494.6799999999995,959
2026-06-01T13:40:00+00:00,494.6799999999995,495.6899999999995,490.4999999999995,490.7299999999995,920
2026-06-01T13:45:00+00:00,490.7299999999995,492.0499999999995,488.7599999999995,489.0299999999995,900
2026-06-01T13:50:00+00:00,489.0299999999995,490.1999999999995,486.70999999999947,486.7299999999995,888
2026-06-01T13:55:00+00:00,486.7299999999995,489.0599999999995,486.3099999999995,487.4299999999995,767
2026-06-01T14:00:00+00:00,487.4299999999995,490.20999999999947,486.2899999999995,486.7999999999995,699
2026-06-01T14:05:00+00:00,486.7999999999995,492.9899999999995,486.7499999999995,492.1199999999995,634
2026-06-01T14:10:00+00:00,492.1199999999995,493.3599999999995,491.3499999999995,491.5299999999995,545
2026-06-01T14:15:00+00:00,491.5299999999995,493.9799999999995,491.3599999999995,493.7899999999995,619
2026-06-01T14:20:00+00:00,493.7899999999995,500.0799999999995,493.6599999999995,499.8199999999995,751
2026-06-01T14:25:00+00:00,499.8199999999995,503.2399999999995,499.2599999999995,501.1799999999995,693
2026-06-01T14:30:00+00:00,501.1799999999995,505.8999999999995,500.2899999999995,505.7799999999995,677
2026-06-01T14:35:00+00:00,505.7799999999995,507.45999999999947,503.6299999999995,504.5099999999995,672
2026-06-01T14:40:00+00:00,504.5099999999995,505.76999999999947,504.2399999999995,505.4299999999995,554
2026-06-01T14:45:00+00:00,505.4299999999995,506.0499999999995,503.0099999999995,505.1299999999995,616
2026-06-01T14:50:00+00:00,505.1299999999995,509.0099999999995,503.5099999999995,507.9399999999995,750
2026-06-01T14:55:00+00:00,507.9399999999995,509.2399999999995,506.6399999999995,508.2799999999995,592
2026-06-01T15:00:00+00:00,508.2799999999995,510.4899999999995,507.20999999999947,508.7799999999995,610
2026-06-01T15:05:00+00:00,508.7799999999995,510.4799999999995,508.2599999999995,508.5699999999995,542
2026-06-01T15:10:00+00:00,508.5699999999995,512.4199999999995,508.2599999999995,512.4199999999995,527
2026-06-01T15:15:00+00:00,512.4199999999995,515.4499999999995,512.3999999999995,514.6099999999994,617
2026-06-01T15:20:00+00:00,514.6099999999994,515.6099999999994,514.3099999999995,514.4399999999995,492
2026-06-01T15:25:00+00:00,514.4399999999995,514.8499999999995,511.0099999999995,512.7999999999995,533
2026-06-01T15:30:00+00:00,512.7999999999995,516.7999999999995,512.7999999999995,516.0399999999995,699
2026-06-01T15:35:00+00:00,516.0399999999995,516.4299999999995,513.1399999999995,513.9499999999995,375
2026-06-01T15:40:00+00:00,513.9499999999995,513.9499999999995,511.9499999999995,512.1099999999994,358
2026-06-01T15:45:00+00:00,512.1099999999994,512.9299999999995,511.5099999999995,511.9199999999995,387
2026-06-01T15:50:00+00:00,511.9199999999995,512.6399999999995,511.51999999999947,511.86999999999955,269
2026-06-01T15:55:00+00:00,511.86999999999955,511.9099999999995,509.1199999999995,509.5299999999995,391
2026-06-01T16:00:00+00:00,509.5299999999995,511.6599999999995,509.1999999999995,509.2199999999995,412
2026-06-01T16:05:00+00:00,509.2199999999995,509.7599999999995,508.70999999999947,508.70999999999947,343
2026-06-01T16:10:00+00:00,508.70999999999947,508.8799999999995,507.1199999999995,507.51999999999947,303
2026-06-01T16:15:00+00:00,507.51999999999947,507.6799999999995,506.6999999999995,506.7299999999995,387
2026-06-01T16:20:00+00:00,506.7299999999995,507.3899999999995,506.5099999999995,507.1099999999995,295
2026-06-01T16:25:00+00:00,507.1099999999995,507.3199999999995,506.45999999999947,506.5599999999995,255
2026-06-01T16:30:00+00:00,506.5599999999995,507.6899999999995,506.5499999999995,507.1199999999995,348
2026-06-01T16:35:00+00:00,507.1199999999995,508.9299999999995,506.5099999999995,508.5099999999995,317
2026-06-01T16:40:00+00:00,508.5099999999995,508.5099999999995,507.0999999999995,507.0999999999995,198
2026-06-01T16:45:00+00:00,507.0999999999995,507.1299999999995,505.5699999999995,506.4199999999995,296
2026-06-01T16:50:00+00:00,506.4199999999995,509.7299999999995,506.20999999999947,509.6799999999995,377
2026-06-01T16:55:00+00:00,509.6799999999995,510.2499999999995,508.3599999999995,508.5899999999995,293
2026-06-01T17:00:00+00:00,508.5899999999995,508.6999999999995,506.1699999999995,506.6199999999995,308
2026-06-01T17:05:00+00:00,506.6199999999995,508.20999999999947,506.01999999999947,507.6399999999995,293
2026-06-01T17:10:00+00:00,507.6399999999995,509.1799999999995,507.6399999999995,508.51999999999947,288
2026-06-01T17:15:00+00:00,508.51999999999947,509.8099999999995,508.5099999999995,508.5399999999995,274
2026-06-01T17:20:00+00:00,508.5399999999995,510.1899999999995,508.4299999999995,509.5999999999995,267
2026-06-01T17:25:00+00:00,509.5999999999995,511.6699999999995,509.01999999999947,511.4699999999995,324
2026-06-01T17:30:00+00:00,511.4699999999995,513.0199999999995,509.6299999999995,510.4499999999995,478
2026-06-01T17:35:00+00:00,510.4499999999995,511.4499999999995,510.0099999999995,510.9699999999995,217
2026-06-01T17:40:00+00:00,510.9699999999995,511.6599999999995,510.2599999999995,511.0799999999995,427
2026-06-01T17:45:00+00:00,511.0799999999995,512.3699999999995,510.8399999999995,512.1799999999995,248
2026-06-01T17:50:00+00:00,512.1799999999995,512.3399999999995,511.6099999999995,511.6199999999995,262
2026-06-01T17:55:00+00:00,511.6199999999995,513.0899999999995,511.0999999999995,512.7799999999995,325
2026-06-01T18:00:00+00:00,512.7799999999995,515.1699999999995,511.8299999999995,514.9099999999995,398
2026-06-01T18:05:00+00:00,514.9099999999995,514.9099999999995,512.5099999999995,513.4699999999995,306
2026-06-01T18:10:00+00:00,513.4699999999995,513.5799999999995,512.6999999999995,512.8699999999995,277
2026-06-01T18:15:00+00:00,512.8699999999995,513.1199999999995,511.7899999999995,512.7799999999995,275
2026-06-01T18:20:00+00:00,512.7799999999995,513.5799999999995,512.5999999999995,512.8899999999995,208
2026-06-01T18:25:00+00:00,512.8899999999995,513.1799999999995,512.1199999999995,512.8699999999995,233
2026-06-01T18:30:00+00:00,512.8699999999995,513.2299999999994,511.5299999999995,513.0099999999995,265
2026-06-01T18:35:00+00:00,513.0099999999995,513.0999999999995,510.8699999999995,511.4199999999995,221
2026-06-01T18:40:00+00:00,511.4199999999995,511.6399999999995,510.5099999999995,511.20999999999947,193
2026-06-01T18:45:00+00:00,511.20999999999947,511.6599999999995,511.0299999999995,511.4899999999995,209
2026-06-01T18:50:00+00:00,511.4899999999995,512.0799999999995,510.9399999999995,511.73999999999944,244
2026-06-01T18:55:00+00:00,511.73999999999944,513.3299999999995,511.5099999999995,511.5399999999995,376
2026-06-01T19:00:00+00:00,511.5399999999995,512.0799999999995,511.0099999999995,511.8199999999995,409
2026-06-01T19:05:00+00:00,511.8199999999995,512.0299999999995,510.4099999999995,511.5499999999995,417
2026-06-01T19:10:00+00:00,511.5499999999995,513.2399999999994,511.4299999999995,511.9499999999995,420
2026-06-01T19:15:00+00:00,511.9499999999995,512.1799999999995,510.8299999999995,511.3099999999995,358
2026-06-01T19:20:00+00:00,511.3099999999995,511.3799999999995,510.5299999999995,510.95999999999947,297
2026-06-01T19:25:00+00:00,510.95999999999947,512.2599999999995,510.9499999999995,511.5999999999995,292
2026-06-01T19:30:00+00:00,511.5999999999995,512.1099999999994,510.5099999999995,511.4199999999995,309
2026-06-01T19:35:00+00:00,511.4199999999995,511.5699999999995,509.6599999999995,510.7499999999995,319
2026-06-01T19:40:00+00:00,510.7499999999995,510.7499999999995,509.76999999999947,509.9799999999995,353
2026-06-01T19:45:00+00:00,509.9799999999995,510.0599999999995,508.8699999999995,509.3299999999995,386
2026-06-01T19:50:00+00:00,509.3299999999995,511.70999999999947,509.1799999999995,510.6599999999995,483
2026-06-01T19:55:00+00:00,510.6599999999995,510.6799999999995,508.3199999999995,509.7599999999995,1120
2026-06-02T13:30:00+00:00,509.7599999999995,512.5699999999995,500.70999999999947,509.6199999999995,569
2026-06-02T13:35:00+00:00,509.6199999999995,511.5799999999995,507.6999999999995,510.9799999999995,451
2026-06-02T13:40:00+00:00,510.9799999999995,511.5299999999995,505.1499999999995,507.2399999999995,511
2026-06-02T13:45:00+00:00,507.2399999999995,511.2299999999995,505.7899999999995,510.5299999999995,532
2026-06-02T13:50:00+00:00,510.5299999999995,518.0399999999995,509.5299999999995,514.4599999999995,604
2026-06-02T13:55:00+00:00,514.4599999999995,519.2999999999995,512.5299999999995,518.3499999999995,596
2026-06-02T14:00:00+00:00,518.3499999999995,518.7299999999994,515.1099999999994,516.0199999999995,443
2026-06-02T14:05:00+00:00,516.0199999999995,516.2599999999995,512.8799999999995,513.3799999999995,342
2026-06-02T14:10:00+00:00,513.3799999999995,514.1299999999995,510.95999999999947,511.1599999999995,414
2026-06-02T14:15:00+00:00,511.1599999999995,511.1599999999995,506.70999999999947,507.2299999999995,434
2026-06-02T14:20:00+00:00,507.2299999999995,508.2499999999995,505.7899999999995,506.1099999999995,395
2026-06-02T14:25:00+00:00,506.1099999999995,506.2199999999995,503.0599999999995,504.5699999999995,512
2026-06-02T14:30:00+00:00,504.5699999999995,507.6199999999995,504.5099999999995,506.8699999999995,463
2026-06-02T14:35:00+00:00,506.8699999999995,508.5099999999995,506.1099999999995,507.6699999999995,440
2026-06-02T14:40:00+00:00,507.6699999999995,507.6799999999995,504.6599999999995,507.4499999999995,347
2026-06-02T14:45:00+00:00,507.4499999999995,507.8699999999995,506.2999999999995,506.5299999999995,355
2026-06-02T14:50:00+00:00,506.5299999999995,507.5699999999995,505.5699999999995,507.1699999999995,291
2026-06-02T14:55:00+00:00,507.1699999999995,508.0799999999995,506.20999999999947,507.3999999999995,270
2026-06-02T15:00:00+00:00,507.3999999999995,507.8499999999995,506.5799999999995,507.5099999999995,298
2026-06-02T15:05:00+00:00,507.5099999999995,509.3199999999995,506.2999999999995,508.8599999999995,273
2026-06-02T15:10:00+00:00,508.8599999999995,509.7499999999995,508.2199999999995,509.6599999999995,248
2026-06-02T15:15:00+00:00,509.6599999999995,510.7199999999995,509.2599999999995,509.4299999999995,306
2026-06-02T15:20:00+00:00,509.4299999999995,510.0499999999995,508.8899999999995,509.1399999999995,241
2026-06-02T15:25:00+00:00,509.1399999999995,512.2899999999995,509.1099999999995,512.2199999999995,293
2026-06-02T15:30:00+00:00,512.2199999999995,514.3799999999995,511.5499999999995,514.0399999999995,409
2026-06-02T15:35:00+00:00,514.0399999999995,514.1299999999995,512.1799999999995,512.8799999999995,223
2026-06-02T15:40:00+00:00,512.8799999999995,513.5099999999995,512.3599999999994,513.2699999999995,202
2026-06-02T15:45:00+00:00,513.2699999999995,514.2099999999995,512.8699999999995,512.8899999999995,269
2026-06-02T15:50:00+00:00,512.8899999999995,515.0899999999995,512.2499999999995,514.8099999999995,265
2026-06-02T15:55:00+00:00,514.8099999999995,517.1499999999995,514.3099999999995,516.0499999999995,287
2026-06-02T16:00:00+00:00,516.0499999999995,516.5599999999995,515.0099999999995,515.5499999999995,239
2026-06-02T16:05:00+00:00,515.5499999999995,517.7999999999995,515.3199999999995,516.3699999999995,283
2026-06-02T16:10:00+00:00,516.3699999999995,516.3699999999995,514.5599999999995,516.0099999999995,233
2026-06-02T16:15:00+00:00,516.0099999999995,516.0199999999995,513.8399999999995,513.8499999999995,212
2026-06-02T16:20:00+00:00,513.8499999999995,514.3099999999995,512.6599999999995,513.1499999999995,221
2026-06-02T16:25:00+00:00,513.1499999999995,513.3599999999994,511.7799999999995,512.0999999999995,194
2026-06-02T16:30:00+00:00,512.0999999999995,513.1999999999995,512.0899999999995,512.6999999999995,208
2026-06-02T16:35:00+00:00,512.6999999999995,512.9099999999995,512.0099999999995,512.1099999999994,215
2026-06-02T16:40:00+00:00,512.1099999999994,513.5099999999995,512.0899999999995,512.9799999999994,134
2026-06-02T16:45:00+00:00,512.9799999999994,513.9999999999995,512.5699999999995,513.7799999999995,208
2026-06-02T16:50:00+00:00,513.7799999999995,514.8299999999995,513.7799999999995,514.0299999999995,168
2026-06-02T16:55:00+00:00,514.0299999999995,514.2499999999995,513.2599999999995,513.8699999999995,169
2026-06-02T17:00:00+00:00,513.8699999999995,514.5299999999995,513.4199999999995,514.0799999999995,204
2026-06-02T17:05:00+00:00,514.0799999999995,514.7699999999995,513.5099999999995,513.6299999999995,178
2026-06-02T17:10:00+00:00,513.6299999999995,513.9799999999994,513.5199999999995,513.6199999999995,124
2026-06-02T17:15:00+00:00,513.6199999999995,513.7099999999995,511.83999999999946,511.85999999999945,225
2026-06-02T17:20:00+00:00,511.85999999999945,512.2299999999994,511.0799999999995,511.3899999999995,203
2026-06-02T17:25:00+00:00,511.3899999999995,511.9099999999995,510.9099999999995,511.6999999999995,221
2026-06-02T17:30:00+00:00,511.6999999999995,512.2899999999995,511.3699999999995,511.8299999999995,222
2026-06-02T17:35:00+00:00,511.8299999999995,512.0099999999995,510.6299999999995,511.0699999999995,214
2026-06-02T17:40:00+00:00,511.0699999999995,511.9399999999995,510.7199999999995,511.85999999999945,155
2026-06-02T17:45:00+00:00,511.85999999999945,512.8899999999995,511.5099999999995,512.7299999999994,248
2026-06-02T17:50:00+00:00,512.7299999999994,513.0199999999995,512.0199999999995,512.4199999999995,183
2026-06-02T17:55:00+00:00,512.4199999999995,514.6399999999995,512.1699999999995,514.1599999999995,277
2026-06-02T18:00:00+00:00,514.1599999999995,514.5699999999995,512.2499999999995,512.8299999999995,258
2026-06-02T18:05:00+00:00,512.8299999999995,514.0899999999995,512.6799999999995,513.2099999999995,204
2026-06-02T18:10:00+00:00,513.2099999999995,514.9999999999995,513.0099999999995,513.9899999999994,254
2026-06-02T18:15:00+00:00,513.9899999999994,514.5399999999995,513.9899999999994,514.3099999999995,152
2026-06-02T18:20:00+00:00,514.3099999999995,515.1599999999995,513.7999999999995,514.3099999999995,235
2026-06-02T18:25:00+00:00,514.3099999999995,515.8499999999995,514.3099999999995,515.2199999999995,271
2026-06-02T18:30:00+00:00,515.2199999999995,516.8099999999995,515.1999999999995,515.8699999999995,327
2026-06-02T18:35:00+00:00,515.8699999999995,515.8699999999995,513.7199999999995,513.7299999999994,207
2026-06-02T18:40:00+00:00,513.7299999999994,515.1299999999995,513.4099999999995,514.2199999999995,308
2026-06-02T18:45:00+00:00,514.2199999999995,514.9999999999995,513.6299999999995,514.9299999999995,230
2026-06-02T18:50:00+00:00,514.9299999999995,514.9399999999995,514.0099999999995,514.2599999999995,150
2026-06-02T18:55:00+00:00,514.2599999999995,514.9199999999995,513.9099999999995,514.4199999999995,163
2026-06-02T19:00:00+00:00,514.4199999999995,515.2999999999995,514.4099999999995,515.2999999999995,205
2026-06-02T19:05:00+00:00,515.2999999999995,515.5799999999995,514.3099999999995,515.5799999999995,251
2026-06-02T19:10:00+00:00,515.5799999999995,517.5699999999995,515.5799999999995,517.0599999999995,302
2026-06-02T19:15:00+00:00,517.0599999999995,517.5399999999995,516.6099999999994,516.7999999999995,238
2026-06-02T19:20:00+00:00,516.7999999999995,517.8999999999995,516.7999999999995,517.5999999999995,251
2026-06-02T19:25:00+00:00,517.5999999999995,517.8199999999995,516.4499999999995,516.4699999999995,253
2026-06-02T19:30:00+00:00,516.4699999999995,517.0899999999995,515.3199999999995,515.3699999999995,325
2026-06-02T19:35:00+00:00,515.3699999999995,515.7599999999995,515.3099999999995,515.4399999999995,242
2026-06-02T19:40:00+00:00,515.4399999999995,517.5999999999995,515.3099999999995,517.5799999999995,361
2026-06-02T19:45:00+00:00,517.5799999999995,518.8499999999995,517.1599999999995,518.5099999999995,425
2026-06-02T19:50:00+00:00,518.5099999999995,519.8399999999995,517.6699999999995,519.1799999999995,553
2026-06-02T19:55:00+00:00,519.1799999999995,521.9199999999995,519.1699999999995,520.9099999999995,882
2026-06-03T13:30:00+00:00,520.9099999999995,541.3699999999995,520.9099999999995,530.0799999999995,857
2026-06-03T13:35:00+00:00,530.0799999999995,542.1399999999995,529.5099999999995,539.9399999999995,808
2026-06-03T13:40:00+00:00,539.9399999999995,543.4099999999995,528.9999999999995,530.4199999999995,871
2026-06-03T13:45:00+00:00,530.4199999999995,532.0899999999995,524.5099999999995,525.4699999999995,835
2026-06-03T13:50:00+00:00,525.4699999999995,534.8499999999995,523.6699999999995,530.5099999999995,810
2026-06-03T13:55:00+00:00,530.5099999999995,532.3199999999995,527.5099999999995,529.2099999999995,563
2026-06-03T14:00:00+00:00,529.2099999999995,533.7099999999995,528.5099999999995,533.0299999999995,493
2026-06-03T14:05:00+00:00,533.0299999999995,534.9299999999995,531.0099999999995,532.6999999999995,470
2026-06-03T14:10:00+00:00,532.6999999999995,536.7499999999995,531.5099999999995,536.6099999999994,429
2026-06-03T14:15:00+00:00,536.6099999999994,538.9099999999995,536.2299999999994,536.3299999999995,587
2026-06-03T14:20:00+00:00,536.3299999999995,537.8499999999995,532.4299999999995,532.5299999999995,444
2026-06-03T14:25:00+00:00,532.5299999999995,535.6199999999995,531.5099999999995,535.3299999999995,354
2026-06-03T14:30:00+00:00,535.3299999999995,536.3999999999995,533.5099999999995,534.0799999999995,354
2026-06-03T14:35:00+00:00,534.0799999999995,535.4499999999995,531.7699999999995,534.6399999999995,326
2026-06-03T14:40:00+00:00,534.6399999999995,537.3299999999995,533.6799999999995,534.8699999999995,388
2026-06-03T14:45:00+00:00,534.8699999999995,537.1499999999995,530.6199999999995,530.8299999999995,364
2026-06-03T14:50:00+00:00,530.8299999999995,532.1399999999995,529.0099999999995,531.3799999999995,357
2026-06-03T14:55:00+00:00,531.3799999999995,531.7599999999995,527.9399999999994,529.7399999999994,299.79275867292836
2026-06-03T15:00:00+00:00,529.7399999999994,534.5599999999994,529.1899999999994,534.4099999999994,318
2026-06-03T15:05:00+00:00,534.4099999999994,536.4099999999994,533.0299999999994,534.5799999999994,371
2026-06-03T15:10:00+00:00,534.5799999999994,538.5399999999994,534.2299999999994,538.2999999999994,352
2026-06-03T15:15:00+00:00,538.2999999999994,538.7299999999994,533.2599999999994,535.0099999999994,411
2026-06-03T15:20:00+00:00,535.0099999999994,536.4699999999995,530.2399999999994,530.2599999999994,351
2026-06-03T15:25:00+00:00,530.2599999999994,531.5699999999994,527.9799999999994,530.7099999999994,399
2026-06-03T15:30:00+00:00,530.7099999999994,534.4499999999994,530.7099999999994,532.1599999999994,370
2026-06-03T15:35:00+00:00,532.1599999999994,536.2699999999994,532.0599999999994,532.7399999999994,363
2026-06-03T15:40:00+00:00,532.7399999999994,532.9299999999994,530.1299999999994,530.4799999999994,289
2026-06-03T15:45:00+00:00,530.4799999999994,531.9699999999995,528.7299999999994,531.4299999999994,322
2026-06-03T15:50:00+00:00,531.4299999999994,532.9099999999994,531.2299999999994,531.7999999999994,249
2026-06-03T15:55:00+00:00,531.7999999999994,533.2399999999994,531.2299999999994,531.7499999999994,267
2026-06-03T16:00:00+00:00,531.7499999999994,532.4499999999994,529.9099999999994,530.1599999999994,248
2026-06-03T16:05:00+00:00,530.1599999999994,532.2799999999994,530.1399999999994,532.1899999999994,195
2026-06-03T16:10:00+00:00,532.1899999999994,534.4799999999994,532.1399999999994,533.5699999999994,250
2026-06-03T16:15:00+00:00,533.5699999999994,533.7499999999994,531.2899999999994,532.3199999999994,245
2026-06-03T16:20:00+00:00,532.3199999999994,532.3999999999994,530.2599999999994,530.2599999999994,199
2026-06-03T16:25:00+00:00,530.2599999999994,531.0999999999995,529.1299999999994,530.7699999999994,339
2026-06-03T16:30:00+00:00,530.7699999999994,533.3499999999995,530.7499999999994,532.2699999999994,257
2026-06-03T16:35:00+00:00,532.2699999999994,532.2699999999994,530.4199999999994,530.9299999999994,225
2026-06-03T16:40:00+00:00,530.9299999999994,531.7999999999994,529.7299999999994,529.8099999999994,304
2026-06-03T16:45:00+00:00,529.8099999999994,532.7099999999994,529.8099999999994,532.2499999999994,243
2026-06-03T16:50:00+00:00,532.2499999999994,533.5499999999994,532.2399999999994,532.5999999999995,254
2026-06-03T16:55:00+00:00,532.5999999999995,534.4399999999994,532.0399999999994,534.3799999999994,197
2026-06-03T17:00:00+00:00,534.3799999999994,534.3999999999994,532.2299999999994,532.2299999999994,229
2026-06-03T17:05:00+00:00,532.2299999999994,532.6299999999994,530.4299999999994,531.6499999999994,281
2026-06-03T17:10:00+00:00,531.6499999999994,531.9699999999995,530.6299999999994,531.5499999999994,210
2026-06-03T17:15:00+00:00,531.5499999999994,531.6599999999994,530.5299999999994,531.2899999999994,169
2026-06-03T17:20:00+00:00,531.2899999999994,533.0399999999994,530.6099999999994,532.7299999999994,201
2026-06-03T17:25:00+00:00,532.7299999999994,533.7999999999994,531.7399999999994,533.6599999999994,211
2026-06-03T17:30:00+00:00,533.6599999999994,535.5399999999994,531.9799999999994,535.2299999999994,315
2026-06-03T17:35:00+00:00,535.2299999999994,536.8199999999994,535.0899999999995,536.6999999999994,234
2026-06-03T17:40:00+00:00,536.6999999999994,537.9999999999994,535.2299999999994,537.6499999999994,294
2026-06-03T17:45:00+00:00,537.6499999999994,538.3999999999994,536.3999999999994,537.4299999999994,301
2026-06-03T17:50:00+00:00,537.4299999999994,540.0599999999994,537.2499999999994,539.6799999999994,356
2026-06-03T17:55:00+00:00,539.6799999999994,540.8999999999994,538.7799999999994,540.4499999999994,290
2026-06-03T18:00:00+00:00,540.4499999999994,540.6599999999994,539.1099999999994,540.5199999999994,249
2026-06-03T18:05:00+00:00,540.5199999999994,540.7999999999994,538.8899999999994,539.4999999999994,229
2026-06-03T18:10:00+00:00,539.4999999999994,539.6299999999994,537.5699999999994,538.2499999999994,236
2026-06-03T18:15:00+00:00,538.2499999999994,539.2899999999994,537.5599999999994,539.1299999999994,207
2026-06-03T18:20:00+00:00,539.1299999999994,541.7999999999994,538.8299999999994,541.4699999999995,294
2026-06-03T18:25:00+00:00,541.4699999999995,544.6499999999994,541.3399999999995,544.2399999999994,495
2026-06-03T18:30:00+00:00,544.2399999999994,545.3799999999994,543.4099999999994,543.4399999999994,355
2026-06-03T18:35:00+00:00,543.4399999999994,543.5899999999995,540.9999999999994,541.8199999999994,348
2026-06-03T18:40:00+00:00,541.8199999999994,542.3899999999994,540.7299999999994,541.0199999999994,269
2026-06-03T18:45:00+00:00,541.0199999999994,542.2799999999994,540.2399999999994,541.8499999999995,223
2026-06-03T18:50:00+00:00,541.8499999999995,542.2499999999994,540.4699999999995,541.2599999999994,269
2026-06-03T18:55:00+00:00,541.2599999999994,541.4999999999994,539.5199999999994,540.5299999999994,299
2026-06-03T19:00:00+00:00,540.5299999999994,540.9699999999995,539.5099999999994,540.2499999999994,246
2026-06-03T19:05:00+00:00,540.2499999999994,542.1499999999994,539.7899999999994,539.7899999999994,302
2026-06-03T19:10:00+00:00,539.7899999999994,540.4099999999994,538.2299999999994,538.8099999999994,282
2026-06-03T19:15:00+00:00,538.8099999999994,538.8999999999994,537.5299999999994,537.5999999999995,254
2026-06-03T19:20:00+00:00,537.5999999999995,537.5999999999995,535.4799999999994,536.7799999999994,255
2026-06-03T19:25:00+00:00,536.7799999999994,538.5799999999994,536.7499999999994,538.3399999999995,224
2026-06-03T19:30:00+00:00,538.3399999999995,539.7199999999995,537.9999999999994,539.6899999999994,342
2026-06-03T19:35:00+00:00,539.6899999999994,542.8599999999994,539.3999999999994,542.0599999999994,356
2026-06-03T19:40:00+00:00,542.0599999999994,542.8299999999994,541.7399999999994,541.8499999999995,294
2026-06-03T19:45:00+00:00,541.8499999999995,543.1499999999994,541.4799999999994,542.4999999999994,335
2026-06-03T19:50:00+00:00,542.4999999999994,543.5999999999995,540.8499999999995,541.4699999999995,483
2026-06-03T19:55:00+00:00,541.4699999999995,542.8399999999995,541.0099999999994,542.0599999999994,927
2026-06-04T13:30:00+00:00,542.0599999999994,542.0599999999994,509.7299999999994,513.0699999999994,939
2026-06-04T13:35:00+00:00,513.0699999999994,516.5599999999994,510.2299999999994,512.6399999999994,781
2026-06-04T13:40:00+00:00,512.6399999999994,512.9199999999994,504.24999999999943,504.6499999999994,858
2026-06-04T13:45:00+00:00,504.6499999999994,509.0799999999994,502.74999999999943,505.5199999999994,746
2026-06-04T13:50:00+00:00,505.5199999999994,509.7699999999994,502.7999999999994,503.5799999999994,729
2026-06-04T13:55:00+00:00,503.5799999999994,505.4499999999994,502.4299999999994,502.4299999999994,552
2026-06-04T14:00:00+00:00,502.4299999999994,504.6999999999994,500.2299999999994,500.74999999999943,752
2026-06-04T14:05:00+00:00,500.74999999999943,501.8499999999994,498.8299999999994,501.0199999999994,763
2026-06-04T14:10:00+00:00,501.0199999999994,506.7099999999994,500.3399999999994,506.4599999999994,753
2026-06-04T14:15:00+00:00,506.4599999999994,509.24999999999943,506.2299999999994,507.2299999999994,718
2026-06-04T14:20:00+00:00,507.2299999999994,511.3399999999994,506.7299999999994,511.3399999999994,592
2026-06-04T14:25:00+00:00,511.3399999999994,515.3299999999994,510.6099999999994,515.2699999999994,590
2026-06-04T14:30:00+00:00,515.2699999999994,516.4099999999994,514.1099999999994,515.5899999999995,620
2026-06-04T14:35:00+00:00,515.5899999999995,516.4299999999994,514.3299999999994,514.7699999999994,458
2026-06-04T14:40:00+00:00,514.7699999999994,515.7399999999994,512.2899999999994,512.3199999999994,397
2026-06-04T14:45:00+00:00,512.3199999999994,514.9399999999994,512.1099999999994,514.5499999999994,376
2026-06-04T14:50:00+00:00,514.5499999999994,518.4399999999994,514.2299999999994,517.5999999999995,446
2026-06-04T14:55:00+00:00,517.5999999999995,520.3699999999994,517.5099999999994,519.8399999999995,447
2026-06-04T15:00:00+00:00,519.8399999999995,520.5499999999994,518.4499999999994,519.9299999999994,479
2026-06-04T15:05:00+00:00,519.9299999999994,524.0699999999994,519.7099999999994,523.4999999999994,497
2026-06-04T15:10:00+00:00,523.4999999999994,525.0199999999994,522.9399999999994,524.7599999999994,486
2026-06-04T15:15:00+00:00,524.7599999999994,525.4199999999994,523.9299999999994,524.4799999999994,443
2026-06-04T15:20:00+00:00,524.4799999999994,525.3099999999994,523.3699999999994,524.6299999999994,312
2026-06-04T15:25:00+00:00,524.6299999999994,524.7999999999994,522.7399999999994,522.9199999999994,337
2026-06-04T15:30:00+00:00,522.9199999999994,523.6499999999994,522.5399999999994,523.5599999999994,286
2026-06-04T15:35:00+00:00,523.5599999999994,523.9899999999994,522.5399999999994,523.3599999999994,297
2026-06-04T15:40:00+00:00,523.3599999999994,523.5399999999994,522.2299999999994,522.6099999999994,270
2026-06-04T15:45:00+00:00,522.6099999999994,522.7999999999994,518.5299999999994,518.5399999999994,384
2026-06-04T15:50:00+00:00,518.5399999999994,521.1699999999994,518.5299999999994,520.2599999999994,338
2026-06-04T15:55:00+00:00,520.2599999999994,521.4599999999994,519.1299999999994,520.9199999999994,256
2026-06-04T16:00:00+00:00,520.9199999999994,521.1899999999994,519.6099999999994,520.2499999999994,222
2026-06-04T16:05:00+00:00,520.2499999999994,520.3299999999994,519.2299999999994,519.3499999999995,232
2026-06-04T16:10:00+00:00,519.3499999999995,519.8999999999994,518.7399999999994,519.2399999999994,195
2026-06-04T16:15:00+00:00,519.2399999999994,520.0599999999994,519.0399999999994,519.9999999999994,192
2026-06-04T16:20:00+00:00,519.9999999999994,521.2499999999994,519.6099999999994,520.9599999999994,222
2026-06-04T16:25:00+00:00,520.9599999999994,523.9799999999994,520.7799999999994,523.6699999999994,298
2026-06-04T16:30:00+00:00,523.6699999999994,523.8999999999994,520.2499999999994,520.6999999999994,338
2026-06-04T16:35:00+00:00,520.6999999999994,522.4799999999994,520.6799999999994,522.2699999999994,197
2026-06-04T16:40:00+00:00,522.2699999999994,523.5599999999994,521.7599999999994,522.4099999999994,228
2026-06-04T16:45:00+00:00,522.4099999999994,523.1799999999994,522.2399999999994,522.6399999999994,172
2026-06-04T16:50:00+00:00,522.6399999999994,523.6099999999994,522.3999999999994,522.9299999999994,220
2026-06-04T16:55:00+00:00,522.9299999999994,523.6699999999994,522.4699999999995,522.8699999999994,192
2026-06-04T17:00:00+00:00,522.8699999999994,522.8899999999994,522.0799999999994,522.5899999999995,250
2026-06-04T17:05:00+00:00,522.5899999999995,523.9899999999994,522.0299999999994,523.8199999999994,227
2026-06-04T17:10:00+00:00,523.8199999999994,524.6499999999994,523.6099999999994,524.5999999999995,248
2026-06-04T17:15:00+00:00,524.5999999999995,524.5999999999995,523.2899999999994,523.4799999999994,183
2026-06-04T17:20:00+00:00,523.4799999999994,524.1299999999994,522.0899999999995,522.8999999999994,226
2026-06-04T17:25:00+00:00,522.8999999999994,524.5399999999994,522.8999999999994,523.8099999999994,228
2026-06-04T17:30:00+00:00,523.8099999999994,525.1699999999994,523.8099999999994,524.6099999999994,220
2026-06-04T17:35:00+00:00,524.6099999999994,525.0199999999994,523.2699999999994,523.3999999999994,213
2026-06-04T17:40:00+00:00,523.3999999999994,526.4999999999994,523.3999999999994,525.3599999999994,234
2026-06-04T17:45:00+00:00,525.3599999999994,526.6699999999994,525.2899999999994,526.5199999999994,247
2026-06-04T17:50:00+00:00,526.5199999999994,527.5499999999994,526.2499999999994,527.2599999999994,214
2026-06-04T17:55:00+00:00,527.2599999999994,527.7799999999994,526.9899999999994,527.0499999999994,222
2026-06-04T18:00:00+00:00,527.0499999999994,530.1199999999994,527.0099999999994,530.0499999999994,343
2026-06-04T18:05:00+00:00,530.0499999999994,531.1999999999994,529.6699999999994,530.9799999999994,384
2026-06-04T18:10:00+00:00,530.9799999999994,531.3199999999994,530.2399999999994,530.3399999999995,284
2026-06-04T18:15:00+00:00,530.3399999999995,530.3399999999995,527.7699999999994,529.5899999999995,266
2026-06-04T18:20:00+00:00,529.5899999999995,529.5899999999995,528.2499999999994,528.2499999999994,207
2026-06-04T18:25:00+00:00,528.2499999999994,530.2399999999994,528.0499999999994,529.5199999999994,223
2026-06-04T18:30:00+00:00,529.5199999999994,529.7099999999994,527.7899999999994,528.5799999999994,263
2026-06-04T18:35:00+00:00,528.5799999999994,528.7799999999994,526.2799999999994,526.6899999999994,214
2026-06-04T18:40:00+00:00,526.6899999999994,526.7499999999994,525.2399999999994,525.6899999999994,254
2026-06-04T18:45:00+00:00,525.6899999999994,526.8199999999994,524.6999999999994,526.4099999999994,295
2026-06-04T18:50:00+00:00,526.4099999999994,527.7199999999995,526.2299999999994,527.2799999999994,258
2026-06-04T18:55:00+00:00,527.2799999999994,527.3299999999994,524.8699999999994,525.5899999999995,242
2026-06-04T19:00:00+00:00,525.5899999999995,526.2999999999994,525.2499999999994,525.6699999999994,215
2026-06-04T19:05:00+00:00,525.6699999999994,526.8999999999994,525.4299999999994,525.7399999999994,232
2026-06-04T19:10:00+00:00,525.7399999999994,526.1899999999994,524.2399999999994,524.7399999999994,200
2026-06-04T19:15:00+00:00,524.7399999999994,524.8899999999994,522.2299999999994,522.3199999999994,260
2026-06-04T19:20:00+00:00,522.3199999999994,524.8399999999995,522.1499999999994,524.7599999999994,234
2026-06-04T19:25:00+00:00,524.7599999999994,526.4399999999994,524.5899999999995,526.4399999999994,206
2026-06-04T19:30:00+00:00,526.4399999999994,527.9199999999994,526.2899999999994,527.3799999999994,311
2026-06-04T19:35:00+00:00,527.3799999999994,530.1399999999994,527.2399999999994,529.7599999999994,309
2026-06-04T19:40:00+00:00,529.7599999999994,529.8599999999994,524.5499999999994,524.8699999999994,458
2026-06-04T19:45:00+00:00,524.8699999999994,525.1199999999994,523.7999999999994,524.0599999999994,396
2026-06-04T19:50:00+00:00,524.0599999999994,524.7199999999995,523.3899999999994,524.6699999999994,432
2026-06-04T19:55:00+00:00,524.6699999999994,524.6699999999994,520.9999999999994,522.5999999999995,883
2026-06-05T13:30:00+00:00,522.5999999999995,522.5999999999995,497.5499999999994,498.3999999999994,927
2026-06-05T13:35:00+00:00,498.3999999999994,499.3399999999994,495.2299999999994,496.8399999999994,1062
2026-06-05T13:40:00+00:00,496.8399999999994,496.8399999999994,493.6399999999994,493.7599999999994,997
2026-06-05T13:45:00+00:00,493.7599999999994,494.99999999999943,488.1299999999994,488.5899999999994,1152
2026-06-05T13:50:00+00:00,488.5899999999994,493.2399999999994,487.30999999999943,492.5999999999994,1146
2026-06-05T13:55:00+00:00,492.5999999999994,492.6399999999994,484.4499999999994,484.4599999999994,877
2026-06-05T14:00:00+00:00,484.4599999999994,488.76999999999936,483.3299999999994,486.77999999999935,911.1222594397077
2026-06-05T14:05:00+00:00,486.77999999999935,489.74999999999943,485.24999999999943,489.73999999999944,601.8613333011469
2026-06-05T14:10:00+00:00,489.73999999999944,490.36999999999944,486.0099999999993,490.36999999999944,523.425396637338
2026-06-05T14:15:00+00:00,490.36999999999944,494.3999999999995,490.24999999999943,494.3999999999995,539.5857920798301
2026-06-05T14:20:00+00:00,494.3999999999995,494.3999999999995,489.1599999999995,489.99999999999955,513.7131679899368
2026-06-05T14:25:00+00:00,489.99999999999955,490.0199999999995,485.12999999999954,486.4599999999996,518.14960263474
2026-06-05T14:30:00+00:00,486.4599999999996,492.24999999999943,486.01999999999964,492.24999999999943,496.1006094251682
2026-06-05T14:35:00+00:00,492.24999999999943,501.8899999999993,491.8899999999994,499.77999999999935,361.96836779105564
2026-06-05T14:40:00+00:00,499.77999999999935,500.16999999999933,495.7499999999993,496.1899999999993,600
2026-06-05T14:45:00+00:00,496.1899999999993,497.6799999999993,494.17999999999927,495.0099999999993,482.3772472350854
2026-06-05T14:50:00+00:00,495.0099999999993,495.93999999999943,492.82999999999936,495.24999999999943,358.05667661250163
2026-06-05T14:55:00+00:00,495.24999999999943,496.8999999999994,494.4199999999994,495.2999999999994,423
2026-06-05T15:00:00+00:00,495.2999999999994,495.7299999999994,492.1099999999994,492.8799999999994,385.7458412871557
2026-06-05T15:05:00+00:00,492.8799999999994,493.0499999999994,490.3099999999995,490.8099999999995,439.3229064433253
2026-06-05T15:10:00+00:00,490.8099999999995,491.5299999999995,488.01999999999964,488.0499999999996,450.67665748104145
2026-06-05T15:15:00+00:00,488.0499999999996,489.6899999999996,487.9399999999997,488.97999999999956,473.16981320161466
2026-06-05T15:20:00+00:00,488.97999999999956,489.13999999999965,486.5699999999996,487.7799999999995,471.4081919106302
2026-06-05T15:25:00+00:00,487.7799999999995,487.7799999999995,483.4699999999995,484.05999999999955,574
2026-06-05T15:30:00+00:00,484.05999999999955,485.3999999999995,482.9699999999995,482.9699999999995,578
2026-06-05T15:35:00+00:00,482.9699999999995,483.9199999999995,480.9699999999995,481.4799999999995,634
2026-06-05T15:40:00+00:00,481.4799999999995,484.7099999999995,480.86999999999955,483.5399999999995,695
2026-06-05T15:45:00+00:00,483.5399999999995,486.29999999999956,483.3999999999995,484.10999999999956,549
2026-06-05T15:50:00+00:00,484.10999999999956,485.81999999999954,483.9699999999995,484.55999999999955,527
2026-06-05T15:55:00+00:00,484.55999999999955,484.9699999999995,482.7199999999995,483.68999999999954,492
2026-06-05T16:00:00+00:00,483.68999999999954,483.68999999999954,481.17999999999955,481.68999999999954,624
2026-06-05T16:05:00+00:00,481.68999999999954,481.68999999999954,479.48999999999955,480.04999999999956,631
2026-06-05T16:10:00+00:00,480.04999999999956,481.0299999999995,479.35999999999956,479.85999999999956,674
2026-06-05T16:15:00+00:00,479.85999999999956,479.85999999999956,476.2299999999995,476.5399999999995,723
2026-06-05T16:20:00+00:00,476.5399999999995,478.0999999999995,475.7799999999995,477.4799999999995,797
2026-06-05T16:25:00+00:00,477.4799999999995,477.98999999999955,475.49999999999955,475.6599999999995,563
2026-06-05T16:30:00+00:00,475.6599999999995,476.25999999999954,473.87999999999954,475.9799999999995,783
2026-06-05T16:35:00+00:00,475.9799999999995,476.3499999999995,473.36999999999955,473.7299999999995,709
2026-06-05T16:40:00+00:00,473.7299999999995,474.0199999999995,470.5999999999995,471.37999999999954,819
2026-06-05T16:45:00+00:00,471.37999999999954,471.5999999999995,468.6599999999995,471.4699999999995,1238
2026-06-05T16:50:00+00:00,471.4699999999995,475.31999999999954,470.3399999999995,475.30999999999955,811
2026-06-05T16:55:00+00:00,475.30999999999955,475.32999999999953,472.12999999999954,474.42999999999955,646
2026-06-05T17:00:00+00:00,474.42999999999955,474.8399999999995,472.06999999999954,473.63999999999953,603
2026-06-05T17:05:00+00:00,473.63999999999953,473.6499999999995,469.75999999999954,470.9099999999995,628
2026-06-05T17:10:00+00:00,470.9099999999995,472.2099999999995,469.7699999999995,472.0399999999995,554
2026-06-05T17:15:00+00:00,472.0399999999995,472.3999999999995,470.7799999999995,471.82999999999953,579
2026-06-05T17:20:00+00:00,471.82999999999953,474.2299999999995,470.7899999999995,473.7299999999995,614
2026-06-05T17:25:00+00:00,473.7299999999995,473.7299999999995,470.9699999999995,472.88999999999953,541
2026-06-05T17:30:00+00:00,472.88999999999953,474.5299999999995,471.9599999999995,474.29999999999956,531
2026-06-05T17:35:00+00:00,474.29999999999956,476.31999999999954,473.9699999999995,475.17999999999955,542
2026-06-05T17:40:00+00:00,475.17999999999955,476.4099999999995,470.7899999999995,471.4099999999995,665
2026-06-05T17:45:00+00:00,471.4099999999995,473.07999999999953,470.9799999999995,472.24999999999955,583
2026-06-05T17:50:00+00:00,472.24999999999955,475.8399999999995,472.1699999999995,475.57999999999953,501
2026-06-05T17:55:00+00:00,475.57999999999953,475.7899999999995,474.5199999999995,475.3999999999995,483
2026-06-05T18:00:00+00:00,475.3999999999995,476.1499999999995,471.4799999999995,471.4799999999995,526
2026-06-05T18:05:00+00:00,471.4799999999995,472.0399999999995,470.86999999999955,471.0299999999995,405
2026-06-05T18:10:00+00:00,471.0299999999995,471.73999999999955,469.31999999999954,469.75999999999954,582
2026-06-05T18:15:00+00:00,469.75999999999954,470.10999999999956,468.3499999999995,468.49999999999955,642
2026-06-05T18:20:00+00:00,468.49999999999955,469.2299999999995,467.7199999999995,467.7199999999995,578
2026-06-05T18:25:00+00:00,467.7199999999995,468.05999999999955,465.98999999999955,467.44999999999953,849
2026-06-05T18:30:00+00:00,467.44999999999953,467.98999999999955,466.30999999999955,467.32999999999953,602
2026-06-05T18:35:00+00:00,467.32999999999953,467.8499999999995,465.61999999999955,466.5199999999995,659
2026-06-05T18:40:00+00:00,466.5199999999995,466.62999999999954,463.56999999999954,465.5899999999995,786
2026-06-05T18:45:00+00:00,465.5899999999995,465.5899999999995,461.82999999999953,464.8999999999995,984
2026-06-05T18:50:00+00:00,464.8999999999995,466.2699999999995,462.9699999999995,466.1699999999995,812
2026-06-05T18:55:00+00:00,466.1699999999995,468.9099999999995,464.98999999999955,468.80999999999955,821
2026-06-05T19:00:00+00:00,468.80999999999955,469.85999999999956,465.9699999999995,469.57999999999953,648
2026-06-05T19:05:00+00:00,469.57999999999953,470.10999999999956,464.99999999999955,466.8999999999995,689
2026-06-05T19:10:00+00:00,466.8999999999995,467.11999999999955,464.4699999999995,466.0999999999995,707
2026-06-05T19:15:00+00:00,466.0999999999995,466.0999999999995,462.86999999999955,463.7299999999995,626
2026-06-05T19:20:00+00:00,463.7299999999995,466.31999999999954,462.7699999999995,466.2099999999995,697
2026-06-05T19:25:00+00:00,466.2099999999995,470.5999999999995,466.2099999999995,470.1699999999995,720
2026-06-05T19:30:00+00:00,470.1699999999995,470.6699999999995,466.18999999999954,468.31999999999954,775
2026-06-05T19:35:00+00:00,468.31999999999954,470.98999999999955,467.9799999999995,470.5199999999995,853
2026-06-05T19:40:00+00:00,470.5199999999995,470.69999999999953,467.4699999999995,469.9699999999995,915
2026-06-05T19:45:00+00:00,469.9699999999995,472.04999999999956,469.29999999999956,470.7699999999995,779
2026-06-05T19:50:00+00:00,470.7699999999995,474.0999999999995,468.7699999999995,469.0999999999995,1039
2026-06-05T19:55:00+00:00,469.0999999999995,469.0999999999995,463.00999999999954,464.87999999999954,1115
2026-06-08T13:30:00+00:00,464.87999999999954,483.18999999999954,464.87999999999954,479.99999999999955,1100
2026-06-08T13:35:00+00:00,479.99999999999955,487.86999999999955,479.49999999999955,482.1499999999995,961
2026-06-08T13:40:00+00:00,482.1499999999995,486.81999999999954,480.6599999999995,484.56999999999954,762
2026-06-08T13:45:00+00:00,484.56999999999954,488.10999999999956,483.24999999999955,484.48999999999955,676
2026-06-08T13:50:00+00:00,484.48999999999955,485.69999999999953,481.06999999999954,482.4199999999995,726
2026-06-08T13:55:00+00:00,482.4199999999995,482.75999999999954,475.9699999999995,476.1699999999995,719
2026-06-08T14:00:00+00:00,476.1699999999995,478.4699999999995,475.67999999999955,476.18999999999954,712
2026-06-08T14:05:00+00:00,476.18999999999954,483.9799999999995,476.17999999999955,483.2099999999995,622
2026-06-08T14:10:00+00:00,483.2099999999995,484.4199999999995,482.25999999999954,483.0299999999995,588
2026-06-08T14:15:00+00:00,483.0299999999995,484.62999999999954,481.68999999999954,482.6699999999995,441
2026-06-08T14:20:00+00:00,482.6699999999995,483.61999999999955,480.5899999999995,483.31999999999954,467
2026-06-08T14:25:00+00:00,483.31999999999954,486.74999999999955,482.99999999999955,485.00999999999954,524
2026-06-08T14:30:00+00:00,485.00999999999954,486.00999999999954,483.9699999999995,485.49999999999955,414
2026-06-08T14:35:00+00:00,485.49999999999955,488.30999999999955,484.9699999999995,487.88999999999953,587
2026-06-08T14:40:00+00:00,487.88999999999953,488.57999999999953,485.6699999999995,486.6699999999995,511
2026-06-08T14:45:00+00:00,486.6699999999995,488.04999999999956,486.61999999999955,487.29999999999956,411
2026-06-08T14:50:00+00:00,487.29999999999956,489.37999999999954,486.9799999999995,487.75999999999954,510
2026-06-08T14:55:00+00:00,487.75999999999954,488.37999999999954,486.1599999999995,487.68999999999954,391
2026-06-08T15:00:00+00:00,487.68999999999954,489.4199999999995,487.42999999999955,489.1499999999995,419
2026-06-08T15:05:00+00:00,489.1499999999995,491.0899999999995,488.86999999999955,490.17999999999955,453
2026-06-08T15:10:00+00:00,490.17999999999955,491.7699999999995,490.06999999999954,490.99999999999955,508
2026-06-08T15:15:00+00:00,490.99999999999955,491.9699999999995,490.4799999999995,491.86999999999955,411
2026-06-08T15:20:00+00:00,491.86999999999955,492.1599999999995,489.3499999999995,490.7299999999995,496
2026-06-08T15:25:00+00:00,490.7299999999995,490.7799999999995,487.68999999999954,487.88999999999953,536
2026-06-08T15:30:00+00:00,487.88999999999953,488.56999999999954,485.8399999999995,486.2799999999995,529
2026-06-08T15:35:00+00:00,486.2799999999995,488.31999999999954,486.2799999999995,487.7899999999995,433
2026-06-08T15:40:00+00:00,487.7899999999995,489.8499999999995,487.1699999999995,489.8499999999995,385
2026-06-08T15:45:00+00:00,489.8499999999995,490.13999999999953,486.9799999999995,487.2899999999995,374
2026-06-08T15:50:00+00:00,487.2899999999995,489.42999999999955,487.2799999999995,488.05999999999955,280
2026-06-08T15:55:00+00:00,488.05999999999955,488.23999999999955,486.80999999999955,487.35999999999956,374
2026-06-08T16:00:00+00:00,487.35999999999956,488.49999999999955,486.1699999999995,487.98999999999955,323
2026-06-08T16:05:00+00:00,487.98999999999955,488.29999999999956,486.48999999999955,486.6699999999995,320
2026-06-08T16:10:00+00:00,486.6699999999995,487.9599999999995,485.4699999999995,487.43999999999954,297
2026-06-08T16:15:00+00:00,487.43999999999954,488.73999999999955,487.1499999999995,488.5899999999995,216
2026-06-08T16:20:00+00:00,488.5899999999995,488.99999999999955,486.49999999999955,487.18999999999954,310
2026-06-08T16:25:00+00:00,487.18999999999954,488.11999999999955,485.2799999999995,485.67999999999955,284
2026-06-08T16:30:00+00:00,485.67999999999955,487.61999999999955,485.57999999999953,486.0199999999995,319
2026-06-08T16:35:00+00:00,486.0199999999995,487.3399999999995,485.63999999999953,486.19999999999953,275
2026-06-08T16:40:00+00:00,486.19999999999953,489.07999999999953,486.1699999999995,488.8499999999995,288
2026-06-08T16:45:00+00:00,488.8499999999995,490.13999999999953,488.35999999999956,489.68999999999954,258
2026-06-08T16:50:00+00:00,489.68999999999954,490.98999999999955,489.55999999999955,490.18999999999954,365
2026-06-08T16:55:00+00:00,490.18999999999954,491.18999999999954,488.86999999999955,488.86999999999955,314
2026-06-08T17:00:00+00:00,488.86999999999955,488.86999999999955,485.9799999999995,486.3999999999995,439
2026-06-08T17:05:00+00:00,486.3999999999995,487.2299999999995,486.2299999999995,486.37999999999954,235
2026-06-08T17:10:00+00:00,486.37999999999954,486.8499999999995,485.7299999999995,486.60999999999956,281
2026-06-08T17:15:00+00:00,486.60999999999956,487.0999999999995,485.0299999999995,485.0999999999995,293
2026-06-08T17:20:00+00:00,485.0999999999995,485.85999999999956,484.2699999999995,485.43999999999954,289
2026-06-08T17:25:00+00:00,485.43999999999954,488.6499999999995,485.10999999999956,488.3499999999995,361
2026-06-08T17:30:00+00:00,488.3499999999995,489.2899999999995,485.5299999999995,486.61999999999955,317
2026-06-08T17:35:00+00:00,486.61999999999955,487.74999999999955,485.9699999999995,487.37999999999954,277
2026-06-08T17:40:00+00:00,487.37999999999954,487.60999999999956,486.3399999999995,486.3399999999995,182
2026-06-08T17:45:00+00:00,486.3399999999995,488.63999999999953,486.3399999999995,488.44999999999953,227
2026-06-08T17:50:00+00:00,488.44999999999953,489.88999999999953,488.35999999999956,489.3499999999995,232
2026-06-08T17:55:00+00:00,489.3499999999995,489.54999999999956,488.44999999999953,488.5899999999995,248
2026-06-08T18:00:00+00:00,488.5899999999995,489.6699999999995,488.4599999999995,488.5999999999995,234
2026-06-08T18:05:00+00:00,488.5999999999995,491.5999999999995,488.44999999999953,491.2699999999995,299
2026-06-08T18:10:00+00:00,491.2699999999995,491.68999999999954,489.30999999999955,489.80999999999955,323
2026-06-08T18:15:00+00:00,489.80999999999955,490.9599999999995,489.4799999999995,489.7099999999995,187
2026-06-08T18:20:00+00:00,489.7099999999995,490.05999999999955,488.7199999999995,489.4199999999995,249
2026-06-08T18:25:00+00:00,489.4199999999995,490.2199999999995,489.3999999999995,489.99999999999955,162
2026-06-08T18:30:00+00:00,489.99999999999955,492.80999999999955,489.98999999999955,491.6499999999995,355
2026-06-08T18:35:00+00:00,491.6499999999995,492.0899999999995,489.92999999999955,489.99999999999955,266
2026-06-08T18:40:00+00:00,489.99999999999955,490.00999999999954,488.5399999999995,488.87999999999954,286
2026-06-08T18:45:00+00:00,488.87999999999954,489.9799999999995,488.5199999999995,488.85999999999956,266
2026-06-08T18:50:00+00:00,488.85999999999956,489.81999999999954,488.56999999999954,489.42999999999955,222
2026-06-08T18:55:00+00:00,489.42999999999955,490.19999999999953,488.9699999999995,489.4799999999995,237
2026-06-08T19:00:00+00:00,489.4799999999995,489.4799999999995,487.67999999999955,489.25999999999954,328
2026-06-08T19:05:00+00:00,489.25999999999954,489.7799999999995,487.0899999999995,487.0899999999995,255
2026-06-08T19:10:00+00:00,487.0899999999995,487.12999999999954,485.54999999999956,485.7199999999995,328
2026-06-08T19:15:00+00:00,485.7199999999995,485.93999999999954,484.7299999999995,484.82999999999953,309
2026-06-08T19:20:00+00:00,484.82999999999953,486.54999999999956,484.05999999999955,484.36999999999955,421
2026-06-08T19:25:00+00:00,484.36999999999955,486.10999999999956,484.13999999999953,485.93999999999954,367
2026-06-08T19:30:00+00:00,485.93999999999954,489.2299999999995,485.55999999999955,487.0299999999995,465
2026-06-08T19:35:00+00:00,487.0299999999995,487.69999999999953,486.2199999999995,486.6599999999995,349
2026-06-08T19:40:00+00:00,486.6599999999995,486.7699999999995,485.2799999999995,485.8399999999995,395
2026-06-08T19:45:00+00:00,485.8399999999995,486.7099999999995,485.2199999999995,485.2299999999995,379
2026-06-08T19:50:00+00:00,485.2299999999995,489.18999999999954,485.2299999999995,488.2899999999995,582
2026-06-08T19:55:00+00:00,488.2899999999995,488.6699999999995,486.94999999999953,487.9099999999995,1012
2026-06-09T13:30:00+00:00,487.9099999999995,501.7899999999995,487.9099999999995,491.48999999999955,920
2026-06-09T13:35:00+00:00,491.48999999999955,492.9699999999995,488.49999999999955,488.5899999999995,1062
2026-06-09T13:40:00+00:00,488.5899999999995,488.88999999999953,486.07999999999953,486.8399999999995,1027
2026-06-09T13:45:00+00:00,486.8399999999995,491.75999999999954,486.36999999999955,491.0299999999995,1003
2026-06-09T13:50:00+00:00,491.0299999999995,491.0899999999995,486.2199999999995,486.2899999999995,692
2026-06-09T13:55:00+00:00,486.2899999999995,488.93999999999954,485.4699999999995,486.92999999999955,866
2026-06-09T14:00:00+00:00,486.92999999999955,492.7099999999995,485.17999999999955,490.9599999999995,882
2026-06-09T14:05:00+00:00,490.9599999999995,492.3999999999995,489.18999999999954,489.19999999999953,788
2026-06-09T14:10:00+00:00,489.19999999999953,489.35999999999956,484.62999999999954,485.2699999999995,964
2026-06-09T14:15:00+00:00,485.2699999999995,486.4699999999995,482.06999999999954,483.4799999999995,1102
2026-06-09T14:20:00+00:00,483.4799999999995,486.73999999999955,483.06999999999954,486.63999999999953,899
2026-06-09T14:25:00+00:00,486.63999999999953,488.69999999999953,484.35999999999956,484.85999999999956,798
2026-06-09T14:30:00+00:00,484.85999999999956,486.48999999999955,480.92999999999955,485.0299999999995,1110
2026-06-09T14:35:00+00:00,485.0299999999995,486.63999999999953,483.9699999999995,484.2199999999995,672
2026-06-09T14:40:00+00:00,484.2199999999995,486.18999999999954,477.9799999999995,478.2299999999995,723
2026-06-09T14:45:00+00:00,478.2299999999995,479.81999999999954,471.5299999999995,472.3999999999995,1135
2026-06-09T14:50:00+00:00,472.3999999999995,477.82999999999953,471.9699999999995,477.50999999999954,980
2026-06-09T14:55:00+00:00,477.50999999999954,478.2199999999995,473.5899999999995,475.9699999999995,593
2026-06-09T15:00:00+00:00,475.9699999999995,477.75999999999954,474.6499999999995,474.69999999999953,546
2026-06-09T15:05:00+00:00,474.69999999999953,478.6599999999995,472.1499999999995,478.43999999999954,461
2026-06-09T15:10:00+00:00,478.43999999999954,479.9199999999995,476.4699999999995,477.17999999999955,483
2026-06-09T15:15:00+00:00,477.17999999999955,477.3499999999995,473.93999999999954,474.0199999999995,350
2026-06-09T15:20:00+00:00,474.0199999999995,475.23999999999955,468.2199999999995,468.9799999999995,560
2026-06-09T15:25:00+00:00,468.9799999999995,469.12999999999954,463.31999999999954,463.98999999999955,722
2026-06-09T15:30:00+00:00,463.98999999999955,465.43999999999954,462.7699999999995,462.98999999999955,788
2026-06-09T15:35:00+00:00,462.98999999999955,465.63999999999953,462.3499999999995,464.8399999999995,592
2026-06-09T15:40:00+00:00,464.8399999999995,468.60999999999956,463.98999999999955,466.73999999999955,752
2026-06-09T15:45:00+00:00,466.73999999999955,467.7899999999995,465.98999999999955,466.69999999999953,517
2026-06-09T15:50:00+00:00,466.69999999999953,469.38999999999953,463.9699999999995,463.9699999999995,762
2026-06-09T15:55:00+00:00,463.9699999999995,464.6599999999995,456.9799999999995,457.6699999999995,977
2026-06-09T16:00:00+00:00,457.6699999999995,459.92999999999955,457.07999999999953,457.60999999999956,920
2026-06-09T16:05:00+00:00,457.60999999999956,457.69999999999953,450.5399999999995,451.79999999999956,1219
2026-06-09T16:10:00+00:00,451.79999999999956,452.9599999999995,448.9699999999995,450.44999999999953,877
2026-06-09T16:15:00+00:00,450.44999999999953,450.7199999999995,442.29999999999956,442.74999999999955,981
2026-06-09T16:20:00+00:00,442.74999999999955,446.29999999999956,441.30999999999955,446.29999999999956,913
2026-06-09T16:25:00+00:00,446.29999999999956,447.74999999999955,443.9699999999995,444.93999999999954,737
2026-06-09T16:30:00+00:00,444.93999999999954,446.2099999999995,441.4799999999995,442.54999999999956,746
2026-06-09T16:35:00+00:00,442.54999999999956,445.82999999999953,435.11999999999955,435.2699999999995,1170
2026-06-09T16:40:00+00:00,435.2699999999995,441.99999999999955,435.12999999999954,440.67999999999955,1168
2026-06-09T16:45:00+00:00,440.67999999999955,442.67999999999955,438.0899999999995,440.04999999999956,989
2026-06-09T16:50:00+00:00,440.04999999999956,440.44999999999953,437.4699999999995,437.57999999999953,858
2026-06-09T16:55:00+00:00,437.57999999999953,444.79999999999956,437.4799999999995,443.9799999999995,817
2026-06-09T17:00:00+00:00,443.9799999999995,451.82999999999953,443.0899999999995,450.98999999999955,926
2026-06-09T17:05:00+00:00,450.98999999999955,451.4099999999995,448.25999999999954,450.9699999999995,839
2026-06-09T17:10:00+00:00,450.9699999999995,453.1599999999995,448.9699999999995,452.4599999999995,646
2026-06-09T17:15:00+00:00,452.4599999999995,455.5899999999995,450.04999999999956,455.29999999999956,581
2026-06-09T17:20:00+00:00,455.29999999999956,457.05999999999955,453.12999999999954,454.68999999999954,794
2026-06-09T17:25:00+00:00,454.68999999999954,457.10999999999956,452.9699999999995,456.19999999999953,477
2026-06-09T17:30:00+00:00,456.19999999999953,458.60999999999956,454.50999999999954,458.60999999999956,545
2026-06-09T17:35:00+00:00,458.60999999999956,459.4199999999995,456.48999999999955,458.74999999999955,507
2026-06-09T17:40:00+00:00,458.74999999999955,462.0299999999995,458.35999999999956,459.99999999999955,582
2026-06-09T17:45:00+00:00,459.99999999999955,460.49999999999955,453.2099999999995,453.7699999999995,755
2026-06-09T17:50:00+00:00,453.7699999999995,458.37999999999954,453.7699999999995,456.24999999999955,561
2026-06-09T17:55:00+00:00,456.24999999999955,459.98999999999955,456.1699999999995,458.31999999999954,504
2026-06-09T18:00:00+00:00,458.31999999999954,459.48999999999955,455.99999999999955,457.55999999999955,536
2026-06-09T18:05:00+00:00,457.55999999999955,460.2099999999995,456.9699999999995,459.73999999999955,461
2026-06-09T18:10:00+00:00,459.73999999999955,459.88999999999953,457.98999999999955,459.3999999999995,409
2026-06-09T18:15:00+00:00,459.3999999999995,462.0299999999995,457.4699999999995,461.9799999999995,507
2026-06-09T18:20:00+00:00,461.9799999999995,463.86999999999955,461.06999999999954,463.48999999999955,520
2026-06-09T18:25:00+00:00,463.48999999999955,463.8399999999995,461.35999999999956,463.67999999999955,477
2026-06-09T18:30:00+00:00,463.67999999999955,465.8999999999995,463.4099999999995,464.67999999999955,488
2026-06-09T18:35:00+00:00,464.67999999999955,465.5899999999995,463.6599999999995,464.9699999999995,434
2026-06-09T18:40:00+00:00,464.9699999999995,465.1699999999995,461.99999999999955,462.19999999999953,471
2026-06-09T18:45:00+00:00,462.19999999999953,463.7199999999995,461.99999999999955,463.32999999999953,407
2026-06-09T18:50:00+00:00,463.32999999999953,465.30999999999955,462.67999999999955,463.49999999999955,386
2026-06-09T18:55:00+00:00,463.49999999999955,467.0399999999995,463.49999999999955,466.05999999999955,404
2026-06-09T19:00:00+00:00,466.05999999999955,468.98999999999955,464.4099999999995,468.7799999999995,522
2026-06-09T19:05:00+00:00,468.7799999999995,468.98999999999955,464.9699999999995,464.98999999999955,555
2026-06-09T19:10:00+00:00,464.98999999999955,465.44999999999953,462.29999999999956,462.68999999999954,586
2026-06-09T19:15:00+00:00,462.68999999999954,462.9699999999995,458.37999999999954,459.99999999999955,745
2026-06-09T19:20:00+00:00,459.99999999999955,462.85999999999956,458.9799999999995,461.4699999999995,652
2026-06-09T19:25:00+00:00,461.4699999999995,465.18999999999954,460.98999999999955,465.18999999999954,552
2026-06-09T19:30:00+00:00,465.18999999999954,467.81999999999954,464.17999999999955,466.8399999999995,602
2026-06-09T19:35:00+00:00,466.8399999999995,467.35999999999956,464.00999999999954,464.7299999999995,524
2026-06-09T19:40:00+00:00,464.7299999999995,465.7299999999995,461.9699999999995,464.98999999999955,739
2026-06-09T19:45:00+00:00,464.98999999999955,465.5899999999995,462.1699999999995,463.2699999999995,543
2026-06-09T19:50:00+00:00,463.2699999999995,468.0199999999995,463.2699999999995,467.9599999999995,881
2026-06-09T19:55:00+00:00,467.9599999999995,474.0299999999995,467.2799999999995,473.73999999999955,1150
2026-06-10T13:30:00+00:00,473.73999999999955,473.73999999999955,462.9699999999995,463.81999999999954,779
2026-06-10T13:35:00+00:00,463.81999999999954,473.32999999999953,463.2299999999995,468.2799999999995,924
2026-06-10T13:40:00+00:00,468.2799999999995,469.81999999999954,462.04999999999956,469.2099999999995,901
2026-06-10T13:45:00+00:00,469.2099999999995,475.10999999999956,467.4199999999995,473.4799999999995,994
2026-06-10T13:50:00+00:00,473.4799999999995,473.81999999999954,465.74999999999955,466.1699999999995,778
2026-06-10T13:55:00+00:00,466.1699999999995,467.86999999999955,463.99999999999955,464.94999999999953,746
2026-06-10T14:00:00+00:00,464.94999999999953,467.3499999999995,462.9799999999995,466.63999999999953,826
2026-06-10T14:05:00+00:00,466.63999999999953,471.9199999999995,464.4699999999995,470.5899999999995,730
2026-06-10T14:10:00+00:00,470.5899999999995,471.3499999999995,468.1499999999995,468.1599999999995,691
2026-06-10T14:15:00+00:00,468.1599999999995,469.7799999999995,466.4799999999995,468.5899999999995,572
2026-06-10T14:20:00+00:00,468.5899999999995,472.42999999999955,467.2299999999995,471.98999999999955,515
2026-06-10T14:25:00+00:00,471.98999999999955,473.1499999999995,469.9699999999995,471.0299999999995,565
2026-06-10T14:30:00+00:00,471.0299999999995,474.05999999999955,468.6599999999995,474.05999999999955,500
2026-06-10T14:35:00+00:00,474.05999999999955,474.05999999999955,471.31999999999954,471.61999999999955,494
2026-06-10T14:40:00+00:00,471.61999999999955,472.7799999999995,468.9799999999995,468.98999999999955,400
2026-06-10T14:45:00+00:00,468.98999999999955,469.73999999999955,465.48999999999955,466.2199999999995,627
2026-06-10T14:50:00+00:00,466.2199999999995,469.36999999999955,465.49999999999955,465.99999999999955,632
2026-06-10T14:55:00+00:00,465.99999999999955,466.93999999999954,459.81999999999954,461.76999999999947,758.5904598761365
2026-06-10T15:00:00+00:00,461.76999999999947,464.1899999999995,459.21999999999946,460.6299999999995,730
2026-06-10T15:05:00+00:00,460.6299999999995,460.9899999999995,456.52999999999946,456.6299999999995,710
2026-06-10T15:10:00+00:00,456.6299999999995,457.5499999999995,454.46999999999946,454.46999999999946,764
2026-06-10T15:15:00+00:00,454.46999999999946,454.6899999999995,449.4999999999995,451.08999999999946,670
2026-06-10T15:20:00+00:00,451.08999999999946,456.6099999999995,450.6099999999995,456.15999999999946,566
2026-06-10T15:25:00+00:00,456.15999999999946,458.1099999999995,454.6099999999995,454.8799999999995,471
2026-06-10T15:30:00+00:00,454.8799999999995,457.3799999999995,453.6199999999995,455.1999999999995,402
2026-06-10T15:35:00+00:00,455.1999999999995,456.03999999999945,453.58999999999946,454.52999999999946,360
2026-06-10T15:40:00+00:00,454.52999999999946,457.9399999999995,453.96999999999946,457.59999999999945,374
2026-06-10T15:45:00+00:00,457.59999999999945,458.40999999999946,451.8699999999995,453.01999999999947,648
2026-06-10T15:50:00+00:00,453.01999999999947,457.27999999999946,450.3899999999995,456.4299999999995,474
2026-06-10T15:55:00+00:00,456.4299999999995,459.53999999999945,454.1099999999995,458.8899999999995,477
2026-06-10T16:00:00+00:00,458.8899999999995,459.8899999999995,456.1199999999995,458.1199999999995,335
2026-06-10T16:05:00+00:00,458.1199999999995,458.6999999999995,455.1199999999995,455.45999999999947,363
2026-06-10T16:10:00+00:00,455.45999999999947,455.78999999999945,453.14999999999947,453.39999999999947,360
2026-06-10T16:15:00+00:00,453.39999999999947,455.2399999999995,453.1399999999995,454.1099999999995,357
2026-06-10T16:20:00+00:00,454.1099999999995,454.40999999999946,452.58999999999946,452.78999999999945,356
2026-06-10T16:25:00+00:00,452.78999999999945,454.02999999999946,452.58999999999946,453.71999999999946,282
2026-06-10T16:30:00+00:00,453.71999999999946,456.01999999999947,452.70999999999947,455.58999999999946,416
2026-06-10T16:35:00+00:00,455.58999999999946,457.5699999999995,454.6099999999995,456.4799999999995,448
2026-06-10T16:40:00+00:00,456.4799999999995,457.28999999999945,453.6099999999995,453.9899999999995,284
2026-06-10T16:45:00+00:00,453.9899999999995,453.9899999999995,451.08999999999946,452.33999999999946,388
2026-06-10T16:50:00+00:00,452.33999999999946,453.78999999999945,451.1199999999995,452.4899999999995,386
2026-06-10T16:55:00+00:00,452.4899999999995,452.58999999999946,451.1099999999995,452.3699999999995,285
2026-06-10T17:00:00+00:00,452.3699999999995,454.3799999999995,451.6899999999995,454.21999999999946,370
2026-06-10T17:05:00+00:00,454.21999999999946,454.21999999999946,451.08999999999946,451.1799999999995,355
2026-06-10T17:10:00+00:00,451.1799999999995,451.6699999999995,450.08999999999946,450.4199999999995,359
2026-06-10T17:15:00+00:00,450.4199999999995,451.5499999999995,449.8899999999995,449.8899999999995,297
2026-06-10T17:20:00+00:00,449.8899999999995,451.08999999999946,449.58999999999946,451.0799999999995,333
2026-06-10T17:25:00+00:00,451.0799999999995,451.83999999999946,450.08999999999946,451.64999999999947,340
2026-06-10T17:30:00+00:00,451.64999999999947,452.4299999999995,450.45999999999947,452.2299999999995,292
2026-06-10T17:35:00+00:00,452.2299999999995,452.28999999999945,451.1799999999995,451.95999999999947,255
2026-06-10T17:40:00+00:00,451.95999999999947,452.4799999999995,451.20999999999947,451.20999999999947,299
2026-06-10T17:45:00+00:00,451.20999999999947,456.71999999999946,451.1099999999995,456.1199999999995,576
2026-06-10T17:50:00+00:00,456.1199999999995,456.5499999999995,454.1899999999995,454.89999999999947,409
2026-06-10T17:55:00+00:00,454.89999999999947,457.0599999999995,454.89999999999947,456.21999999999946,273
2026-06-10T18:00:00+00:00,456.21999999999946,457.4199999999995,455.1799999999995,457.2499999999995,334
2026-06-10T18:05:00+00:00,457.2499999999995,457.3099999999995,454.1899999999995,454.1999999999995,318
2026-06-10T18:10:00+00:00,454.1999999999995,455.9499999999995,454.1899999999995,455.2299999999995,241
2026-06-10T18:15:00+00:00,455.2299999999995,456.01999999999947,452.1799999999995,453.0099999999995,319
2026-06-10T18:20:00+00:00,453.0099999999995,454.0099999999995,452.28999999999945,452.9399999999995,294
2026-06-10T18:25:00+00:00,452.9399999999995,453.8599999999995,452.2999999999995,452.8799999999995,295
2026-06-10T18:30:00+00:00,452.8799999999995,453.2999999999995,451.6999999999995,452.0799999999995,274
2026-06-10T18:35:00+00:00,452.0799999999995,452.09999999999945,450.58999999999946,451.1099999999995,319
2026-06-10T18:40:00+00:00,451.1099999999995,451.8699999999995,450.4199999999995,451.33999999999946,365
2026-06-10T18:45:00+00:00,451.33999999999946,451.8299999999995,450.59999999999945,450.59999999999945,337
2026-06-10T18:50:00+00:00,450.59999999999945,451.14999999999947,449.6399999999995,450.34999999999945,444
2026-06-10T18:55:00+00:00,450.34999999999945,450.6399999999995,448.90999999999946,450.03999999999945,367
2026-06-10T19:00:00+00:00,450.03999999999945,451.6099999999995,449.14999999999947,450.77999999999946,506
2026-06-10T19:05:00+00:00,450.77999999999946,452.7599999999995,450.2599999999995,451.08999999999946,397
2026-06-10T19:10:00+00:00,451.08999999999946,451.1099999999995,449.3699999999995,449.9499999999995,367
2026-06-10T19:15:00+00:00,449.9499999999995,450.01999999999947,447.08999999999946,447.58999999999946,477
2026-06-10T19:20:00+00:00,447.58999999999946,447.89999999999947,446.59999999999945,447.77999999999946,432
2026-06-10T19:25:00+00:00,447.77999999999946,449.4999999999995,446.4399999999995,448.9399999999995,558
2026-06-10T19:30:00+00:00,448.9399999999995,450.7499999999995,448.08999999999946,450.01999999999947,642
2026-06-10T19:35:00+00:00,450.01999999999947,452.3599999999995,449.5699999999995,452.1299999999995,527
2026-06-10T19:40:00+00:00,452.1299999999995,452.6099999999995,450.4799999999995,451.8599999999995,574
2026-06-10T19:45:00+00:00,451.8599999999995,452.09999999999945,449.2499999999995,450.4199999999995,505
2026-06-10T19:50:00+00:00,450.4199999999995,453.7299999999995,449.3899999999995,451.9299999999995,709
2026-06-10T19:55:00+00:00,451.9299999999995,451.9299999999995,448.58999999999946,449.9199999999995,922
2026-06-11T13:30:00+00:00,449.9199999999995,464.5599999999995,449.9199999999995,463.4399999999995,630
2026-06-11T13:35:00+00:00,463.4399999999995,468.28999999999945,461.7599999999995,463.4199999999995,916
2026-06-11T13:40:00+00:00,463.4199999999995,466.9299999999995,461.58999999999946,466.7399999999995,719
2026-06-11T13:45:00+00:00,466.7399999999995,471.83999999999946,466.33999999999946,470.2599999999995,908
2026-06-11T13:50:00+00:00,470.2599999999995,477.0599999999995,470.2599999999995,474.7999999999995,817
2026-06-11T13:55:00+00:00,474.7999999999995,476.9899999999995,473.6199999999995,474.3299999999995,720
2026-06-11T14:00:00+00:00,474.3299999999995,477.9999999999995,474.09999999999945,476.2499999999995,727
2026-06-11T14:05:00+00:00,476.2499999999995,477.3299999999995,473.39999999999947,474.08999999999946,700
2026-06-11T14:10:00+00:00,474.08999999999946,474.46999999999946,467.1199999999995,467.15999999999946,804
2026-06-11T14:15:00+00:00,467.15999999999946,468.4399999999995,464.58999999999946,464.6099999999995,727
2026-06-11T14:20:00+00:00,464.6099999999995,470.09999999999945,464.59999999999945,468.8099999999995,644
2026-06-11T14:25:00+00:00,468.8099999999995,471.3099999999995,467.27999999999946,470.3799999999995,643
2026-06-11T14:30:00+00:00,470.3799999999995,471.58999999999946,469.58999999999946,470.84999999999945,487
2026-06-11T14:35:00+00:00,470.84999999999945,472.9199999999995,470.01999999999947,470.90999999999946,449
2026-06-11T14:40:00+00:00,470.90999999999946,472.2499999999995,468.51999999999947,468.6099999999995,407
2026-06-11T14:45:00+00:00,468.6099999999995,469.20999999999947,467.1099999999995,467.71999999999946,457
2026-06-11T14:50:00+00:00,467.71999999999946,469.6399999999995,467.09999999999945,467.5099999999995,414
2026-06-11T14:55:00+00:00,467.5099999999995,467.5099999999995,461.58999999999946,463.0099999999995,533
2026-06-11T15:00:00+00:00,463.0099999999995,463.09999999999945,459.6099999999995,462.3899999999995,543
2026-06-11T15:05:00+00:00,462.3899999999995,464.20999999999947,461.1099999999995,462.59999999999945,449
2026-06-11T15:10:00+00:00,462.59999999999945,465.9299999999995,462.59999999999945,465.01999999999947,414
2026-06-11T15:15:00+00:00,465.01999999999947,467.2599999999995,463.6099999999995,464.2599999999995,402
2026-06-11T15:20:00+00:00,464.2599999999995,467.2499999999995,464.0599999999995,466.01999999999947,409
2026-06-11T15:25:00+00:00,466.01999999999947,466.6799999999995,463.45999999999947,464.6099999999995,318
2026-06-11T15:30:00+00:00,464.6099999999995,466.3099999999995,463.59999999999945,466.01999999999947,358
2026-06-11T15:35:00+00:00,466.01999999999947,467.59999999999945,465.1199999999995,466.1999999999995,324
2026-06-11T15:40:00+00:00,466.1999999999995,467.53999999999945,463.3799999999995,463.39999999999947,371
2026-06-11T15:45:00+00:00,463.39999999999947,465.0099999999995,463.08999999999946,463.1099999999995,330
2026-06-11T15:50:00+00:00,463.1099999999995,463.3199999999995,461.3899999999995,462.28999999999945,318
2026-06-11T15:55:00+00:00,462.28999999999945,464.2599999999995,461.58999999999946,463.8099999999995,331
2026-06-11T16:00:00+00:00,463.8099999999995,465.3299999999995,463.08999999999946,464.14999999999947,323
2026-06-11T16:05:00+00:00,464.14999999999947,465.9899999999995,463.96999999999946,464.96999999999946,266
2026-06-11T16:10:00+00:00,464.96999999999946,466.65999999999946,464.7999999999995,465.4299999999995,303
2026-06-11T16:15:00+00:00,465.4299999999995,466.27999999999946,464.08999999999946,465.1999999999995,292
2026-06-11T16:20:00+00:00,465.1999999999995,465.7299999999995,463.09999999999945,463.59999999999945,263
2026-06-11T16:25:00+00:00,463.59999999999945,463.9999999999995,462.58999999999946,462.6099999999995,275
2026-06-11T16:30:00+00:00,462.6099999999995,466.3799999999995,462.1799999999995,465.09999999999945,297
2026-06-11T16:35:00+00:00,465.09999999999945,466.3199999999995,464.15999999999946,464.34999999999945,226
2026-06-11T16:40:00+00:00,464.34999999999945,464.9499999999995,463.65999999999946,464.45999999999947,190
2026-06-11T16:45:00+00:00,464.45999999999947,464.6199999999995,463.28999999999945,463.5599999999995,193
2026-06-11T16:50:00+00:00,463.5599999999995,463.6099999999995,460.6299999999995,460.9199999999995,297
2026-06-11T16:55:00+00:00,460.9199999999995,461.15999999999946,460.09999999999945,460.1199999999995,206
2026-06-11T17:00:00+00:00,460.1199999999995,461.1999999999995,458.9899999999995,459.1799999999995,310
2026-06-11T17:05:00+00:00,459.1799999999995,460.7599999999995,458.9999999999995,460.6399999999995,224
2026-06-11T17:10:00+00:00,460.6399999999995,460.6399999999995,458.08999999999946,458.3899999999995,288
2026-06-11T17:15:00+00:00,458.3899999999995,458.9499999999995,456.28999999999945,456.71999999999946,337
2026-06-11T17:20:00+00:00,456.71999999999946,458.2499999999995,456.08999999999946,458.1999999999995,268
2026-06-11T17:25:00+00:00,458.1999999999995,468.15999999999946,458.1399999999995,467.9199999999995,697
2026-06-11T17:30:00+00:00,467.9199999999995,474.9499999999995,467.89999999999947,472.0799999999995,868
2026-06-11T17:35:00+00:00,472.0799999999995,473.09999999999945,470.34999999999945,473.0099999999995,445
2026-06-11T17:40:00+00:00,473.0099999999995,475.71999999999946,471.6099999999995,475.5499999999995,415
2026-06-11T17:45:00+00:00,475.5499999999995,476.09999999999945,472.7499999999995,472.8099999999995,391
2026-06-11T17:50:00+00:00,472.8099999999995,473.7599999999995,470.9999999999995,473.1699999999995,367
2026-06-11T17:55:00+00:00,473.1699999999995,473.52999999999946,471.3699999999995,473.1699999999995,315
2026-06-11T18:00:00+00:00,473.1699999999995,475.09999999999945,470.08999999999946,470.6999999999995,422
2026-06-11T18:05:00+00:00,470.6999999999995,472.02999999999946,469.45999999999947,471.4299999999995,334
2026-06-11T18:10:00+00:00,471.4299999999995,473.84999999999945,471.33999999999946,473.6799999999995,281
2026-06-11T18:15:00+00:00,473.6799999999995,475.77999999999946,473.59999999999945,475.1399999999995,348
2026-06-11T18:20:00+00:00,475.1399999999995,475.1399999999995,472.3099999999995,474.76999999999947,433
2026-06-11T18:25:00+00:00,474.76999999999947,475.5799999999995,474.0599999999995,474.7299999999995,220
2026-06-11T18:30:00+00:00,474.7299999999995,476.2499999999995,474.2599999999995,474.6199999999995,281
2026-06-11T18:35:00+00:00,474.6199999999995,476.1299999999995,474.6199999999995,475.0499999999995,298
2026-06-11T18:40:00+00:00,475.0499999999995,476.6399999999995,475.0499999999995,476.4499999999995,285
2026-06-11T18:45:00+00:00,476.4499999999995,479.01999999999947,476.26999999999947,478.64999999999947,357
2026-06-11T18:50:00+00:00,478.64999999999947,479.7599999999995,477.71999999999946,478.2999999999995,340
2026-06-11T18:55:00+00:00,478.2999999999995,479.5599999999995,477.21999999999946,479.45999999999947,327
2026-06-11T19:00:00+00:00,479.45999999999947,481.1299999999995,479.1099999999995,480.5699999999995,387
2026-06-11T19:05:00+00:00,480.5699999999995,482.02999999999946,477.83999999999946,481.9399999999995,478
2026-06-11T19:10:00+00:00,481.9399999999995,483.26999999999947,481.09999999999945,482.8299999999995,505
2026-06-11T19:15:00+00:00,482.8299999999995,484.4999999999995,482.5099999999995,483.96999999999946,397
2026-06-11T19:20:00+00:00,483.96999999999946,484.2399999999995,483.2999999999995,483.95999999999947,346
2026-06-11T19:25:00+00:00,483.95999999999947,486.1299999999995,483.7399999999995,484.5499999999995,421
2026-06-11T19:30:00+00:00,484.5499999999995,487.8899999999995,484.4299999999995,487.5599999999995,724
2026-06-11T19:35:00+00:00,487.5599999999995,487.7299999999995,483.59999999999945,483.70999999999947,514
2026-06-11T19:40:00+00:00,483.70999999999947,487.6699999999995,483.59999999999945,486.4999999999995,543
2026-06-11T19:45:00+00:00,486.4999999999995,487.09999999999945,485.28999999999945,485.28999999999945,577
2026-06-11T19:50:00+00:00,485.28999999999945,488.40999999999946,484.14999999999947,486.95999999999947,949
2026-06-11T19:55:00+00:00,486.95999999999947,487.70999999999947,486.08999999999946,486.4899999999995,1165
2026-06-12T13:30:00+00:00,486.4899999999995,499.9799999999995,486.4899999999995,499.6099999999995,1456
2026-06-12T13:35:00+00:00,499.6099999999995,506.3699999999995,499.5699999999995,505.39999999999947,1900
2026-06-12T13:40:00+00:00,505.39999999999947,508.1199999999995,499.09999999999945,500.27999999999946,1983
2026-06-12T13:45:00+00:00,500.27999999999946,506.51999999999947,498.09999999999945,504.59999999999945,1567
2026-06-12T13:50:00+00:00,504.59999999999945,506.51999999999947,502.0499999999995,502.84999999999945,1295
2026-06-12T13:55:00+00:00,502.84999999999945,511.18999999999943,502.65999999999946,507.27999999999946,1220
2026-06-12T14:00:00+00:00,507.27999999999946,513.4799999999994,507.26999999999947,512.3999999999994,795
2026-06-12T14:05:00+00:00,512.3999999999994,515.4199999999994,511.6999999999995,515.0199999999994,648
2026-06-12T14:10:00+00:00,515.0199999999994,515.1899999999994,511.2599999999994,513.2299999999994,727
2026-06-12T14:15:00+00:00,513.2299999999994,514.5099999999994,511.2599999999994,514.0899999999995,591
2026-06-12T14:20:00+00:00,514.0899999999995,515.5199999999994,510.5399999999994,511.0799999999995,694
2026-06-12T14:25:00+00:00,511.0799999999995,513.9099999999994,510.6499999999994,511.5099999999994,510
2026-06-12T14:30:00+00:00,511.5099999999994,513.1199999999994,510.8899999999994,512.3199999999994,491
2026-06-12T14:35:00+00:00,512.3199999999994,514.7699999999994,511.58999999999946,512.7899999999994,533
2026-06-12T14:40:00+00:00,512.7899999999994,513.5499999999994,508.0999999999994,508.18999999999943,562
2026-06-12T14:45:00+00:00,508.18999999999943,509.3799999999994,504.8799999999994,506.10999999999945,636
2026-06-12T14:50:00+00:00,506.10999999999945,511.2699999999994,505.0999999999994,511.09999999999945,771
2026-06-12T14:55:00+00:00,511.09999999999945,512.3299999999995,509.47999999999945,511.09999999999945,510.3331993569132
2026-06-12T15:00:00+00:00,511.09999999999945,511.59999999999945,508.61999999999944,510.1499999999994,470
2026-06-12T15:05:00+00:00,510.1499999999994,512.1299999999994,509.73999999999944,511.0099999999994,366
2026-06-12T15:10:00+00:00,511.0099999999994,512.4299999999994,509.9199999999994,512.4299999999994,377
2026-06-12T15:15:00+00:00,512.4299999999994,514.4899999999994,511.08999999999946,514.0499999999994,413
2026-06-12T15:20:00+00:00,514.0499999999994,514.0599999999994,511.69999999999936,512.6399999999994,375
2026-06-12T15:25:00+00:00,512.6399999999994,513.8199999999994,511.82999999999936,512.8599999999994,331
2026-06-12T15:30:00+00:00,512.8599999999994,513.9799999999994,511.6899999999994,513.3899999999994,348
2026-06-12T15:35:00+00:00,513.3899999999994,514.3599999999994,510.9199999999994,512.4099999999994,472
2026-06-12T15:40:00+00:00,512.4099999999994,512.9799999999994,508.11999999999944,508.4099999999994,520
2026-06-12T15:45:00+00:00,508.4099999999994,510.5199999999994,505.0299999999994,505.30999999999943,854
2026-06-12T15:50:00+00:00,505.30999999999943,509.36999999999944,504.1999999999994,508.74999999999943,823
2026-06-12T15:55:00+00:00,508.74999999999943,508.8899999999994,502.8399999999994,503.61999999999944,799
2026-06-12T16:00:00+00:00,503.61999999999944,507.67999999999944,502.67999999999944,506.1099999999994,884
2026-06-12T16:05:00+00:00,506.1099999999994,509.4799999999994,505.2899999999994,508.43999999999943,653
2026-06-12T16:10:00+00:00,508.43999999999943,510.5299999999994,506.1099999999994,509.3299999999994,912
2026-06-12T16:15:00+00:00,509.3299999999994,512.2699999999994,509.2799999999994,510.4399999999994,756
2026-06-12T16:20:00+00:00,510.4399999999994,511.32999999999936,508.6099999999994,510.1999999999994,629
2026-06-12T16:25:00+00:00,510.1999999999994,511.34999999999945,509.2999999999994,510.98999999999944,506
2026-06-12T16:30:00+00:00,510.98999999999944,511.83999999999946,509.8599999999994,511.4399999999994,539
2026-06-12T16:35:00+00:00,511.4399999999994,511.45999999999947,509.0999999999994,509.4099999999994,535
2026-06-12T16:40:00+00:00,509.4099999999994,510.4299999999994,508.5399999999994,508.6099999999994,567
2026-06-12T16:45:00+00:00,508.6099999999994,510.0499999999994,508.5399999999994,509.9199999999994,393
2026-06-12T16:50:00+00:00,509.9199999999994,512.1499999999994,509.6599999999994,511.1599999999994,564
2026-06-12T16:55:00+00:00,511.1599999999994,512.1199999999994,509.7099999999994,511.85999999999945,515
2026-06-12T17:00:00+00:00,511.85999999999945,514.3499999999995,511.5599999999994,513.9699999999995,623
2026-06-12T17:05:00+00:00,513.9699999999995,515.3699999999994,513.5199999999994,514.7399999999994,580
2026-06-12T17:10:00+00:00,514.7399999999994,515.0499999999994,512.6399999999994,514.1299999999994,485
2026-06-12T17:15:00+00:00,514.1299999999994,515.8999999999994,513.8299999999994,515.5799999999994,485
2026-06-12T17:20:00+00:00,515.5799999999994,517.4099999999994,514.6699999999994,516.7299999999994,450
2026-06-12T17:25:00+00:00,516.7299999999994,517.8899999999994,516.1899999999994,517.2899999999994,495
2026-06-12T17:30:00+00:00,517.2899999999994,517.7799999999994,515.3799999999994,516.5299999999994,597
2026-06-12T17:35:00+00:00,516.5299999999994,517.9099999999994,516.1599999999994,517.3699999999994,514
2026-06-12T17:40:00+00:00,517.3699999999994,518.9799999999994,516.6099999999994,518.1699999999994,515
2026-06-12T17:45:00+00:00,518.1699999999994,519.7099999999995,518.0099999999994,518.3799999999994,519
2026-06-12T17:50:00+00:00,518.3799999999994,519.0999999999995,517.7799999999994,518.0899999999995,482
2026-06-12T17:55:00+00:00,518.0899999999995,518.5099999999994,516.0999999999995,517.4599999999995,631
2026-06-12T18:00:00+00:00,517.4599999999995,517.6899999999994,514.0999999999995,514.8999999999994,705
2026-06-12T18:05:00+00:00,514.8999999999994,515.6399999999994,512.4399999999994,512.6699999999994,621
2026-06-12T18:10:00+00:00,512.6699999999994,514.6999999999994,512.1099999999994,512.1299999999994,508
2026-06-12T18:15:00+00:00,512.1299999999994,512.5499999999994,510.74999999999943,511.6599999999994,583
2026-06-12T18:20:00+00:00,511.6599999999994,511.99999999999943,510.1699999999994,510.82999999999936,549
2026-06-12T18:25:00+00:00,510.82999999999936,513.5199999999994,510.81999999999937,512.7899999999994,472
2026-06-12T18:30:00+00:00,512.7899999999994,513.9999999999994,512.6399999999994,513.7799999999994,521
2026-06-12T18:35:00+00:00,513.7799999999994,514.2499999999994,513.0999999999995,513.1999999999994,449
2026-06-12T18:40:00+00:00,513.1999999999994,514.3799999999994,513.1999999999994,513.6699999999994,424
2026-06-12T18:45:00+00:00,513.6699999999994,514.6699999999994,513.3999999999994,514.0399999999994,461
2026-06-12T18:50:00+00:00,514.0399999999994,514.8099999999994,513.6399999999994,513.6999999999994,431
2026-06-12T18:55:00+00:00,513.6999999999994,514.1099999999994,510.6899999999994,511.59999999999945,698
2026-06-12T19:00:00+00:00,511.59999999999945,513.9199999999994,511.24999999999943,513.6699999999994,558
2026-06-12T19:05:00+00:00,513.6699999999994,514.6199999999994,512.0499999999994,512.9099999999994,531
2026-06-12T19:10:00+00:00,512.9099999999994,513.5999999999995,511.6299999999994,511.6299999999994,524
2026-06-12T19:15:00+00:00,511.6299999999994,512.8299999999994,510.9299999999994,512.3299999999994,510
2026-06-12T19:20:00+00:00,512.3299999999994,512.6399999999994,511.1799999999994,511.8999999999994,433
2026-06-12T19:25:00+00:00,511.8999999999994,512.8599999999994,510.69999999999936,510.7799999999994,533
2026-06-12T19:30:00+00:00,510.7799999999994,511.07999999999936,509.05999999999943,509.11999999999944,841
2026-06-12T19:35:00+00:00,509.11999999999944,512.8199999999994,508.3199999999994,510.0799999999994,890
2026-06-12T19:40:00+00:00,510.0799999999994,513.6999999999994,509.73999999999944,511.6699999999994,770
2026-06-12T19:45:00+00:00,511.6699999999994,512.0199999999994,509.9199999999994,510.69999999999936,705
2026-06-12T19:50:00+00:00,510.69999999999936,511.3799999999994,509.7199999999994,511.0599999999994,811
2026-06-12T19:55:00+00:00,511.0599999999994,511.23999999999944,508.7699999999994,509.9699999999994,1003
2026-06-15T13:30:00+00:00,509.9699999999994,547.2599999999994,509.9699999999994,544.6099999999994,1290
2026-06-15T13:35:00+00:00,544.6099999999994,550.0999999999995,544.6099999999994,545.5599999999994,1297
2026-06-15T13:40:00+00:00,545.5599999999994,551.2899999999994,545.1899999999994,549.9799999999994,1120
2026-06-15T13:45:00+00:00,549.9799999999994,555.8499999999995,549.9699999999995,555.1799999999994,957
2026-06-15T13:50:00+00:00,555.1799999999994,556.3099999999994,551.7599999999994,551.9999999999994,875
2026-06-15T13:55:00+00:00,551.9999999999994,552.2299999999994,546.0999999999995,546.6199999999994,712
2026-06-15T14:00:00+00:00,546.6199999999994,552.5199999999994,545.7999999999994,550.6399999999994,869
2026-06-15T14:05:00+00:00,550.6399999999994,552.7099999999995,549.1499999999994,550.9899999999994,710
2026-06-15T14:10:00+00:00,550.9899999999994,551.5899999999995,548.0799999999994,550.8099999999994,663
2026-06-15T14:15:00+00:00,550.8099999999994,551.3299999999994,547.4299999999994,549.1399999999994,638
2026-06-15T14:20:00+00:00,549.1399999999994,549.3099999999994,546.0999999999995,547.1199999999994,615
2026-06-15T14:25:00+00:00,547.1199999999994,549.4499999999994,546.6999999999994,548.6199999999994,528
2026-06-15T14:30:00+00:00,548.6199999999994,550.5799999999994,546.1499999999994,547.3499999999995,562
2026-06-15T14:35:00+00:00,547.3499999999995,548.4299999999994,544.7099999999995,546.4999999999994,505
2026-06-15T14:40:00+00:00,546.4999999999994,546.8599999999994,543.5999999999995,545.0999999999995,419
2026-06-15T14:45:00+00:00,545.0999999999995,546.1799999999994,543.9799999999994,545.3099999999994,441
2026-06-15T14:50:00+00:00,545.3099999999994,547.6099999999994,545.2099999999995,546.3299999999994,384
2026-06-15T14:55:00+00:00,546.3299999999994,548.4799999999994,545.8999999999994,547.0899999999995,385
2026-06-15T15:00:00+00:00,547.0899999999995,549.5499999999994,546.8099999999994,548.7699999999994,381
2026-06-15T15:05:00+00:00,548.7699999999994,550.4899999999994,548.5899999999995,550.4899999999994,334
2026-06-15T15:10:00+00:00,550.4899999999994,550.5399999999994,548.7499999999994,548.7999999999994,329
2026-06-15T15:15:00+00:00,548.7999999999994,548.8199999999994,546.1099999999994,548.3299999999994,294
2026-06-15T15:20:00+00:00,548.3299999999994,548.7299999999994,547.2199999999995,547.2199999999995,275
2026-06-15T15:25:00+00:00,547.2199999999995,548.2899999999994,546.1899999999994,547.5599999999994,284
2026-06-15T15:30:00+00:00,547.5599999999994,548.0699999999994,545.1099999999994,545.2499999999994,361
2026-06-15T15:35:00+00:00,545.2499999999994,546.3999999999994,544.5999999999995,546.3499999999995,323
2026-06-15T15:40:00+00:00,546.3499999999995,546.3499999999995,545.1999999999994,545.2199999999995,249
2026-06-15T15:45:00+00:00,545.2199999999995,545.7299999999994,544.3299999999994,544.9999999999994,326
2026-06-15T15:50:00+00:00,544.9999999999994,545.7999999999994,544.1599999999994,545.0999999999995,280
2026-06-15T15:55:00+00:00,545.0999999999995,545.9199999999994,544.6899999999994,545.1199999999994,254
2026-06-15T16:00:00+00:00,545.1199999999994,545.8899999999994,543.9999999999994,544.8999999999994,307
2026-06-15T16:05:00+00:00,544.8999999999994,545.9299999999994,544.7499999999994,545.4499999999994,200
2026-06-15T16:10:00+00:00,545.4499999999994,547.5099999999994,545.0599999999994,547.1899999999994,244
2026-06-15T16:15:00+00:00,547.1899999999994,547.6599999999994,545.8999999999994,547.5099999999994,267
2026-06-15T16:20:00+00:00,547.5099999999994,549.6599999999994,547.5099999999994,549.2599999999994,282
2026-06-15T16:25:00+00:00,549.2599999999994,549.5199999999994,548.4499999999994,548.9899999999994,222
2026-06-15T16:30:00+00:00,548.9899999999994,549.7799999999994,547.0999999999995,547.0999999999995,255
2026-06-15T16:35:00+00:00,547.0999999999995,548.5499999999994,546.8799999999994,548.0399999999994,274
2026-06-15T16:40:00+00:00,548.0399999999994,548.7199999999995,547.6099999999994,548.2699999999994,199
2026-06-15T16:45:00+00:00,548.2699999999994,548.2699999999994,546.8799999999994,547.3199999999994,278
2026-06-15T16:50:00+00:00,547.3199999999994,547.6799999999994,546.5299999999994,546.9199999999994,187
2026-06-15T16:55:00+00:00,546.9199999999994,548.4399999999994,546.5999999999995,547.3499999999995,227
2026-06-15T17:00:00+00:00,547.3499999999995,548.1799999999994,546.1099999999994,547.1599999999994,225
2026-06-15T17:05:00+00:00,547.1599999999994,547.7999999999994,545.4299999999994,545.6599999999994,228
2026-06-15T17:10:00+00:00,545.6599999999994,546.7999999999994,545.0999999999995,545.4899999999994,207
2026-06-15T17:15:00+00:00,545.4899999999994,546.9599999999995,545.1099999999994,546.2799999999994,221
2026-06-15T17:20:00+00:00,546.2799999999994,546.6099999999994,545.5999999999995,546.3699999999994,147
2026-06-15T17:25:00+00:00,546.3699999999994,546.8099999999994,545.8599999999994,546.5099999999994,207
2026-06-15T17:30:00+00:00,546.5099999999994,547.1399999999994,545.7999999999994,546.8999999999994,168
2026-06-15T17:35:00+00:00,546.8999999999994,548.3199999999994,546.5999999999995,548.3199999999994,188
2026-06-15T17:40:00+00:00,548.3199999999994,548.7299999999994,547.1099999999994,547.1099999999994,228
2026-06-15T17:45:00+00:00,547.1099999999994,548.0599999999994,546.5999999999995,547.3299999999994,211
2026-06-15T17:50:00+00:00,547.3299999999994,547.4399999999994,546.2799999999994,546.4499999999994,220
2026-06-15T17:55:00+00:00,546.4499999999994,547.3499999999995,546.3999999999994,547.0999999999995,156
2026-06-15T18:00:00+00:00,547.0999999999995,547.8999999999994,546.0999999999995,546.1099999999994,243
2026-06-15T18:05:00+00:00,546.1099999999994,546.9999999999994,545.7999999999994,546.9999999999994,181
2026-06-15T18:10:00+00:00,546.9999999999994,547.7999999999994,546.2299999999994,546.5699999999994,189
2026-06-15T18:15:00+00:00,546.5699999999994,546.8099999999994,545.1299999999994,545.9199999999994,246
2026-06-15T18:20:00+00:00,545.9199999999994,546.0799999999994,545.1699999999994,545.3999999999994,215
2026-06-15T18:25:00+00:00,545.3999999999994,545.4199999999994,544.5999999999995,545.0199999999994,204
2026-06-15T18:30:00+00:00,545.0199999999994,545.6999999999994,544.5999999999995,544.9399999999994,224
2026-06-15T18:35:00+00:00,544.9399999999994,546.0999999999995,544.6099999999994,545.8999999999994,214
2026-06-15T18:40:00+00:00,545.8999999999994,546.9799999999994,545.2899999999994,546.4099999999994,196
2026-06-15T18:45:00+00:00,546.4099999999994,546.6699999999994,545.5099999999994,546.1599999999994,219
2026-06-15T18:50:00+00:00,546.1599999999994,546.2399999999994,545.1799999999994,545.2699999999994,200
2026-06-15T18:55:00+00:00,545.2699999999994,545.8599999999994,544.3499999999995,544.3699999999994,212
2026-06-15T19:00:00+00:00,544.3699999999994,545.4899999999994,542.7399999999994,542.7399999999994,314
2026-06-15T19:05:00+00:00,542.7399999999994,543.8699999999994,541.5999999999995,543.1699999999994,372
2026-06-15T19:10:00+00:00,543.1699999999994,543.8199999999994,542.8699999999994,542.9199999999994,238
2026-06-15T19:15:00+00:00,542.9199999999994,543.7099999999995,542.5099999999994,543.3499999999995,282
2026-06-15T19:20:00+00:00,543.3499999999995,544.5899999999995,542.3399999999995,544.0499999999994,266
2026-06-15T19:25:00+00:00,544.0499999999994,544.9499999999994,543.3599999999994,543.5499999999994,293
2026-06-15T19:30:00+00:00,543.5499999999994,546.5999999999995,543.3499999999995,545.7799999999994,350
2026-06-15T19:35:00+00:00,545.7799999999994,547.1599999999994,545.6599999999994,545.8499999999995,300
2026-06-15T19:40:00+00:00,545.8499999999995,546.8599999999994,545.3699999999994,545.8099999999994,353
2026-06-15T19:45:00+00:00,545.8099999999994,546.4099999999994,544.6399999999994,545.7299999999994,356
2026-06-15T19:50:00+00:00,545.7299999999994,546.5999999999995,544.1099999999994,546.0399999999994,559
2026-06-15T19:55:00+00:00,546.0399999999994,546.0399999999994,544.3999999999994,545.4299999999994,1066
2026-06-16T13:30:00+00:00,545.4299999999994,546.6799999999994,539.1199999999994,540.0999999999995,708
2026-06-16T13:35:00+00:00,540.0999999999995,544.2499999999994,538.8199999999994,538.8299999999994,691
2026-06-16T13:40:00+00:00,538.8299999999994,540.8599999999994,537.4499999999994,537.4699999999995,549
2026-06-16T13:45:00+00:00,537.4699999999995,540.9399999999994,536.8999999999994,538.9799999999994,510
2026-06-16T13:50:00+00:00,538.9799999999994,540.6299999999994,537.7499999999994,539.9099999999994,398
2026-06-16T13:55:00+00:00,539.9099999999994,540.7999999999994,537.4399999999994,537.8399999999995,444
2026-06-16T14:00:00+00:00,537.8399999999995,539.5399999999994,537.2999999999994,538.5099999999994,517
2026-06-16T14:05:00+00:00,538.5099999999994,538.7399999999994,535.1099999999994,535.8099999999994,458
2026-06-16T14:10:00+00:00,535.8099999999994,537.0399999999994,533.5999999999995,535.3599999999994,435
2026-06-16T14:15:00+00:00,535.3599999999994,536.3099999999994,529.1099999999994,529.3499999999995,558
2026-06-16T14:20:00+00:00,529.3499999999995,530.6799999999994,525.4999999999994,527.9999999999994,713
2026-06-16T14:25:00+00:00,527.9999999999994,530.1899999999994,525.4099999999994,526.2499999999994,572
2026-06-16T14:30:00+00:00,526.2499999999994,526.2499999999994,521.1099999999994,522.3199999999994,720
2026-06-16T14:35:00+00:00,522.3199999999994,527.5999999999995,522.1099999999994,527.2899999999994,539
2026-06-16T14:40:00+00:00,527.2899999999994,529.5199999999994,526.5599999999994,527.6099999999994,428
2026-06-16T14:45:00+00:00,527.6099999999994,527.6099999999994,522.8999999999994,523.0999999999995,443
2026-06-16T14:50:00+00:00,523.0999999999995,525.5499999999994,522.6399999999994,523.1099999999994,402
2026-06-16T14:55:00+00:00,523.1099999999994,523.1099999999994,519.1799999999994,520.6799999999994,453
2026-06-16T15:00:00+00:00,520.6799999999994,523.0799999999994,520.1099999999994,522.4099999999994,381
2026-06-16T15:05:00+00:00,522.4099999999994,524.5599999999994,521.9899999999994,524.0999999999995,348
2026-06-16T15:10:00+00:00,524.0999999999995,526.1999999999994,523.3099999999994,525.0499999999994,360
2026-06-16T15:15:00+00:00,525.0499999999994,527.2699999999994,524.1799999999994,524.3899999999994,365
2026-06-16T15:20:00+00:00,524.3899999999994,525.7699999999994,519.8299999999994,520.7199999999995,417
2026-06-16T15:25:00+00:00,520.7199999999995,521.7299999999994,517.7099999999995,519.5999999999995,472
2026-06-16T15:30:00+00:00,519.5999999999995,522.0699999999994,519.5999999999995,520.6199999999994,327
2026-06-16T15:35:00+00:00,520.6199999999994,521.5899999999995,517.0599999999994,517.3699999999994,388
2026-06-16T15:40:00+00:00,517.3699999999994,518.1099999999994,516.1099999999994,516.2299999999994,405
2026-06-16T15:45:00+00:00,516.2299999999994,516.7999999999994,513.7999999999994,514.5399999999994,490
2026-06-16T15:50:00+00:00,514.5399999999994,519.5999999999995,513.6099999999994,519.1099999999994,535
2026-06-16T15:55:00+00:00,519.1099999999994,520.5899999999995,517.9599999999995,518.1199999999994,424
2026-06-16T16:00:00+00:00,518.1199999999994,522.1799999999994,517.9599999999995,521.3699999999994,387
2026-06-16T16:05:00+00:00,521.3699999999994,523.0999999999995,520.8099999999994,521.8599999999994,287
2026-06-16T16:10:00+00:00,521.8599999999994,523.1899999999994,521.0999999999995,521.4199999999994,282
2026-06-16T16:15:00+00:00,521.4199999999994,522.3999999999994,519.1199999999994,521.0299999999994,298
2026-06-16T16:20:00+00:00,521.0299999999994,522.3299999999994,520.6499999999994,521.7299999999994,215
2026-06-16T16:25:00+00:00,521.7299999999994,522.4899999999994,520.8999999999994,520.9199999999994,204
2026-06-16T16:30:00+00:00,520.9199999999994,520.9899999999994,516.7099999999995,516.7099999999995,315
2026-06-16T16:35:00+00:00,516.7099999999995,517.2599999999994,515.4299999999994,516.1799999999994,298
2026-06-16T16:40:00+00:00,516.1799999999994,518.6299999999994,515.8199999999994,518.1099999999994,288
2026-06-16T16:45:00+00:00,518.1099999999994,519.1899999999994,517.3599999999994,518.2899999999994,224
2026-06-16T16:50:00+00:00,518.2899999999994,519.6699999999994,518.2799999999994,518.8899999999994,217
2026-06-16T16:55:00+00:00,518.8899999999994,520.0999999999995,517.8099999999994,519.8699999999994,243
2026-06-16T17:00:00+00:00,519.8699999999994,520.1099999999994,518.6699999999994,519.2599999999994,228
2026-06-16T17:05:00+00:00,519.2599999999994,519.4599999999995,517.7099999999995,517.9799999999994,239
2026-06-16T17:10:00+00:00,517.9799999999994,519.8999999999994,517.8099999999994,519.0999999999995,201
2026-06-16T17:15:00+00:00,519.0999999999995,519.7199999999995,518.5699999999994,518.7599999999994,194
2026-06-16T17:20:00+00:00,518.7599999999994,519.0199999999994,517.0199999999994,518.6799999999994,230
2026-06-16T17:25:00+00:00,518.6799999999994,519.2099999999995,518.1099999999994,518.6899999999994,203
2026-06-16T17:30:00+00:00,518.6899999999994,519.3499999999995,517.7299999999994,518.7299999999994,195
2026-06-16T17:35:00+00:00,518.7299999999994,518.7299999999994,516.4399999999994,516.5099999999994,282
2026-06-16T17:40:00+00:00,516.5099999999994,518.5199999999994,515.5999999999995,517.9199999999994,300
2026-06-16T17:45:00+00:00,517.9199999999994,519.4799999999994,517.7299999999994,519.4799999999994,224
2026-06-16T17:50:00+00:00,519.4799999999994,520.8099999999994,518.8899999999994,520.6999999999994,288
2026-06-16T17:55:00+00:00,520.6999999999994,520.8099999999994,518.6299999999994,518.7399999999994,223
2026-06-16T18:00:00+00:00,518.7399999999994,519.1799999999994,517.8699999999994,518.9799999999994,237
2026-06-16T18:05:00+00:00,518.9799999999994,519.5299999999994,517.8699999999994,519.1399999999994,214
2026-06-16T18:10:00+00:00,519.1399999999994,519.5799999999994,517.7299999999994,517.8899999999994,187
2026-06-16T18:15:00+00:00,517.8899999999994,517.9699999999995,516.3299999999994,516.8299999999994,292
2026-06-16T18:20:00+00:00,516.8299999999994,517.0499999999994,516.3199999999994,516.8299999999994,208
2026-06-16T18:25:00+00:00,516.8299999999994,518.0799999999994,516.6199999999994,516.9699999999995,263
2026-06-16T18:30:00+00:00,516.9699999999995,517.0299999999994,515.5099999999994,515.6099999999994,240
2026-06-16T18:35:00+00:00,515.6099999999994,515.6099999999994,514.4199999999994,515.2799999999994,299
2026-06-16T18:40:00+00:00,515.2799999999994,515.8399999999995,514.5999999999995,515.6699999999994,191
2026-06-16T18:45:00+00:00,515.6699999999994,515.7899999999994,513.8599999999994,514.1899999999994,246
2026-06-16T18:50:00+00:00,514.1899999999994,515.2499999999994,513.8799999999994,514.5199999999994,231
2026-06-16T18:55:00+00:00,514.5199999999994,514.6399999999994,513.1999999999994,514.2199999999995,251
2026-06-16T19:00:00+00:00,514.2199999999995,517.7699999999994,513.5099999999994,517.7699999999994,279
2026-06-16T19:05:00+00:00,517.7699999999994,517.8799999999994,514.8999999999994,514.9499999999994,329
2026-06-16T19:10:00+00:00,514.9499999999994,515.3499999999995,512.2499999999994,512.4199999999994,397
2026-06-16T19:15:00+00:00,512.4199999999994,512.4199999999994,510.3999999999994,511.97999999999945,409
2026-06-16T19:20:00+00:00,511.97999999999945,513.9099999999994,511.96999999999946,513.6399999999994,295
2026-06-16T19:25:00+00:00,513.6399999999994,515.6599999999994,513.1299999999994,515.3499999999995,293
2026-06-16T19:30:00+00:00,515.3499999999995,516.2699999999994,514.4199999999994,514.6099999999994,341
2026-06-16T19:35:00+00:00,514.6099999999994,515.2399999999994,511.22999999999945,511.36999999999944,470
2026-06-16T19:40:00+00:00,511.36999999999944,512.4099999999994,510.2999999999994,512.0099999999994,409
2026-06-16T19:45:00+00:00,512.0099999999994,512.0299999999994,509.9699999999994,510.35999999999945,412
2026-06-16T19:50:00+00:00,510.35999999999945,511.2699999999994,508.68999999999943,510.1399999999994,651
2026-06-16T19:55:00+00:00,510.1399999999994,510.1399999999994,505.17999999999944,505.9099999999994,1313
2026-06-17T13:30:00+00:00,505.9099999999994,526.6199999999994,505.9099999999994,510.9199999999994,1246
2026-06-17T13:35:00+00:00,510.9199999999994,511.7799999999994,508.2999999999994,509.0399999999994,1422
2026-06-17T13:40:00+00:00,509.0399999999994,517.9499999999994,508.7899999999994,517.4199999999994,1447
2026-06-17T13:45:00+00:00,517.4199999999994,518.7999999999994,511.7799999999994,512.0999999999995,1594
2026-06-17T13:50:00+00:00,512.0999999999995,514.0299999999994,510.3099999999994,511.60999999999945,1434
2026-06-17T13:55:00+00:00,511.60999999999945,511.7599999999994,505.3999999999994,506.4499999999994,1259
2026-06-17T14:00:00+00:00,506.4499999999994,510.73999999999944,505.8499999999994,509.9199999999994,1347
2026-06-17T14:05:00+00:00,509.9199999999994,511.32999999999936,508.7199999999994,509.9099999999994,1393
2026-06-17T14:10:00+00:00,509.9099999999994,513.9099999999994,508.7199999999994,513.1299999999994,1281
2026-06-17T14:15:00+00:00,513.1299999999994,515.7999999999994,513.1099999999994,514.8499999999995,1199
2026-06-17T14:20:00+00:00,514.8499999999995,519.4699999999995,514.3199999999994,518.8599999999994,1159
2026-06-17T14:25:00+00:00,518.8599999999994,520.0099999999994,518.1099999999994,519.4299999999994,1259
2026-06-17T14:30:00+00:00,519.4299999999994,519.6199999999994,517.1099999999994,519.5599999999994,765
2026-06-17T14:35:00+00:00,519.5599999999994,521.0699999999994,517.5999999999995,518.5799999999994,880
2026-06-17T14:40:00+00:00,518.5799999999994,519.9999999999994,516.3099999999994,519.5699999999994,828
2026-06-17T14:45:00+00:00,519.5699999999994,520.4999999999994,514.1299999999994,516.9699999999995,1386
2026-06-17T14:50:00+00:00,516.9699999999995,521.9999999999994,516.9499999999994,521.9899999999994,867
2026-06-17T14:55:00+00:00,521.9899999999994,521.9899999999994,517.1399999999994,517.5599999999995,873.7304054054055
2026-06-17T15:00:00+00:00,517.5599999999995,519.8299999999996,517.4799999999996,518.9299999999995,791
2026-06-17T15:05:00+00:00,518.9299999999995,520.4699999999996,517.9699999999996,518.5499999999995,721
2026-06-17T15:10:00+00:00,518.5499999999995,521.8499999999996,518.2999999999995,520.9199999999995,582
2026-06-17T15:15:00+00:00,520.9199999999995,522.5299999999995,520.1299999999995,520.8799999999995,563
2026-06-17T15:20:00+00:00,520.8799999999995,522.7699999999995,519.9199999999995,520.9299999999995,719
2026-06-17T15:25:00+00:00,520.9299999999995,522.2299999999996,520.4499999999996,521.1799999999995,540
2026-06-17T15:30:00+00:00,521.1799999999995,522.3999999999995,520.3399999999996,521.3499999999996,568
2026-06-17T15:35:00+00:00,521.3499999999996,522.8199999999996,520.9299999999995,522.1099999999996,562
2026-06-17T15:40:00+00:00,522.1099999999996,522.2699999999995,520.8299999999996,521.5099999999995,414
2026-06-17T15:45:00+00:00,521.5099999999995,522.5499999999995,521.3299999999996,522.0699999999996,385
2026-06-17T15:50:00+00:00,522.0699999999996,522.2399999999996,521.2899999999995,521.3899999999995,421
2026-06-17T15:55:00+00:00,521.3899999999995,522.5699999999996,520.6799999999995,522.3499999999996,361
2026-06-17T16:00:00+00:00,522.3499999999996,523.4099999999995,521.3299999999996,521.4299999999995,472
2026-06-17T16:05:00+00:00,521.4299999999995,522.4299999999995,521.3299999999996,521.5299999999995,374
2026-06-17T16:10:00+00:00,521.5299999999995,521.5999999999996,519.6199999999995,520.2899999999995,364
2026-06-17T16:15:00+00:00,520.2899999999995,521.5199999999995,519.8299999999996,521.4199999999995,271
2026-06-17T16:20:00+00:00,521.4199999999995,521.6599999999995,520.8399999999996,521.3399999999996,282
2026-06-17T16:25:00+00:00,521.3399999999996,522.0199999999995,520.4799999999996,521.0599999999995,312
2026-06-17T16:30:00+00:00,521.0599999999995,521.6599999999995,520.3399999999996,520.7599999999995,272
2026-06-17T16:35:00+00:00,520.7599999999995,521.7599999999995,520.6599999999995,521.5599999999995,247
2026-06-17T16:40:00+00:00,521.5599999999995,521.5999999999996,520.0299999999995,520.3399999999996,330
2026-06-17T16:45:00+00:00,520.3399999999996,520.6299999999995,519.2899999999995,519.9799999999996,372
2026-06-17T16:50:00+00:00,519.9799999999996,520.8699999999995,519.6599999999995,519.7699999999995,310
2026-06-17T16:55:00+00:00,519.7699999999995,520.6099999999996,519.4699999999996,519.9599999999996,229
2026-06-17T17:00:00+00:00,519.9599999999996,520.1399999999995,519.0299999999995,519.3699999999995,334
2026-06-17T17:05:00+00:00,519.3699999999995,521.1699999999995,518.4599999999996,520.4299999999995,573
2026-06-17T17:10:00+00:00,520.4299999999995,521.5799999999996,520.1299999999995,520.5799999999996,408
2026-06-17T17:15:00+00:00,520.5799999999996,522.5899999999996,519.8299999999996,522.1399999999995,407
2026-06-17T17:20:00+00:00,522.1399999999995,523.2399999999996,521.4799999999996,523.0999999999996,383
2026-06-17T17:25:00+00:00,523.0999999999996,523.6799999999995,522.7399999999996,523.3399999999996,321
2026-06-17T17:30:00+00:00,523.3399999999996,523.3399999999996,521.9199999999995,521.9399999999996,327
2026-06-17T17:35:00+00:00,521.9399999999996,522.9199999999995,521.8799999999995,522.0799999999996,288
2026-06-17T17:40:00+00:00,522.0799999999996,522.0999999999996,520.8999999999995,521.1599999999995,265
2026-06-17T17:45:00+00:00,521.1599999999995,521.6399999999995,519.7699999999995,521.4899999999996,323
2026-06-17T17:50:00+00:00,521.4899999999996,522.0899999999996,520.8499999999996,521.7199999999996,312
2026-06-17T17:55:00+00:00,521.7199999999996,522.1399999999995,521.5499999999995,522.0299999999995,296
2026-06-17T18:00:00+00:00,522.0299999999995,522.3799999999995,513.6299999999995,513.6999999999996,1764
2026-06-17T18:05:00+00:00,513.6999999999996,519.0199999999995,509.72999999999956,518.5199999999995,2023
2026-06-17T18:10:00+00:00,518.5199999999995,521.2099999999996,517.4799999999996,518.9399999999996,1351
2026-06-17T18:15:00+00:00,518.9399999999996,521.7899999999995,518.7299999999996,520.6299999999995,951
2026-06-17T18:20:00+00:00,520.6299999999995,520.6299999999995,516.3299999999996,516.6499999999995,926
2026-06-17T18:25:00+00:00,516.6499999999995,518.4799999999996,515.5399999999995,517.3899999999995,1172
2026-06-17T18:30:00+00:00,517.3899999999995,520.6999999999996,516.3299999999996,518.4599999999996,1614
2026-06-17T18:35:00+00:00,518.4599999999996,524.5399999999995,518.3799999999995,523.5999999999996,1344
2026-06-17T18:40:00+00:00,523.5999999999996,530.6499999999995,523.4899999999996,530.4799999999996,1554
2026-06-17T18:45:00+00:00,530.4799999999996,530.4999999999995,526.4399999999996,528.0299999999995,1317
2026-06-17T18:50:00+00:00,528.0299999999995,528.1199999999995,525.8299999999996,526.0299999999995,990
2026-06-17T18:55:00+00:00,526.0299999999995,526.0299999999995,518.1799999999995,520.3399999999996,1569
2026-06-17T19:00:00+00:00,520.3399999999996,523.8299999999996,519.8199999999996,521.5399999999995,1819
2026-06-17T19:05:00+00:00,521.5399999999995,523.5599999999995,520.5199999999995,521.1299999999995,1269
2026-06-17T19:10:00+00:00,521.1299999999995,523.8499999999996,517.3399999999996,522.6999999999996,1473
2026-06-17T19:15:00+00:00,522.6999999999996,523.0899999999996,517.8499999999996,518.3599999999996,1064
2026-06-17T19:20:00+00:00,518.3599999999996,518.4399999999996,513.5099999999995,514.0299999999995,1433
2026-06-17T19:25:00+00:00,514.0299999999995,517.7399999999996,514.0299999999995,515.0699999999996,1352
2026-06-17T19:30:00+00:00,515.0699999999996,517.0099999999995,511.88999999999953,512.5199999999995,1668
2026-06-17T19:35:00+00:00,512.5199999999995,515.7799999999995,509.43999999999954,510.35999999999956,1720
2026-06-17T19:40:00+00:00,510.35999999999956,511.4699999999996,509.34999999999957,510.72999999999956,1850
2026-06-17T19:45:00+00:00,510.72999999999956,513.6199999999995,510.04999999999956,512.1499999999995,1733
2026-06-17T19:50:00+00:00,512.1499999999995,512.1499999999995,509.32999999999953,509.92999999999955,1172
2026-06-17T19:55:00+00:00,509.92999999999955,512.8899999999995,509.31999999999954,510.36999999999955,1634
2026-06-18T13:30:00+00:00,510.36999999999955,533.9299999999995,510.36999999999955,529.9299999999995,1614
2026-06-18T13:35:00+00:00,529.9299999999995,532.6999999999996,527.5299999999995,531.0599999999995,1573
2026-06-18T13:40:00+00:00,531.0599999999995,532.7999999999995,528.3499999999996,528.5999999999996,1511
2026-06-18T13:45:00+00:00,528.5999999999996,533.3699999999995,528.3299999999996,532.4799999999996,1562
2026-06-18T13:50:00+00:00,532.4799999999996,532.5999999999996,528.3299999999996,528.5599999999995,1480
2026-06-18T13:55:00+00:00,528.5599999999995,530.9899999999996,525.3399999999996,528.3399999999996,1365
2026-06-18T14:00:00+00:00,528.3399999999996,530.5399999999995,526.8299999999996,529.3499999999996,1544
2026-06-18T14:05:00+00:00,529.3499999999996,531.9599999999996,528.8299999999996,529.3499999999996,1265
2026-06-18T14:10:00+00:00,529.3499999999996,530.8399999999996,527.5799999999996,529.2099999999996,1158
2026-06-18T14:15:00+00:00,529.2099999999996,532.1299999999995,528.3399999999996,531.4299999999995,1157
2026-06-18T14:20:00+00:00,531.4299999999995,535.0199999999995,530.6299999999995,534.7199999999996,1286
2026-06-18T14:25:00+00:00,534.7199999999996,534.9199999999995,529.0199999999995,529.1599999999995,1244
2026-06-18T14:30:00+00:00,529.1599999999995,529.4899999999996,526.4199999999995,527.8599999999996,869
2026-06-18T14:35:00+00:00,527.8599999999996,529.6099999999996,527.1099999999996,528.8299999999996,723
2026-06-18T14:40:00+00:00,528.8299999999996,529.5599999999995,526.8499999999996,526.8499999999996,785
2026-06-18T14:45:00+00:00,526.8499999999996,530.6399999999995,526.8299999999996,529.1499999999995,843
2026-06-18T14:50:00+00:00,529.1499999999995,530.6199999999995,528.1599999999995,529.8699999999995,780
2026-06-18T14:55:00+00:00,529.8699999999995,532.2699999999995,529.3799999999995,531.6499999999995,807.9225424308007
2026-06-18T15:00:00+00:00,531.6499999999995,532.2899999999995,530.4799999999996,531.8199999999995,889
2026-06-18T15:05:00+00:00,531.8199999999995,533.7599999999995,531.4799999999996,533.5999999999996,752
2026-06-18T15:10:00+00:00,533.5999999999996,537.8199999999995,533.0499999999995,535.6599999999995,926
2026-06-18T15:15:00+00:00,535.6599999999995,536.8699999999995,532.5499999999995,532.7999999999995,685
2026-06-18T15:20:00+00:00,532.7999999999995,534.1199999999995,531.4499999999995,531.4599999999996,703
2026-06-18T15:25:00+00:00,531.4599999999996,531.9499999999995,529.5999999999996,529.8499999999996,607
2026-06-18T15:30:00+00:00,529.8499999999996,530.8499999999996,527.6999999999995,528.5099999999995,693
2026-06-18T15:35:00+00:00,528.5099999999995,528.5099999999995,524.6999999999995,526.7899999999995,778
2026-06-18T15:40:00+00:00,526.7899999999995,528.3899999999995,525.8499999999996,526.5799999999995,780
2026-06-18T15:45:00+00:00,526.5799999999995,528.6099999999996,525.3699999999995,527.8599999999996,644
2026-06-18T15:50:00+00:00,527.8599999999996,529.5999999999996,527.7199999999996,528.7099999999996,451
2026-06-18T15:55:00+00:00,528.7099999999996,533.3699999999995,528.7099999999996,533.3699999999995,493
2026-06-18T16:00:00+00:00,533.3699999999995,534.6699999999995,532.3899999999995,532.8599999999996,581
2026-06-18T16:05:00+00:00,532.8599999999996,534.1399999999995,532.0899999999996,532.5199999999995,546
2026-06-18T16:10:00+00:00,532.5199999999995,532.9199999999995,531.4499999999995,531.7999999999995,449
2026-06-18T16:15:00+00:00,531.7999999999995,532.1099999999996,530.7799999999995,531.6199999999995,512
2026-06-18T16:20:00+00:00,531.6199999999995,532.6199999999995,531.4999999999995,532.4499999999995,396
2026-06-18T16:25:00+00:00,532.4499999999995,533.1899999999995,531.7599999999995,532.9099999999995,404
2026-06-18T16:30:00+00:00,532.9099999999995,533.0899999999996,532.1999999999995,532.8499999999996,332
2026-06-18T16:35:00+00:00,532.8499999999996,532.9199999999995,531.5699999999995,531.5799999999995,366
2026-06-18T16:40:00+00:00,531.5799999999995,533.0599999999995,530.9199999999995,532.1399999999995,350
2026-06-18T16:45:00+00:00,532.1399999999995,532.9299999999995,531.5499999999995,532.6199999999995,337
2026-06-18T16:50:00+00:00,532.6199999999995,532.8499999999996,531.3899999999995,531.3999999999995,402
2026-06-18T16:55:00+00:00,531.3999999999995,532.4399999999995,530.8799999999995,532.2699999999995,409
2026-06-18T17:00:00+00:00,532.2699999999995,532.4199999999995,530.6999999999995,531.6599999999995,405
2026-06-18T17:05:00+00:00,531.6599999999995,532.7199999999996,531.3599999999996,532.4999999999995,339
2026-06-18T17:10:00+00:00,532.4999999999995,533.0499999999995,531.8499999999996,532.3599999999996,242
2026-06-18T17:15:00+00:00,532.3599999999996,532.9499999999995,531.6999999999995,532.3499999999996,238
2026-06-18T17:20:00+00:00,532.3499999999996,532.8299999999995,531.9999999999995,531.9999999999995,313
2026-06-18T17:25:00+00:00,531.9999999999995,532.1599999999995,531.0699999999995,531.7899999999995,282
2026-06-18T17:30:00+00:00,531.7899999999995,532.4299999999995,531.5499999999995,531.5699999999995,321
2026-06-18T17:35:00+00:00,531.5699999999995,532.3699999999995,531.5099999999995,532.3099999999995,217
2026-06-18T17:40:00+00:00,532.3099999999995,532.8499999999996,532.0299999999995,532.5599999999995,274
2026-06-18T17:45:00+00:00,532.5599999999995,533.0199999999995,532.1999999999995,532.8699999999995,287
2026-06-18T17:50:00+00:00,532.8699999999995,533.8499999999996,532.5599999999995,532.5599999999995,266
2026-06-18T17:55:00+00:00,532.5599999999995,533.1499999999995,532.2799999999995,532.4199999999995,319
2026-06-18T18:00:00+00:00,532.4199999999995,532.9899999999996,530.8499999999996,530.8799999999995,307
2026-06-18T18:05:00+00:00,530.8799999999995,532.1999999999995,530.6099999999996,531.2999999999995,318
2026-06-18T18:10:00+00:00,531.2999999999995,531.8999999999995,530.4699999999996,530.5499999999995,286
2026-06-18T18:15:00+00:00,530.5499999999995,531.3799999999995,530.1499999999995,531.3299999999995,308
2026-06-18T18:20:00+00:00,531.3299999999995,531.7099999999996,530.7799999999995,531.0299999999995,239
2026-06-18T18:25:00+00:00,531.0299999999995,532.0499999999995,531.0299999999995,531.3599999999996,374
2026-06-18T18:30:00+00:00,531.3599999999996,531.3699999999995,528.9799999999996,529.6499999999995,403
2026-06-18T18:35:00+00:00,529.6499999999995,529.7899999999995,528.7899999999995,529.0099999999995,336
2026-06-18T18:40:00+00:00,529.0099999999995,529.2699999999995,528.3599999999996,528.4699999999996,276
2026-06-18T18:45:00+00:00,528.4699999999996,528.6399999999995,527.4499999999995,528.0499999999995,330
2026-06-18T18:50:00+00:00,528.0499999999995,529.5499999999995,527.4499999999995,529.2999999999995,323
2026-06-18T18:55:00+00:00,529.2999999999995,529.9699999999996,528.7699999999995,529.4799999999996,367
2026-06-18T19:00:00+00:00,529.4799999999996,530.0599999999995,528.3499999999996,529.0799999999995,515
2026-06-18T19:05:00+00:00,529.0799999999995,529.6999999999995,528.9199999999995,529.1899999999995,417
2026-06-18T19:10:00+00:00,529.1899999999995,529.5299999999995,528.6099999999996,529.4799999999996,540
2026-06-18T19:15:00+00:00,529.4799999999996,532.0999999999996,529.1799999999995,531.9399999999995,511
2026-06-18T19:20:00+00:00,531.9399999999995,532.5099999999995,529.5399999999995,529.6199999999995,448
2026-06-18T19:25:00+00:00,529.6199999999995,530.6699999999995,528.9199999999995,529.1999999999995,454
2026-06-18T19:30:00+00:00,529.1999999999995,530.5099999999995,528.8499999999996,530.0399999999995,490
2026-06-18T19:35:00+00:00,530.0399999999995,531.0899999999996,529.6199999999995,531.0899999999996,474
2026-06-18T19:40:00+00:00,531.0899999999996,531.8899999999995,530.5299999999995,531.8199999999995,433
2026-06-18T19:45:00+00:00,531.8199999999995,533.0799999999995,531.8199999999995,532.1299999999995,602
2026-06-18T19:50:00+00:00,532.1299999999995,536.1199999999995,530.2599999999995,535.9099999999995,965
2026-06-18T19:55:00+00:00,535.9099999999995,537.8999999999995,533.8499999999996,534.8099999999995,872
2026-06-22T13:30:00+00:00,534.8099999999995,548.5299999999995,533.6099999999996,541.0799999999995,1142
2026-06-22T13:35:00+00:00,541.0799999999995,542.9999999999995,538.9599999999996,540.5899999999996,1250
2026-06-22T13:40:00+00:00,540.5899999999996,541.2999999999995,537.5899999999996,539.6599999999995,1238
2026-06-22T13:45:00+00:00,539.6599999999995,551.3699999999995,539.4299999999995,550.6099999999996,1327
2026-06-22T13:50:00+00:00,550.6099999999996,557.1699999999995,550.3499999999996,556.3499999999996,1269
2026-06-22T13:55:00+00:00,556.3499999999996,560.7899999999995,555.4699999999996,555.5699999999995,1161
2026-06-22T14:00:00+00:00,555.5699999999995,556.6499999999995,550.7499999999995,552.0699999999995,1182
2026-06-22T14:05:00+00:00,552.0699999999995,553.2699999999995,549.5599999999995,549.5599999999995,816
2026-06-22T14:10:00+00:00,549.5599999999995,550.3499999999996,545.9899999999996,546.0099999999995,865
2026-06-22T14:15:00+00:00,546.0099999999995,546.6599999999995,544.7699999999995,545.0299999999995,930
2026-06-22T14:20:00+00:00,545.0299999999995,545.2699999999995,541.4099999999995,542.4299999999995,828
2026-06-22T14:25:00+00:00,542.4299999999995,544.0999999999996,541.6399999999995,542.4199999999995,1009
2026-06-22T14:30:00+00:00,542.4199999999995,542.6299999999995,538.9899999999996,541.5099999999995,856
2026-06-22T14:35:00+00:00,541.5099999999995,543.0699999999995,539.5999999999996,541.7499999999995,717
2026-06-22T14:40:00+00:00,541.7499999999995,542.9299999999995,539.1499999999995,539.6499999999995,679
2026-06-22T14:45:00+00:00,539.6499999999995,543.0399999999995,539.5299999999995,541.6299999999995,775
2026-06-22T14:50:00+00:00,541.6299999999995,543.0699999999995,539.6499999999995,540.8199999999995,742
2026-06-22T14:55:00+00:00,540.8199999999995,544.7799999999995,540.8199999999995,543.7099999999996,573
2026-06-22T15:00:00+00:00,543.7099999999996,546.0399999999995,542.7499999999995,545.6899999999995,506
2026-06-22T15:05:00+00:00,545.6899999999995,546.9799999999996,544.1699999999995,546.5099999999995,579
2026-06-22T15:10:00+00:00,546.5099999999995,546.7599999999995,544.1799999999995,544.9799999999996,570
2026-06-22T15:15:00+00:00,544.9799999999996,546.7899999999995,544.0199999999995,544.4799999999996,526
2026-06-22T15:20:00+00:00,544.4799999999996,546.9099999999995,543.4699999999996,545.3599999999996,476
2026-06-22T15:25:00+00:00,545.3599999999996,545.4799999999996,542.6299999999995,543.3399999999996,482
2026-06-22T15:30:00+00:00,543.3399999999996,544.1199999999995,541.7799999999995,541.7799999999995,523
2026-06-22T15:35:00+00:00,541.7799999999995,542.3699999999995,540.7499999999995,541.2199999999996,471
2026-06-22T15:40:00+00:00,541.2199999999996,542.9899999999996,541.2099999999996,542.0099999999995,349
2026-06-22T15:45:00+00:00,542.0099999999995,543.1599999999995,537.6999999999995,538.0499999999995,460
2026-06-22T15:50:00+00:00,538.0499999999995,539.8999999999995,537.6999999999995,537.7199999999996,603
2026-06-22T15:55:00+00:00,537.7199999999996,538.7599999999995,535.3699999999995,535.9399999999995,492
2026-06-22T16:00:00+00:00,535.9399999999995,537.4499999999995,534.9599999999996,535.6499999999995,582
2026-06-22T16:05:00+00:00,535.6499999999995,538.1599999999995,535.2099999999996,537.8399999999996,414
2026-06-22T16:10:00+00:00,537.8399999999996,540.1999999999995,537.8399999999996,538.9899999999996,412
2026-06-22T16:15:00+00:00,538.9899999999996,539.5899999999996,538.0899999999996,539.5799999999995,360
2026-06-22T16:20:00+00:00,539.5799999999995,540.8499999999996,538.7799999999995,540.1599999999995,376
2026-06-22T16:25:00+00:00,540.1599999999995,540.9699999999996,539.5299999999995,540.6699999999995,300
2026-06-22T16:30:00+00:00,540.6699999999995,540.6699999999995,538.9399999999995,539.0199999999995,327
2026-06-22T16:35:00+00:00,539.0199999999995,539.9199999999995,537.6399999999995,539.9199999999995,336
2026-06-22T16:40:00+00:00,539.9199999999995,540.6999999999995,539.0299999999995,539.8499999999996,362
2026-06-22T16:45:00+00:00,539.8499999999996,542.6399999999995,538.0099999999995,542.5099999999995,391
2026-06-22T16:50:00+00:00,542.5099999999995,543.2199999999996,541.7699999999995,543.0499999999995,297
2026-06-22T16:55:00+00:00,543.0499999999995,543.3699999999995,541.6099999999996,542.3399999999996,322
2026-06-22T17:00:00+00:00,542.3399999999996,543.0699999999995,542.1099999999996,542.4099999999995,182
2026-06-22T17:05:00+00:00,542.4099999999995,542.4499999999995,539.8499999999996,540.1799999999995,276
2026-06-22T17:10:00+00:00,540.1799999999995,541.2999999999995,540.1299999999995,541.2399999999996,246
2026-06-22T17:15:00+00:00,541.2399999999996,542.2099999999996,541.0699999999995,542.1099999999996,182
2026-06-22T17:20:00+00:00,542.1099999999996,542.4399999999995,541.4499999999995,542.0499999999995,172
2026-06-22T17:25:00+00:00,542.0499999999995,542.1499999999995,541.5499999999995,541.7799999999995,224
2026-06-22T17:30:00+00:00,541.7799999999995,542.3499999999996,540.8399999999996,541.2799999999995,289
2026-06-22T17:35:00+00:00,541.2799999999995,541.8899999999995,540.9299999999995,541.8799999999995,230
2026-06-22T17:40:00+00:00,541.8799999999995,542.6499999999995,541.7399999999996,541.7499999999995,203
2026-06-22T17:45:00+00:00,541.7499999999995,542.7499999999995,541.3599999999996,542.4699999999996,205
2026-06-22T17:50:00+00:00,542.4699999999996,544.9699999999996,542.3499999999996,544.5699999999995,310
2026-06-22T17:55:00+00:00,544.5699999999995,545.2799999999995,543.6999999999995,543.9799999999996,221
2026-06-22T18:00:00+00:00,543.9799999999996,544.3299999999995,543.2599999999995,544.1299999999995,262
2026-06-22T18:05:00+00:00,544.1299999999995,544.3899999999995,543.5599999999995,543.7699999999995,194
2026-06-22T18:10:00+00:00,543.7699999999995,544.5699999999995,543.3599999999996,543.7699999999995,178
2026-06-22T18:15:00+00:00,543.7699999999995,544.7099999999996,543.7599999999995,544.1499999999995,203
2026-06-22T18:20:00+00:00,544.1499999999995,544.9199999999995,543.8499999999996,544.2999999999995,213
2026-06-22T18:25:00+00:00,544.2999999999995,544.4799999999996,543.3499999999996,544.2099999999996,236
2026-06-22T18:30:00+00:00,544.2099999999996,545.8399999999996,544.2099999999996,544.7899999999995,272
2026-06-22T18:35:00+00:00,544.7899999999995,545.4299999999995,544.0499999999995,544.0499999999995,270
2026-06-22T18:40:00+00:00,544.0499999999995,544.2199999999996,542.4099999999995,542.5699999999995,239
2026-06-22T18:45:00+00:00,542.5699999999995,544.3899999999995,542.4299999999995,544.1499999999995,260
2026-06-22T18:50:00+00:00,544.1499999999995,544.7599999999995,543.2099999999996,544.1499999999995,361
2026-06-22T18:55:00+00:00,544.1499999999995,544.1999999999995,543.0199999999995,543.4299999999995,317
2026-06-22T19:00:00+00:00,543.4299999999995,545.0599999999995,543.2799999999995,544.2499999999995,329
2026-06-22T19:05:00+00:00,544.2499999999995,544.5599999999995,542.7499999999995,544.2299999999996,281
2026-06-22T19:10:00+00:00,544.2299999999996,545.9999999999995,543.9599999999996,545.1699999999995,352
2026-06-22T19:15:00+00:00,545.1699999999995,545.6199999999995,544.3699999999995,544.4999999999995,372
2026-06-22T19:20:00+00:00,544.4999999999995,544.5699999999995,542.3299999999995,542.4999999999995,331
2026-06-22T19:25:00+00:00,542.4999999999995,543.2299999999996,542.3499999999996,542.3699999999995,254
2026-06-22T19:30:00+00:00,542.3699999999995,544.5999999999996,542.3599999999996,544.0499999999995,383
2026-06-22T19:35:00+00:00,544.0499999999995,545.4099999999995,543.5999999999996,544.8499999999996,250
2026-06-22T19:40:00+00:00,544.8499999999996,545.2399999999996,543.2199999999996,543.2399999999996,359
2026-06-22T19:45:00+00:00,543.2399999999996,545.4999999999995,543.2199999999996,544.6599999999995,349
2026-06-22T19:50:00+00:00,544.6599999999995,547.9899999999996,544.6599999999995,546.8899999999995,711
2026-06-22T19:55:00+00:00,546.8899999999995,550.3699999999995,546.6199999999995,550.2799999999995,957
2026-06-23T13:30:00+00:00,550.2799999999995,550.2799999999995,505.24999999999955,516.1499999999995,1149
2026-06-23T13:35:00+00:00,516.1499999999995,516.1499999999995,509.7299999999995,513.8499999999996,1156
2026-06-23T13:40:00+00:00,513.8499999999996,516.8899999999995,510.3499999999995,511.0299999999995,969
2026-06-23T13:45:00+00:00,511.0299999999995,517.8699999999995,509.67999999999955,516.2799999999995,1091
2026-06-23T13:50:00+00:00,516.2799999999995,523.2499999999995,516.2799999999995,520.2699999999995,978
2026-06-23T13:55:00+00:00,520.2699999999995,521.9199999999995,517.3499999999996,521.6599999999995,959
2026-06-23T14:00:00+00:00,521.6599999999995,524.4599999999996,521.3499999999996,523.3699999999995,1004
2026-06-23T14:05:00+00:00,523.3699999999995,523.3699999999995,518.3499999999996,519.8499999999996,917
2026-06-23T14:10:00+00:00,519.8499999999996,523.2799999999995,519.8499999999996,522.6599999999995,800
2026-06-23T14:15:00+00:00,522.6599999999995,523.3999999999995,520.6499999999995,521.6399999999995,699
2026-06-23T14:20:00+00:00,521.6399999999995,523.8299999999995,519.5199999999995,520.5999999999996,785
2026-06-23T14:25:00+00:00,520.5999999999996,521.9699999999996,519.6399999999995,520.9899999999996,795
2026-06-23T14:30:00+00:00,520.9899999999996,521.8999999999995,518.4899999999996,521.4899999999996,626
2026-06-23T14:35:00+00:00,521.4899999999996,524.8299999999995,519.9899999999996,521.5099999999995,666
2026-06-23T14:40:00+00:00,521.5099999999995,523.5099999999995,520.0299999999995,520.1999999999995,624
2026-06-23T14:45:00+00:00,520.1999999999995,520.8099999999995,516.8599999999996,519.5099999999995,703
2026-06-23T14:50:00+00:00,519.5099999999995,523.3499999999996,518.1499999999995,518.7399999999996,663
2026-06-23T14:55:00+00:00,518.7399999999996,521.4599999999996,517.8899999999995,520.1199999999995,636
2026-06-23T15:00:00+00:00,520.1199999999995,522.1799999999995,519.3699999999995,521.6599999999995,552
2026-06-23T15:05:00+00:00,521.6599999999995,522.1299999999995,518.3699999999995,518.7299999999996,624
2026-06-23T15:10:00+00:00,518.7299999999996,519.5999999999996,516.8599999999996,517.3599999999996,550
2026-06-23T15:15:00+00:00,517.3599999999996,517.9199999999995,516.5999999999996,517.0999999999996,539
2026-06-23T15:20:00+00:00,517.0999999999996,518.7299999999996,514.8999999999995,516.1799999999995,576
2026-06-23T15:25:00+00:00,516.1799999999995,518.2099999999996,515.5399999999995,516.0099999999995,730
2026-06-23T15:30:00+00:00,516.0099999999995,518.4999999999995,515.8599999999996,517.4399999999995,555
2026-06-23T15:35:00+00:00,517.4399999999995,519.5099999999995,516.0399999999995,516.8599999999996,658
2026-06-23T15:40:00+00:00,516.8599999999996,517.8799999999995,516.1199999999995,517.0599999999995,479
2026-06-23T15:45:00+00:00,517.0599999999995,517.5999999999996,515.7499999999995,515.9799999999996,466
2026-06-23T15:50:00+00:00,515.9799999999996,519.9799999999996,515.7499999999995,518.9599999999996,577
2026-06-23T15:55:00+00:00,518.9599999999996,520.8599999999996,518.0399999999995,520.6199999999995,420
2026-06-23T16:00:00+00:00,520.6199999999995,523.8699999999995,519.7899999999995,523.7099999999996,467
2026-06-23T16:05:00+00:00,523.7099999999996,524.9999999999995,522.4199999999995,524.4499999999995,432
2026-06-23T16:10:00+00:00,524.4499999999995,526.7299999999996,524.3199999999995,525.5499999999995,457
2026-06-23T16:15:00+00:00,525.5499999999995,526.2799999999995,523.7299999999996,523.9799999999996,427
2026-06-23T16:20:00+00:00,523.9799999999996,525.0199999999995,522.5299999999995,524.3199999999995,474
2026-06-23T16:25:00+00:00,524.3199999999995,524.9599999999996,522.7699999999995,524.0799999999995,341
2026-06-23T16:30:00+00:00,524.0799999999995,524.6499999999995,522.2999999999995,522.6199999999995,360
2026-06-23T16:35:00+00:00,522.6199999999995,523.5699999999995,522.2999999999995,523.0499999999995,336
2026-06-23T16:40:00+00:00,523.0499999999995,523.7899999999995,522.8499999999996,523.4399999999995,336
2026-06-23T16:45:00+00:00,523.4399999999995,523.4599999999996,519.9399999999995,520.6299999999995,445
2026-06-23T16:50:00+00:00,520.6299999999995,520.6499999999995,519.0599999999995,519.2699999999995,396
2026-06-23T16:55:00+00:00,519.2699999999995,520.7999999999995,518.4699999999996,520.1499999999995,408
2026-06-23T17:00:00+00:00,520.1499999999995,520.5399999999995,518.5999999999996,518.9599999999996,309
2026-06-23T17:05:00+00:00,518.9599999999996,519.6999999999995,518.4699999999996,519.2199999999996,337
2026-06-23T17:10:00+00:00,519.2199999999996,522.5699999999995,519.1799999999995,520.9999999999995,424
2026-06-23T17:15:00+00:00,520.9999999999995,521.6199999999995,519.7899999999995,520.5999999999996,333
2026-06-23T17:20:00+00:00,520.5999999999996,522.9599999999996,520.3499999999996,522.4399999999995,394
2026-06-23T17:25:00+00:00,522.4399999999995,523.3899999999995,521.7499999999995,522.1499999999995,343
2026-06-23T17:30:00+00:00,522.1499999999995,522.4199999999995,520.5699999999995,522.3799999999995,384
2026-06-23T17:35:00+00:00,522.3799999999995,522.6899999999995,520.8499999999996,520.8899999999995,288
2026-06-23T17:40:00+00:00,520.8899999999995,521.0599999999995,519.8499999999996,520.3499999999996,261
2026-06-23T17:45:00+00:00,520.3499999999996,520.6699999999995,519.3699999999995,519.5299999999995,281
2026-06-23T17:50:00+00:00,519.5299999999995,519.9499999999995,517.3499999999996,517.8699999999995,340
2026-06-23T17:55:00+00:00,517.8699999999995,518.2699999999995,517.1099999999996,517.1099999999996,349
2026-06-23T18:00:00+00:00,517.1099999999996,519.2499999999995,516.9099999999995,518.3199999999995,411
2026-06-23T18:05:00+00:00,518.3199999999995,518.6199999999995,516.3599999999996,517.0799999999995,374
2026-06-23T18:10:00+00:00,517.0799999999995,518.5899999999996,516.8699999999995,518.2499999999995,339
2026-06-23T18:15:00+00:00,518.2499999999995,519.0799999999995,517.3499999999996,517.5599999999995,336
2026-06-23T18:20:00+00:00,517.5599999999995,518.8399999999996,517.3599999999996,518.5499999999995,335
2026-06-23T18:25:00+00:00,518.5499999999995,518.7799999999995,517.8399999999996,517.9899999999996,273
2026-06-23T18:30:00+00:00,517.9899999999996,518.6299999999995,517.3399999999996,517.3499999999996,293
2026-06-23T18:35:00+00:00,517.3499999999996,517.9899999999996,517.0999999999996,517.3399999999996,247
2026-06-23T18:40:00+00:00,517.3399999999996,517.3699999999995,514.4599999999996,514.5299999999995,429
2026-06-23T18:45:00+00:00,514.5299999999995,514.5799999999995,512.1699999999995,513.9099999999995,610
2026-06-23T18:50:00+00:00,513.9099999999995,515.2299999999996,511.84999999999957,512.6899999999995,494
2026-06-23T18:55:00+00:00,512.6899999999995,514.3699999999995,512.1499999999995,513.7699999999995,514
2026-06-23T19:00:00+00:00,513.7699999999995,518.1999999999995,513.3599999999996,517.9399999999995,582
2026-06-23T19:05:00+00:00,517.9399999999995,519.6099999999996,514.3499999999996,515.1599999999995,774
2026-06-23T19:10:00+00:00,515.1599999999995,516.9399999999995,513.8999999999995,516.4499999999995,764
2026-06-23T19:15:00+00:00,516.4499999999995,517.0999999999996,514.2399999999996,514.2999999999995,708
2026-06-23T19:20:00+00:00,514.2999999999995,517.2699999999995,513.5999999999996,516.6799999999995,767
2026-06-23T19:25:00+00:00,516.6799999999995,518.2899999999995,515.7499999999995,517.7599999999995,648
2026-06-23T19:30:00+00:00,517.7599999999995,519.4999999999995,516.8499999999996,518.7599999999995,586
2026-06-23T19:35:00+00:00,518.7599999999995,519.2399999999996,517.3999999999995,518.0099999999995,778
2026-06-23T19:40:00+00:00,518.0099999999995,518.3899999999995,515.5199999999995,516.7199999999996,509
2026-06-23T19:45:00+00:00,516.7199999999996,517.2199999999996,514.5199999999995,515.5199999999995,683
2026-06-23T19:50:00+00:00,515.5199999999995,518.4899999999996,514.7999999999995,516.3599999999996,994
2026-06-23T19:55:00+00:00,516.3599999999996,518.8599999999996,516.3499999999996,517.5799999999995,1497
2026-06-24T13:30:00+00:00,517.5799999999995,522.9599999999996,514.9299999999995,519.3699999999995,1303
2026-06-24T13:35:00+00:00,519.3699999999995,519.5199999999995,512.3599999999996,513.0599999999995,1378
2026-06-24T13:40:00+00:00,513.0599999999995,514.0799999999995,508.0899999999995,509.36999999999955,1759
2026-06-24T13:45:00+00:00,509.36999999999955,516.7699999999995,509.3499999999995,515.4799999999996,1946
2026-06-24T13:50:00+00:00,515.4799999999996,521.6399999999995,515.4699999999996,520.7799999999995,1477
2026-06-24T13:55:00+00:00,520.7799999999995,521.0299999999995,518.0999999999996,519.4599999999996,1369
2026-06-24T14:00:00+00:00,519.4599999999996,521.6299999999995,517.9099999999995,519.3699999999995,1448
2026-06-24T14:05:00+00:00,519.3699999999995,522.1999999999995,518.3499999999996,519.9999999999995,1359
2026-06-24T14:10:00+00:00,519.9999999999995,521.8999999999995,516.8599999999996,517.3799999999995,1302
2026-06-24T14:15:00+00:00,517.3799999999995,518.2799999999995,512.3599999999996,512.5599999999995,1317
2026-06-24T14:20:00+00:00,512.5599999999995,515.4599999999996,509.9599999999995,513.8299999999995,1384
2026-06-24T14:25:00+00:00,513.8299999999995,519.0799999999995,513.8099999999995,518.3499999999996,1115
2026-06-24T14:30:00+00:00,518.3499999999996,522.0899999999996,518.3499999999996,520.5799999999995,1176
2026-06-24T14:35:00+00:00,520.5799999999995,522.6799999999995,519.8999999999995,519.9799999999996,1162
2026-06-24T14:40:00+00:00,519.9799999999996,521.9699999999996,518.6799999999995,519.3799999999995,974
2026-06-24T14:45:00+00:00,519.3799999999995,523.1099999999996,518.5699999999995,519.1599999999995,1205
2026-06-24T14:50:00+00:00,519.1599999999995,520.6499999999995,516.8699999999995,516.8699999999995,886
2026-06-24T14:55:00+00:00,516.8699999999995,518.4499999999996,514.8999999999995,518.3099999999995,931.5017999485729
2026-06-24T15:00:00+00:00,518.3099999999995,519.9699999999995,517.8599999999996,518.6199999999995,1008
2026-06-24T15:05:00+00:00,518.6199999999995,519.3999999999995,514.9699999999995,515.3399999999995,939
2026-06-24T15:10:00+00:00,515.3399999999995,516.4899999999996,513.3899999999995,515.3099999999995,977
2026-06-24T15:15:00+00:00,515.3099999999995,516.4299999999995,513.8899999999995,514.9199999999995,847
2026-06-24T15:20:00+00:00,514.9199999999995,515.9499999999995,513.0199999999995,513.1699999999995,885
2026-06-24T15:25:00+00:00,513.1699999999995,518.3299999999995,512.8999999999995,517.9199999999995,1040
2026-06-24T15:30:00+00:00,517.9199999999995,518.6999999999995,516.8499999999995,518.1299999999995,885
2026-06-24T15:35:00+00:00,518.1299999999995,518.9199999999995,516.0399999999995,516.9899999999996,773
2026-06-24T15:40:00+00:00,516.9899999999996,517.3799999999995,515.3899999999995,517.2499999999995,747
2026-06-24T15:45:00+00:00,517.2499999999995,517.5799999999995,514.8699999999995,517.2599999999995,920
2026-06-24T15:50:00+00:00,517.2599999999995,520.4399999999995,517.2399999999996,519.7499999999995,844
2026-06-24T15:55:00+00:00,519.7499999999995,520.6699999999995,518.3699999999995,518.3799999999995,753
2026-06-24T16:00:00+00:00,518.3799999999995,519.6099999999996,517.5699999999995,519.2299999999996,734
2026-06-24T16:05:00+00:00,519.2299999999996,519.3199999999995,517.3699999999995,518.2499999999995,799
2026-06-24T16:10:00+00:00,518.2499999999995,520.1399999999995,517.7899999999995,518.8099999999995,604
2026-06-24T16:15:00+00:00,518.8099999999995,520.2299999999996,518.5699999999995,519.8899999999995,610
2026-06-24T16:20:00+00:00,519.8899999999995,520.6099999999996,518.8699999999995,519.8899999999995,577
2026-06-24T16:25:00+00:00,519.8899999999995,520.5599999999995,519.2299999999996,520.1399999999995,546
2026-06-24T16:30:00+00:00,520.1399999999995,520.2699999999995,518.3199999999995,519.0599999999995,683
2026-06-24T16:35:00+00:00,519.0599999999995,519.4999999999995,517.0499999999995,517.0599999999995,730
2026-06-24T16:40:00+00:00,517.0599999999995,517.0699999999995,514.5299999999995,516.1699999999995,1001
2026-06-24T16:45:00+00:00,516.1699999999995,516.2499999999995,514.8699999999995,515.3099999999995,555
2026-06-24T16:50:00+00:00,515.3099999999995,516.0999999999995,514.1399999999995,514.1799999999995,684
2026-06-24T16:55:00+00:00,514.1799999999995,515.0999999999995,513.3799999999995,514.4099999999995,688
2026-06-24T17:00:00+00:00,514.4099999999995,516.0399999999995,513.6999999999995,515.6199999999995,923
2026-06-24T17:05:00+00:00,515.6199999999995,515.6199999999995,511.11999999999955,511.87999999999954,754
2026-06-24T17:10:00+00:00,511.87999999999954,512.5599999999995,510.86999999999955,511.12999999999954,744
2026-06-24T17:15:00+00:00,511.12999999999954,512.0199999999995,508.5699999999995,509.94999999999953,1030
2026-06-24T17:20:00+00:00,509.94999999999953,510.0999999999995,507.5499999999995,507.6899999999995,940
2026-06-24T17:25:00+00:00,507.6899999999995,508.6699999999995,506.5299999999995,506.7199999999995,972
2026-06-24T17:30:00+00:00,506.7199999999995,508.1499999999995,505.5899999999995,507.88999999999953,1143
2026-06-24T17:35:00+00:00,507.88999999999953,509.1499999999995,505.8799999999995,507.7699999999995,1031
2026-06-24T17:40:00+00:00,507.7699999999995,508.69999999999953,506.8699999999995,507.2999999999995,1186
2026-06-24T17:45:00+00:00,507.2999999999995,509.3099999999995,506.8699999999995,508.38999999999953,1045
2026-06-24T17:50:00+00:00,508.38999999999953,509.0499999999995,507.1699999999995,507.6699999999995,791
2026-06-24T17:55:00+00:00,507.6699999999995,509.4899999999995,505.8699999999995,507.07999999999953,908
2026-06-24T18:00:00+00:00,507.07999999999953,509.32999999999953,507.07999999999953,507.57999999999953,928
2026-06-24T18:05:00+00:00,507.57999999999953,510.2199999999995,507.5599999999995,509.4899999999995,858
2026-06-24T18:10:00+00:00,509.4899999999995,509.6499999999995,508.0899999999995,508.8499999999995,762
2026-06-24T18:15:00+00:00,508.8499999999995,511.3099999999995,508.7699999999995,510.5599999999995,1145
2026-06-24T18:20:00+00:00,510.5599999999995,512.2499999999995,510.3199999999995,512.0499999999995,810
2026-06-24T18:25:00+00:00,512.0499999999995,514.0999999999995,512.0299999999995,513.4899999999996,880
2026-06-24T18:30:00+00:00,513.4899999999996,513.8899999999995,511.2799999999995,511.9299999999995,975
2026-06-24T18:35:00+00:00,511.9299999999995,512.1799999999995,510.2799999999995,510.5599999999995,782
2026-06-24T18:40:00+00:00,510.5599999999995,510.7899999999995,508.5299999999995,509.88999999999953,904
2026-06-24T18:45:00+00:00,509.88999999999953,509.88999999999953,505.88999999999953,506.57999999999953,893
2026-06-24T18:50:00+00:00,506.57999999999953,507.4699999999995,505.5899999999995,506.6699999999995,1012
2026-06-24T18:55:00+00:00,506.6699999999995,507.8399999999995,503.75999999999954,504.5199999999995,1079
2026-06-24T19:00:00+00:00,504.5199999999995,508.2699999999995,503.8699999999995,507.3999999999995,1141
2026-06-24T19:05:00+00:00,507.3999999999995,507.4799999999995,502.9799999999995,503.1899999999995,1446
2026-06-24T19:10:00+00:00,503.1899999999995,503.6599999999995,501.8599999999995,503.38999999999953,1032
2026-06-24T19:15:00+00:00,503.38999999999953,504.1299999999995,502.3699999999995,503.6899999999995,955
2026-06-24T19:20:00+00:00,503.6899999999995,507.0199999999995,502.94999999999953,506.94999999999953,1118
2026-06-24T19:25:00+00:00,506.94999999999953,510.0199999999995,506.5999999999995,509.3699999999995,1070
2026-06-24T19:30:00+00:00,509.3699999999995,511.0599999999995,508.3699999999995,510.9399999999995,1334
2026-06-24T19:35:00+00:00,510.9399999999995,512.2199999999995,509.8199999999995,511.70999999999947,1162
2026-06-24T19:40:00+00:00,511.70999999999947,512.2399999999996,508.6199999999995,509.5899999999995,1105
2026-06-24T19:45:00+00:00,509.5899999999995,512.0299999999995,508.9899999999995,511.47999999999956,1143
2026-06-24T19:50:00+00:00,511.47999999999956,516.1499999999995,510.5799999999995,513.8999999999995,950
2026-06-24T19:55:00+00:00,513.8999999999995,518.4499999999995,513.3699999999995,517.3799999999995,1475
2026-06-25T13:30:00+00:00,517.3799999999995,546.3899999999995,517.3799999999995,544.7899999999995,1520
2026-06-25T13:35:00+00:00,544.7899999999995,548.9099999999995,543.4399999999995,543.5199999999995,1969
2026-06-25T13:40:00+00:00,543.5199999999995,545.4699999999995,529.3699999999995,529.5599999999995,2088
2026-06-25T13:45:00+00:00,529.5599999999995,531.3699999999995,518.0399999999995,522.8499999999995,2302
2026-06-25T13:50:00+00:00,522.8499999999995,525.3599999999996,511.86999999999955,512.6399999999995,2223
2026-06-25T13:55:00+00:00,512.6399999999995,513.2299999999996,505.2499999999995,505.9099999999995,2275
2026-06-25T14:00:00+00:00,505.9099999999995,513.6699999999995,505.9099999999995,511.1999999999995,2232
2026-06-25T14:05:00+00:00,511.1999999999995,517.5199999999995,511.1999999999995,516.3999999999995,1928
2026-06-25T14:10:00+00:00,516.3999999999995,521.5399999999995,513.9199999999995,514.0899999999995,2073
2026-06-25T14:15:00+00:00,514.0899999999995,517.3699999999995,510.98999999999955,516.0099999999995,1808
2026-06-25T14:20:00+00:00,516.0099999999995,520.4299999999995,515.0299999999995,517.1899999999995,1725
2026-06-25T14:25:00+00:00,517.1899999999995,519.0899999999995,514.6499999999995,515.3699999999995,1588
2026-06-25T14:30:00+00:00,515.3699999999995,519.8199999999995,514.3899999999995,518.2499999999995,1362
2026-06-25T14:35:00+00:00,518.2499999999995,519.9399999999995,515.6799999999995,517.5599999999995,1494
2026-06-25T14:40:00+00:00,517.5599999999995,520.3699999999995,514.0699999999995,515.3099999999995,1377
2026-06-25T14:45:00+00:00,515.3099999999995,518.2799999999995,514.1299999999995,517.3699999999995,331
2026-06-25T14:50:00+00:00,517.3699999999995,521.0699999999995,516.7699999999995,520.4499999999995,460
2026-06-25T14:55:00+00:00,520.4499999999995,521.8199999999995,516.7699999999995,516.9499999999995,466
2026-06-25T15:00:00+00:00,516.9499999999995,521.3599999999996,516.5499999999995,520.7099999999995,365
2026-06-25T15:05:00+00:00,520.7099999999995,521.8799999999995,517.5199999999995,517.6199999999995,368
2026-06-25T15:10:00+00:00,517.6199999999995,519.0799999999995,513.8699999999995,514.0399999999995,375
2026-06-25T15:15:00+00:00,514.0399999999995,518.1299999999995,512.4399999999995,517.2499999999995,390
2026-06-25T15:20:00+00:00,517.2499999999995,518.8799999999995,515.5099999999995,517.9899999999996,393
2026-06-25T15:25:00+00:00,517.9899999999996,517.9899999999996,515.4099999999995,515.4199999999995,283
2026-06-25T15:30:00+00:00,515.4199999999995,517.9899999999996,515.4199999999995,516.4399999999995,289
2026-06-25T15:35:00+00:00,516.4399999999995,517.6199999999995,516.1199999999995,516.1299999999995,278
2026-06-25T15:40:00+00:00,516.1299999999995,518.0299999999995,515.9299999999995,518.0299999999995,266
2026-06-25T15:45:00+00:00,518.0299999999995,520.0899999999995,516.7899999999995,517.5599999999995,302
2026-06-25T15:50:00+00:00,517.5599999999995,519.4699999999995,516.8699999999995,518.8899999999995,316
2026-06-25T15:55:00+00:00,518.8899999999995,519.4099999999995,517.2499999999995,517.2499999999995,249
2026-06-25T16:00:00+00:00,517.2499999999995,521.9599999999995,516.9299999999995,520.8099999999995,428
2026-06-25T16:05:00+00:00,520.8099999999995,525.8299999999995,520.6699999999995,525.4899999999996,379
2026-06-25T16:10:00+00:00,525.4899999999996,528.1699999999995,524.9099999999995,527.4799999999996,476
2026-06-25T16:15:00+00:00,527.4799999999996,529.6899999999995,527.3699999999995,527.5199999999995,426
2026-06-25T16:20:00+00:00,527.5199999999995,528.4899999999996,526.3899999999995,526.8799999999995,315
2026-06-25T16:25:00+00:00,526.8799999999995,527.7899999999995,525.8899999999995,526.7599999999995,258
2026-06-25T16:30:00+00:00,526.7599999999995,526.7599999999995,522.1299999999995,523.3699999999995,312
2026-06-25T16:35:00+00:00,523.3699999999995,524.7699999999995,522.1299999999995,522.3299999999995,281
2026-06-25T16:40:00+00:00,522.3299999999995,523.3699999999995,519.9499999999995,520.3699999999995,295
2026-06-25T16:45:00+00:00,520.3699999999995,523.4499999999995,517.9699999999995,523.4399999999995,385
2026-06-25T16:50:00+00:00,523.4399999999995,523.7499999999995,521.4399999999995,522.8799999999995,279
2026-06-25T16:55:00+00:00,522.8799999999995,523.0199999999995,520.3799999999995,521.8799999999995,315
2026-06-25T17:00:00+00:00,521.8799999999995,522.6999999999995,521.3799999999995,522.0299999999995,251
2026-06-25T17:05:00+00:00,522.0299999999995,522.8799999999995,521.4399999999995,522.5599999999995,237
2026-06-25T17:10:00+00:00,522.5599999999995,525.0499999999995,522.4199999999995,524.2799999999995,293
2026-06-25T17:15:00+00:00,524.2799999999995,526.0999999999995,522.1999999999995,522.2099999999995,341
2026-06-25T17:20:00+00:00,522.2099999999995,525.5999999999995,521.6699999999995,525.3199999999995,260
2026-06-25T17:25:00+00:00,525.3199999999995,526.8399999999995,524.8199999999995,525.9699999999995,262
2026-06-25T17:30:00+00:00,525.9699999999995,526.3999999999995,524.6499999999995,525.3699999999995,218
2026-06-25T17:35:00+00:00,525.3699999999995,527.5799999999995,525.3499999999995,527.4699999999995,279
2026-06-25T17:40:00+00:00,527.4699999999995,528.0999999999995,525.6599999999995,525.9699999999995,241
2026-06-25T17:45:00+00:00,525.9699999999995,525.9699999999995,523.6199999999995,524.6499999999995,206
2026-06-25T17:50:00+00:00,524.6499999999995,526.7999999999995,524.1499999999995,526.3999999999995,223
2026-06-25T17:55:00+00:00,526.3999999999995,527.9799999999996,525.3699999999995,527.6099999999996,304
2026-06-25T18:00:00+00:00,527.6099999999996,527.9899999999996,523.6399999999995,524.8499999999995,354
2026-06-25T18:05:00+00:00,524.8499999999995,527.6099999999996,524.3799999999995,527.0399999999995,262
2026-06-25T18:10:00+00:00,527.0399999999995,527.5999999999995,525.5199999999995,526.2499999999995,257
2026-06-25T18:15:00+00:00,526.2499999999995,527.8399999999995,525.1199999999995,525.8799999999995,392
2026-06-25T18:20:00+00:00,525.8799999999995,526.7299999999996,524.3799999999995,524.5299999999995,221
2026-06-25T18:25:00+00:00,524.5299999999995,526.1599999999995,524.3999999999995,524.9199999999995,234
2026-06-25T18:30:00+00:00,524.9199999999995,524.9399999999995,520.8799999999995,520.8799999999995,316
2026-06-25T18:35:00+00:00,520.8799999999995,523.0499999999995,520.2899999999995,521.6199999999995,342
2026-06-25T18:40:00+00:00,521.6199999999995,524.8599999999996,520.5899999999995,524.1799999999995,307
2026-06-25T18:45:00+00:00,524.1799999999995,524.2199999999995,521.4499999999995,523.1999999999995,291
2026-06-25T18:50:00+00:00,523.1999999999995,524.4199999999995,522.8099999999995,523.0899999999995,208
2026-06-25T18:55:00+00:00,523.0899999999995,524.2199999999995,522.8699999999995,523.4299999999995,250
2026-06-25T19:00:00+00:00,523.4299999999995,523.7099999999995,519.5199999999995,519.7199999999995,298
2026-06-25T19:05:00+00:00,519.7199999999995,521.7199999999995,519.3799999999995,521.0699999999995,285
2026-06-25T19:10:00+00:00,521.0699999999995,522.2499999999995,520.3699999999995,521.1799999999995,266
2026-06-25T19:15:00+00:00,521.1799999999995,521.2799999999995,519.9999999999995,520.8799999999995,335
2026-06-25T19:20:00+00:00,520.8799999999995,521.5899999999995,520.3799999999995,521.0999999999995,265
2026-06-25T19:25:00+00:00,521.0999999999995,523.3299999999995,520.9799999999996,522.5399999999995,302
2026-06-25T19:30:00+00:00,522.5399999999995,522.8599999999996,520.8599999999996,522.6099999999996,338
2026-06-25T19:35:00+00:00,522.6099999999996,522.6099999999996,521.4799999999996,522.4599999999995,309
2026-06-25T19:40:00+00:00,522.4599999999995,526.2599999999995,522.2399999999996,524.7799999999995,422
2026-06-25T19:45:00+00:00,524.7799999999995,525.3399999999995,522.5399999999995,523.4099999999995,374
2026-06-25T19:50:00+00:00,523.4099999999995,526.7399999999996,521.3799999999995,526.4299999999995,461
2026-06-25T19:55:00+00:00,526.4299999999995,531.0899999999995,526.1899999999995,530.2299999999996,1030
2026-06-26T13:30:00+00:00,530.2299999999996,530.2299999999996,500.9399999999995,503.1099999999995,751
2026-06-26T13:35:00+00:00,503.1099999999995,509.9699999999995,502.8399999999995,505.82999999999953,831
2026-06-26T13:40:00+00:00,505.82999999999953,512.9699999999995,505.3799999999995,511.71999999999946,741
2026-06-26T13:45:00+00:00,511.71999999999946,513.0499999999995,506.8999999999995,508.94999999999953,717
2026-06-26T13:50:00+00:00,508.94999999999953,512.1799999999995,508.7999999999995,510.38999999999953,500
2026-06-26T13:55:00+00:00,510.38999999999953,515.8299999999995,507.8699999999995,514.5399999999995,684
2026-06-26T14:00:00+00:00,514.5399999999995,519.3999999999995,514.5299999999995,518.3499999999995,585
2026-06-26T14:05:00+00:00,518.3499999999995,520.7099999999995,515.7299999999996,519.0199999999995,580
2026-06-26T14:10:00+00:00,519.0199999999995,520.7799999999995,514.5299999999995,520.4799999999996,569
2026-06-26T14:15:00+00:00,520.4799999999996,521.1699999999995,517.3799999999995,517.3799999999995,500
2026-06-26T14:20:00+00:00,517.3799999999995,523.3599999999996,517.3799999999995,520.3799999999995,549
2026-06-26T14:25:00+00:00,520.3799999999995,522.0199999999995,519.2199999999995,520.8399999999995,445
2026-06-26T14:30:00+00:00,520.8399999999995,521.7699999999995,516.2599999999995,519.4199999999995,488
2026-06-26T14:35:00+00:00,519.4199999999995,519.5799999999995,515.2999999999995,515.5099999999995,428
2026-06-26T14:40:00+00:00,515.5099999999995,517.8899999999995,514.6799999999995,515.3399999999995,434
2026-06-26T14:45:00+00:00,515.3399999999995,517.0799999999995,514.6799999999995,515.8799999999995,511
2026-06-26T14:50:00+00:00,515.8799999999995,518.3799999999995,514.1299999999995,515.7799999999995,421
2026-06-26T14:55:00+00:00,515.7799999999995,516.9699999999995,514.3899999999995,514.6399999999994,391.6386369881836
2026-06-26T15:00:00+00:00,514.6399999999994,516.5899999999995,513.7699999999994,513.9199999999994,385
2026-06-26T15:05:00+00:00,513.9199999999994,515.1999999999995,512.4699999999995,514.4599999999995,389
2026-06-26T15:10:00+00:00,514.4599999999995,514.7099999999995,511.1899999999994,511.5299999999994,417
2026-06-26T15:15:00+00:00,511.5299999999994,513.6999999999995,509.3399999999994,512.5199999999994,482
2026-06-26T15:20:00+00:00,512.5199999999994,515.6099999999994,511.47999999999945,515.3299999999995,526
2026-06-26T15:25:00+00:00,515.3299999999995,515.3299999999995,511.95999999999947,513.9399999999994,411
2026-06-26T15:30:00+00:00,513.9399999999994,516.8399999999995,512.4599999999995,512.5699999999995,375
2026-06-26T15:35:00+00:00,512.5699999999995,516.4099999999994,512.4599999999995,515.2799999999994,346
2026-06-26T15:40:00+00:00,515.2799999999994,519.4399999999994,515.0199999999994,518.7299999999994,394
2026-06-26T15:45:00+00:00,518.7299999999994,519.7099999999995,516.7799999999994,516.7799999999994,377
2026-06-26T15:50:00+00:00,516.7799999999994,518.6699999999994,512.4599999999995,513.4299999999994,545
2026-06-26T15:55:00+00:00,513.4299999999994,519.3499999999995,513.3899999999994,518.0799999999995,324
2026-06-26T16:00:00+00:00,518.0799999999995,518.2399999999994,515.7099999999995,517.4299999999994,388
2026-06-26T16:05:00+00:00,517.4299999999994,518.9499999999995,516.5299999999994,516.8199999999995,322
2026-06-26T16:10:00+00:00,516.8199999999995,517.9999999999994,515.4899999999994,516.9299999999994,326
2026-06-26T16:15:00+00:00,516.9299999999994,516.9599999999995,515.1099999999994,516.0499999999994,269
2026-06-26T16:20:00+00:00,516.0499999999994,517.9699999999995,514.4599999999995,517.3499999999995,365
2026-06-26T16:25:00+00:00,517.3499999999995,519.4399999999994,516.9299999999994,517.3799999999994,358
2026-06-26T16:30:00+00:00,517.3799999999994,520.1999999999995,516.9299999999994,519.5099999999994,328
2026-06-26T16:35:00+00:00,519.5099999999994,520.0299999999994,517.4699999999995,517.5399999999994,266
2026-06-26T16:40:00+00:00,517.5399999999994,519.9299999999994,517.4599999999995,518.7599999999994,235
2026-06-26T16:45:00+00:00,518.7599999999994,519.3299999999995,517.7899999999994,519.1699999999994,260
2026-06-26T16:50:00+00:00,519.1699999999994,520.5499999999994,518.2099999999995,518.9699999999995,279
2026-06-26T16:55:00+00:00,518.9699999999995,519.0399999999994,517.2499999999994,517.6299999999994,260
2026-06-26T17:00:00+00:00,517.6299999999994,519.3899999999994,517.4599999999995,519.1099999999994,314
2026-06-26T17:05:00+00:00,519.1099999999994,520.3399999999995,518.6099999999994,519.9799999999994,321
2026-06-26T17:10:00+00:00,519.9799999999994,521.5199999999994,519.7099999999995,519.9099999999994,315
2026-06-26T17:15:00+00:00,519.9099999999994,520.0299999999994,516.8199999999995,517.7399999999994,342
2026-06-26T17:20:00+00:00,517.7399999999994,518.3399999999995,516.8199999999995,517.6499999999994,321
2026-06-26T17:25:00+00:00,517.6499999999994,520.4799999999994,516.8199999999995,519.5699999999995,389
2026-06-26T17:30:00+00:00,519.5699999999995,523.0399999999994,519.4799999999994,521.9799999999994,369
2026-06-26T17:35:00+00:00,521.9799999999994,522.1499999999994,520.9199999999994,520.9199999999994,292
2026-06-26T17:40:00+00:00,520.9199999999994,521.4099999999994,519.4699999999995,520.5599999999994,305
2026-06-26T17:45:00+00:00,520.5599999999994,520.8799999999994,519.7099999999995,519.9899999999994,223
2026-06-26T17:50:00+00:00,519.9899999999994,520.6399999999994,519.1199999999994,519.1199999999994,250
2026-06-26T17:55:00+00:00,519.1199999999994,519.1299999999994,517.4599999999995,517.5699999999995,377
2026-06-26T18:00:00+00:00,517.5699999999995,518.7799999999994,516.9599999999995,517.4599999999995,252
2026-06-26T18:05:00+00:00,517.4599999999995,518.9999999999994,516.8799999999994,517.5299999999994,311
2026-06-26T18:10:00+00:00,517.5299999999994,517.9499999999995,517.0599999999994,517.4599999999995,211
2026-06-26T18:15:00+00:00,517.4599999999995,517.7999999999994,515.9599999999995,515.9899999999994,317
2026-06-26T18:20:00+00:00,515.9899999999994,517.8299999999995,515.3399999999995,515.4999999999994,307
2026-06-26T18:25:00+00:00,515.4999999999994,517.1199999999994,515.4799999999994,515.7399999999994,261
2026-06-26T18:30:00+00:00,515.7399999999994,516.9899999999994,514.9699999999995,516.4599999999995,352
2026-06-26T18:35:00+00:00,516.4599999999995,517.4299999999994,515.4699999999995,517.2099999999995,275
2026-06-26T18:40:00+00:00,517.2099999999995,517.9399999999994,516.4699999999995,517.4199999999994,322
2026-06-26T18:45:00+00:00,517.4199999999994,517.4499999999995,515.9999999999994,516.7299999999994,335
2026-06-26T18:50:00+00:00,516.7299999999994,517.0199999999994,515.9599999999995,516.6599999999994,297
2026-06-26T18:55:00+00:00,516.6599999999994,517.3199999999995,514.2899999999994,516.1099999999994,366
2026-06-26T19:00:00+00:00,516.1099999999994,516.6799999999994,514.9799999999994,515.3199999999995,468
2026-06-26T19:05:00+00:00,515.3199999999995,518.5199999999994,514.2799999999994,518.1499999999994,468
2026-06-26T19:10:00+00:00,518.1499999999994,519.8299999999995,516.4699999999995,519.8299999999995,394
2026-06-26T19:15:00+00:00,519.8299999999995,519.8299999999995,517.9999999999994,518.9199999999994,345
2026-06-26T19:20:00+00:00,518.9199999999994,519.1299999999994,515.6099999999994,516.6099999999994,405
2026-06-26T19:25:00+00:00,516.6099999999994,518.0599999999994,515.7599999999994,517.5399999999994,393
2026-06-26T19:30:00+00:00,517.5399999999994,518.6499999999994,516.1599999999994,518.4599999999995,355
2026-06-26T19:35:00+00:00,518.4599999999995,519.4599999999995,516.6399999999994,516.7199999999995,391
2026-06-26T19:40:00+00:00,516.7199999999995,519.3999999999994,515.4899999999994,519.0199999999994,437
2026-06-26T19:45:00+00:00,519.0199999999994,519.0199999999994,515.9599999999995,515.9699999999995,483
2026-06-26T19:50:00+00:00,515.9699999999995,517.1299999999994,511.6599999999994,517.1299999999994,888
2026-06-26T19:55:00+00:00,517.1299999999994,522.9499999999995,516.5299999999994,519.0999999999995,996
2026-06-29T13:30:00+00:00,519.0999999999995,529.9799999999994,515.4599999999995,529.4099999999994,1204
2026-06-29T13:35:00+00:00,529.4099999999994,533.3699999999994,521.9799999999994,525.7399999999994,1401
2026-06-29T13:40:00+00:00,525.7399999999994,531.5199999999994,524.1999999999995,529.1399999999994,1216
2026-06-29T13:45:00+00:00,529.1399999999994,529.5599999999994,522.4599999999995,523.8399999999995,1188
2026-06-29T13:50:00+00:00,523.8399999999995,526.1199999999994,520.6899999999994,521.0899999999995,1148
2026-06-29T13:55:00+00:00,521.0899999999995,522.0499999999994,510.3199999999994,511.1999999999995,1212
2026-06-29T14:00:00+00:00,511.1999999999995,513.5799999999995,507.9599999999994,511.3899999999994,1329
2026-06-29T14:05:00+00:00,511.3899999999994,511.3999999999994,505.6399999999994,506.8799999999994,1480
2026-06-29T14:10:00+00:00,506.8799999999994,508.29999999999944,497.9599999999994,498.54999999999944,1554
2026-06-29T14:15:00+00:00,498.54999999999944,500.9099999999994,493.80999999999943,500.5899999999994,1648
2026-06-29T14:20:00+00:00,500.5899999999994,502.98999999999944,497.8899999999994,499.29999999999944,1433
2026-06-29T14:25:00+00:00,499.29999999999944,505.30999999999943,498.7099999999994,504.9499999999994,1283
2026-06-29T14:30:00+00:00,504.9499999999994,509.4699999999994,503.9599999999994,508.49999999999943,1149
2026-06-29T14:35:00+00:00,508.49999999999943,509.30999999999943,505.4599999999994,506.09999999999945,1095
2026-06-29T14:40:00+00:00,506.09999999999945,507.04999999999944,503.1599999999994,504.4599999999994,913
2026-06-29T14:45:00+00:00,504.4599999999994,505.2199999999994,502.0299999999994,504.18999999999943,872
2026-06-29T14:50:00+00:00,504.18999999999943,507.7799999999994,504.18999999999943,507.28999999999945,840
2026-06-29T14:55:00+00:00,507.28999999999945,512.8399999999995,506.4599999999994,512.6999999999995,1081
2026-06-29T15:00:00+00:00,512.6999999999995,514.4899999999994,511.5599999999994,511.8299999999995,919
2026-06-29T15:05:00+00:00,511.8299999999995,514.3099999999994,510.9499999999995,513.8399999999995,834
2026-06-29T15:10:00+00:00,513.8399999999995,518.1599999999994,513.4699999999995,518.0999999999995,985
2026-06-29T15:15:00+00:00,518.0999999999995,521.4099999999994,517.6399999999994,518.7099999999995,895
2026-06-29T15:20:00+00:00,518.7099999999995,521.3399999999995,515.5299999999994,516.2799999999994,867
2026-06-29T15:25:00+00:00,516.2799999999994,521.0199999999994,515.7499999999994,520.5899999999995,742
2026-06-29T15:30:00+00:00,520.5899999999995,522.2699999999994,519.2099999999995,519.5199999999994,648
2026-06-29T15:35:00+00:00,519.5199999999994,521.7899999999994,517.7099999999995,521.7199999999995,604
2026-06-29T15:40:00+00:00,521.7199999999995,523.7199999999995,521.0699999999995,523.0099999999994,610
2026-06-29T15:45:00+00:00,523.0099999999994,523.2299999999994,520.0399999999994,520.0399999999994,539
2026-06-29T15:50:00+00:00,520.0399999999994,522.5599999999994,519.9599999999995,522.4099999999994,552
2026-06-29T15:55:00+00:00,522.4099999999994,522.5299999999994,521.2399999999994,522.3099999999994,431
2026-06-29T16:00:00+00:00,522.3099999999994,526.6499999999994,521.9599999999995,525.9599999999995,660
2026-06-29T16:05:00+00:00,525.9599999999995,526.2699999999994,523.9599999999995,525.4099999999994,551
2026-06-29T16:10:00+00:00,525.4099999999994,526.0199999999994,524.0499999999994,524.9099999999994,455
2026-06-29T16:15:00+00:00,524.9099999999994,528.1699999999994,524.9099999999994,526.8499999999995,649
2026-06-29T16:20:00+00:00,526.8499999999995,528.3399999999995,526.4599999999995,528.2699999999994,506
2026-06-29T16:25:00+00:00,528.2699999999994,528.4699999999995,526.5699999999995,526.9699999999995,485
2026-06-29T16:30:00+00:00,526.9699999999995,528.4599999999995,526.2799999999994,527.8299999999995,616
2026-06-29T16:35:00+00:00,527.8299999999995,528.6799999999994,526.6999999999995,528.3299999999995,402
2026-06-29T16:40:00+00:00,528.3299999999995,531.0699999999995,527.8999999999994,530.9999999999994,429
2026-06-29T16:45:00+00:00,530.9999999999994,531.0799999999995,528.2399999999994,528.9199999999994,332
2026-06-29T16:50:00+00:00,528.9199999999994,530.8399999999995,528.7199999999995,530.3099999999994,374
2026-06-29T16:55:00+00:00,530.3099999999994,530.6299999999994,529.4699999999995,530.0199999999994,313
2026-06-29T17:00:00+00:00,530.0199999999994,531.6099999999994,530.0199999999994,530.9699999999995,373
2026-06-29T17:05:00+00:00,530.9699999999995,531.2399999999994,530.0499999999994,531.0499999999994,268
2026-06-29T17:10:00+00:00,531.0499999999994,533.2299999999994,530.6699999999994,532.8199999999995,470
2026-06-29T17:15:00+00:00,532.8199999999995,536.2899999999994,532.6399999999994,534.7399999999994,525
2026-06-29T17:20:00+00:00,534.7399999999994,536.9699999999995,534.4699999999995,535.0799999999995,605
2026-06-29T17:25:00+00:00,535.0799999999995,540.3499999999995,534.9099999999994,539.5499999999994,573
2026-06-29T17:30:00+00:00,539.5499999999994,540.3699999999994,534.4799999999994,535.4199999999994,573
2026-06-29T17:35:00+00:00,535.4199999999994,537.5199999999994,534.9599999999995,536.7299999999994,368
2026-06-29T17:40:00+00:00,536.7299999999994,536.9899999999994,535.4099999999994,535.6799999999994,376
2026-06-29T17:45:00+00:00,535.6799999999994,536.1699999999994,535.0399999999994,535.7399999999994,328
2026-06-29T17:50:00+00:00,535.7399999999994,538.3099999999994,535.4599999999995,537.9399999999994,399
2026-06-29T17:55:00+00:00,537.9399999999994,538.9499999999995,536.6099999999994,538.0699999999995,372
2026-06-29T18:00:00+00:00,538.0699999999995,539.8699999999994,537.4699999999995,537.4799999999994,519
2026-06-29T18:05:00+00:00,537.4799999999994,538.6999999999995,537.4699999999995,537.8699999999994,307
2026-06-29T18:10:00+00:00,537.8699999999994,538.1199999999994,537.4699999999995,537.6299999999994,280
2026-06-29T18:15:00+00:00,537.6299999999994,539.0299999999994,537.1599999999994,538.2999999999994,338
2026-06-29T18:20:00+00:00,538.2999999999994,538.2999999999994,536.6399999999994,536.8799999999994,266
2026-06-29T18:25:00+00:00,536.8799999999994,536.9099999999994,535.3599999999994,535.4799999999994,339
2026-06-29T18:30:00+00:00,535.4799999999994,537.4599999999995,535.4599999999995,537.2599999999994,300
2026-06-29T18:35:00+00:00,537.2599999999994,538.4199999999994,536.5099999999994,537.5999999999995,302
2026-06-29T18:40:00+00:00,537.5999999999995,539.3299999999995,537.5999999999995,538.4099999999994,387
2026-06-29T18:45:00+00:00,538.4099999999994,539.1599999999994,537.2599999999994,537.7599999999994,461
2026-06-29T18:50:00+00:00,537.7599999999994,538.1399999999994,536.5099999999994,537.5099999999994,414
2026-06-29T18:55:00+00:00,537.5099999999994,537.5799999999995,535.7999999999994,535.9299999999994,344
2026-06-29T19:00:00+00:00,535.9299999999994,536.5799999999995,533.9699999999995,533.9899999999994,466
2026-06-29T19:05:00+00:00,533.9899999999994,536.1699999999994,533.5399999999994,535.2499999999994,515
2026-06-29T19:10:00+00:00,535.2499999999994,535.5899999999995,533.5999999999995,533.9899999999994,364
2026-06-29T19:15:00+00:00,533.9899999999994,535.1399999999994,533.5999999999995,534.6999999999995,323
2026-06-29T19:20:00+00:00,534.6999999999995,536.5599999999994,534.5799999999995,535.2599999999994,406
2026-06-29T19:25:00+00:00,535.2599999999994,535.8099999999994,534.4799999999994,535.2599999999994,317
2026-06-29T19:30:00+00:00,535.2599999999994,535.6799999999994,534.2099999999995,534.7299999999994,514
2026-06-29T19:35:00+00:00,534.7299999999994,536.0399999999994,534.5799999999995,536.0399999999994,458
2026-06-29T19:40:00+00:00,536.0399999999994,536.7899999999994,534.5699999999995,535.2899999999994,378
2026-06-29T19:45:00+00:00,535.2899999999994,536.0599999999994,534.8599999999994,535.5599999999994,538
2026-06-29T19:50:00+00:00,535.5599999999994,536.2799999999994,534.4099999999994,535.5699999999995,729
2026-06-29T19:55:00+00:00,535.5699999999995,538.5799999999995,535.4899999999994,538.1099999999994,1083
2026-06-30T13:30:00+00:00,538.1099999999994,559.2899999999994,538.1099999999994,556.4899999999994,1380
2026-06-30T13:35:00+00:00,556.4899999999994,562.9599999999995,554.7699999999994,555.2799999999994,1268
2026-06-30T13:40:00+00:00,555.2799999999994,555.2799999999994,547.5999999999995,550.1499999999994,986
2026-06-30T13:45:00+00:00,550.1499999999994,551.4199999999994,544.3599999999994,545.6799999999994,958
2026-06-30T13:50:00+00:00,545.6799999999994,550.3099999999994,545.1599999999994,548.2699999999994,998
2026-06-30T13:55:00+00:00,548.2699999999994,555.3699999999994,547.4599999999995,554.9199999999994,831
2026-06-30T14:00:00+00:00,554.9199999999994,556.7199999999995,550.6699999999994,556.7199999999995,1052
2026-06-30T14:05:00+00:00,556.7199999999995,556.7199999999995,551.9599999999995,553.6499999999994,743
2026-06-30T14:10:00+00:00,553.6499999999994,555.4299999999994,552.4699999999995,553.5699999999995,688
2026-06-30T14:15:00+00:00,553.5699999999995,557.5099999999994,553.2599999999994,556.1699999999994,614
2026-06-30T14:20:00+00:00,556.1699999999994,557.9799999999994,555.6599999999994,557.6099999999994,573
2026-06-30T14:25:00+00:00,557.6099999999994,557.7899999999994,554.5299999999994,555.2599999999994,592
2026-06-30T14:30:00+00:00,555.2599999999994,557.3999999999994,553.8399999999995,554.2799999999994,525
2026-06-30T14:35:00+00:00,554.2799999999994,556.3099999999994,554.0999999999995,556.0099999999994,526
2026-06-30T14:40:00+00:00,556.0099999999994,558.5399999999994,553.8499999999995,558.0699999999995,571
2026-06-30T14:45:00+00:00,558.0699999999995,558.0699999999995,553.5099999999994,553.7799999999994,596
2026-06-30T14:50:00+00:00,553.7799999999994,556.4799999999994,553.7699999999994,555.1399999999994,473
2026-06-30T14:55:00+00:00,555.1399999999994,557.8999999999994,554.4699999999995,555.3799999999994,535
2026-06-30T15:00:00+00:00,555.3799999999994,561.1999999999995,555.0099999999994,561.1099999999994,571
2026-06-30T15:05:00+00:00,561.1099999999994,564.2999999999994,561.0499999999994,563.4899999999994,643
2026-06-30T15:10:00+00:00,563.4899999999994,563.9499999999995,561.4599999999995,563.6499999999994,490
2026-06-30T15:15:00+00:00,563.6499999999994,563.9099999999994,562.0599999999994,563.5299999999994,502
2026-06-30T15:20:00+00:00,563.5299999999994,564.4499999999995,562.8599999999994,562.9799999999994,552
2026-06-30T15:25:00+00:00,562.9799999999994,564.5499999999994,561.9599999999995,563.3899999999994,408
2026-06-30T15:30:00+00:00,563.3899999999994,566.0899999999995,562.7099999999995,566.0399999999994,431
2026-06-30T15:35:00+00:00,566.0399999999994,566.0999999999995,564.2699999999994,565.6699999999994,388
2026-06-30T15:40:00+00:00,565.6699999999994,570.8699999999994,565.5899999999995,569.8899999999994,630
2026-06-30T15:45:00+00:00,569.8899999999994,573.9599999999995,569.8399999999995,573.4799999999994,546
2026-06-30T15:50:00+00:00,573.4799999999994,577.1599999999994,573.3099999999994,575.1799999999994,605
2026-06-30T15:55:00+00:00,575.1799999999994,576.7099999999995,574.9599999999995,575.7799999999994,490
2026-06-30T16:00:00+00:00,575.7799999999994,576.2999999999994,573.4699999999995,573.5599999999994,524
2026-06-30T16:05:00+00:00,573.5599999999994,575.9499999999995,573.5599999999994,575.0099999999994,351
2026-06-30T16:10:00+00:00,575.0099999999994,577.9999999999994,574.8299999999995,575.5499999999994,381
2026-06-30T16:15:00+00:00,575.5499999999994,577.1499999999994,574.9899999999994,575.3799999999994,387
2026-06-30T16:20:00+00:00,575.3799999999994,577.9299999999994,575.3599999999994,577.6499999999994,326
2026-06-30T16:25:00+00:00,577.6499999999994,577.9099999999994,575.4599999999995,575.6399999999994,333
2026-06-30T16:30:00+00:00,575.6399999999994,575.7499999999994,574.6499999999994,574.9699999999995,299
2026-06-30T16:35:00+00:00,574.9699999999995,576.5099999999994,574.4799999999994,575.1499999999994,261
2026-06-30T16:40:00+00:00,575.1499999999994,577.2999999999994,574.6599999999994,576.7299999999994,323
2026-06-30T16:45:00+00:00,576.7299999999994,579.3899999999994,576.6399999999994,579.3899999999994,344
2026-06-30T16:50:00+00:00,579.3899999999994,579.7099999999995,578.4899999999994,579.3299999999995,287
2026-06-30T16:55:00+00:00,579.3299999999995,579.4199999999994,577.3999999999994,578.0199999999994,279
2026-06-30T17:00:00+00:00,578.0199999999994,580.9899999999994,577.9799999999994,579.8499999999995,393
2026-06-30T17:05:00+00:00,579.8499999999995,580.6699999999994,578.7199999999995,578.7299999999994,286
2026-06-30T17:10:00+00:00,578.7299999999994,579.2499999999994,577.7099999999995,578.3399999999995,306
2026-06-30T17:15:00+00:00,578.3399999999995,578.6299999999994,577.2899999999994,578.0399999999994,286
2026-06-30T17:20:00+00:00,578.0399999999994,578.4599999999995,576.6499999999994,577.2299999999994,260
2026-06-30T17:25:00+00:00,577.2299999999994,578.1099999999994,576.9099999999994,578.1099999999994,250
2026-06-30T17:30:00+00:00,578.1099999999994,579.7299999999994,577.2099999999995,579.3999999999994,350
2026-06-30T17:35:00+00:00,579.3999999999994,580.0699999999995,577.1999999999995,577.2699999999994,302
2026-06-30T17:40:00+00:00,577.2699999999994,578.3199999999995,576.5199999999994,578.0399999999994,245
2026-06-30T17:45:00+00:00,578.0399999999994,578.2399999999994,576.8799999999994,577.0599999999994,226
2026-06-30T17:50:00+00:00,577.0599999999994,577.8299999999995,576.2699999999994,577.7099999999995,211
2026-06-30T17:55:00+00:00,577.7099999999995,579.2199999999995,577.1399999999994,578.1799999999994,298
2026-06-30T18:00:00+00:00,578.1799999999994,580.4899999999994,577.9699999999995,579.0899999999995,353
2026-06-30T18:05:00+00:00,579.0899999999995,579.2999999999994,576.4899999999994,578.8799999999994,286
2026-06-30T18:10:00+00:00,578.8799999999994,579.6599999999994,578.0599999999994,578.1699999999994,214
2026-06-30T18:15:00+00:00,578.1699999999994,578.2399999999994,577.4099999999994,577.7499999999994,180
2026-06-30T18:20:00+00:00,577.7499999999994,578.5699999999995,577.1099999999994,578.4599999999995,225
2026-06-30T18:25:00+00:00,578.4599999999995,580.3399999999995,578.3999999999994,580.1899999999994,272
2026-06-30T18:30:00+00:00,580.1899999999994,580.6699999999994,579.3999999999994,580.1599999999994,280
2026-06-30T18:35:00+00:00,580.1599999999994,581.6299999999994,580.1599999999994,580.7799999999994,310
2026-06-30T18:40:00+00:00,580.7799999999994,582.2399999999994,580.4599999999995,581.1699999999994,362
2026-06-30T18:45:00+00:00,581.1699999999994,581.6299999999994,580.1599999999994,580.8399999999995,339
2026-06-30T18:50:00+00:00,580.8399999999995,581.5199999999994,580.4599999999995,580.7099999999995,343
2026-06-30T18:55:00+00:00,580.7099999999995,581.0899999999995,579.8699999999994,579.8699999999994,231
2026-06-30T19:00:00+00:00,579.8699999999994,581.2099999999995,579.2699999999994,581.0999999999995,304
2026-06-30T19:05:00+00:00,581.0999999999995,581.8799999999994,579.6099999999994,581.4899999999994,349
2026-06-30T19:10:00+00:00,581.4899999999994,582.4399999999994,581.1199999999994,581.4099999999994,408
2026-06-30T19:15:00+00:00,581.4099999999994,581.8399999999995,581.0599999999994,581.7299999999994,371
2026-06-30T19:20:00+00:00,581.7299999999994,582.9599999999995,581.1999999999995,581.4499999999995,333
2026-06-30T19:25:00+00:00,581.4499999999995,581.9999999999994,581.0299999999994,581.3199999999995,288
2026-06-30T19:30:00+00:00,581.3199999999995,581.6699999999994,580.5499999999994,580.5499999999994,378
2026-06-30T19:35:00+00:00,580.5499999999994,580.8099999999994,579.0499999999994,580.4699999999995,422
2026-06-30T19:40:00+00:00,580.4699999999995,581.5999999999995,580.2899999999994,580.6899999999994,401
2026-06-30T19:45:00+00:00,580.6899999999994,582.0299999999994,580.0999999999995,581.6599999999994,406
2026-06-30T19:50:00+00:00,581.6599999999994,582.6799999999994,579.0399999999994,580.5699999999995,641
2026-06-30T19:55:00+00:00,580.5699999999995,582.6999999999995,578.4799999999994,579.6899999999994,1291
2026-07-01T13:30:00+00:00,579.6899999999994,579.6899999999994,552.0499999999994,552.0999999999995,1263
2026-07-01T13:35:00+00:00,552.0999999999995,553.5599999999994,547.4099999999994,548.2399999999994,1645
2026-07-01T13:40:00+00:00,548.2399999999994,552.9499999999995,547.8099999999994,551.4899999999994,1441
2026-07-01T13:45:00+00:00,551.4899999999994,559.8399999999995,549.8999999999994,558.8199999999995,1337
2026-07-01T13:50:00+00:00,558.8199999999995,562.3399999999995,556.5399999999994,557.3399999999995,1161
2026-07-01T13:55:00+00:00,557.3399999999995,561.1099999999994,556.9699999999995,557.6999999999995,993
2026-07-01T14:00:00+00:00,557.6999999999995,559.3199999999995,554.8099999999994,555.4699999999995,1064
2026-07-01T14:05:00+00:00,555.4699999999995,558.1399999999994,555.0899999999995,556.7399999999994,737
2026-07-01T14:10:00+00:00,556.7399999999994,559.6099999999994,553.5999999999995,553.9399999999994,738
2026-07-01T14:15:00+00:00,553.9399999999994,556.9399999999994,551.1999999999995,554.8399999999995,742
2026-07-01T14:20:00+00:00,554.8399999999995,555.1799999999994,551.7499999999994,553.3399999999995,743
2026-07-01T14:25:00+00:00,553.3399999999995,556.3499999999995,552.5899999999995,555.2299999999994,627
2026-07-01T14:30:00+00:00,555.2299999999994,555.6499999999994,550.1499999999994,550.4699999999995,745
2026-07-01T14:35:00+00:00,550.4699999999995,552.9399999999994,548.9599999999995,551.5899999999995,858
2026-07-01T14:40:00+00:00,551.5899999999995,552.1899999999994,547.9099999999994,547.9799999999994,804
2026-07-01T14:45:00+00:00,547.9799999999994,547.9799999999994,545.4599999999995,546.7899999999994,977
2026-07-01T14:50:00+00:00,546.7899999999994,552.5999999999995,546.7799999999994,551.4699999999995,794
2026-07-01T14:55:00+00:00,551.4699999999995,551.8099999999994,545.8899999999995,548.0499999999995,861.1423357664233
2026-07-01T15:00:00+00:00,548.0499999999995,554.0499999999995,548.0499999999995,553.4899999999994,837
2026-07-01T15:05:00+00:00,553.4899999999994,553.4899999999994,547.5099999999994,548.5399999999995,745
2026-07-01T15:10:00+00:00,548.5399999999995,551.3399999999995,548.0999999999995,550.7399999999994,559
2026-07-01T15:15:00+00:00,550.7399999999994,555.1099999999994,550.5599999999995,553.7599999999994,717
2026-07-01T15:20:00+00:00,553.7599999999994,554.4799999999994,550.0499999999995,550.3499999999995,709
2026-07-01T15:25:00+00:00,550.3499999999995,553.2499999999994,549.5299999999995,552.0299999999995,534
2026-07-01T15:30:00+00:00,552.0299999999995,554.3499999999995,552.0099999999994,553.5599999999995,553
2026-07-01T15:35:00+00:00,553.5599999999995,554.2899999999995,552.0999999999995,552.5899999999995,616
2026-07-01T15:40:00+00:00,552.5899999999995,553.5099999999994,551.0899999999995,552.1899999999995,570
2026-07-01T15:45:00+00:00,552.1899999999995,552.1899999999995,548.8099999999995,549.0599999999995,556
2026-07-01T15:50:00+00:00,549.0599999999995,550.0499999999995,547.8399999999995,547.8399999999995,581
2026-07-01T15:55:00+00:00,547.8399999999995,548.8599999999994,546.1399999999994,548.2699999999994,588
2026-07-01T16:00:00+00:00,548.2699999999994,550.1699999999995,548.0499999999995,548.0699999999995,538
2026-07-01T16:05:00+00:00,548.0699999999995,548.9799999999994,547.1199999999994,547.7699999999994,515
2026-07-01T16:10:00+00:00,547.7699999999994,549.1099999999994,547.2899999999995,547.8699999999994,432
2026-07-01T16:15:00+00:00,547.8699999999994,549.0899999999995,547.3999999999995,548.2599999999994,459
2026-07-01T16:20:00+00:00,548.2599999999994,550.4499999999995,548.2499999999994,550.0599999999995,573
2026-07-01T16:25:00+00:00,550.0599999999995,550.3199999999995,549.0399999999995,549.0699999999995,412
2026-07-01T16:30:00+00:00,549.0699999999995,551.6599999999995,548.7899999999995,551.4299999999995,420
2026-07-01T16:35:00+00:00,551.4299999999995,551.4599999999995,549.0699999999995,549.0699999999995,377
2026-07-01T16:40:00+00:00,549.0699999999995,549.5299999999995,548.3099999999995,548.6099999999994,448
2026-07-01T16:45:00+00:00,548.6099999999994,550.9799999999994,548.4399999999995,550.1799999999995,428
2026-07-01T16:50:00+00:00,550.1799999999995,550.4599999999995,548.1599999999995,548.5599999999995,452
2026-07-01T16:55:00+00:00,548.5599999999995,550.4599999999995,548.0899999999995,550.2799999999995,518
2026-07-01T17:00:00+00:00,550.2799999999995,551.4199999999995,548.5999999999995,549.0699999999995,609
2026-07-01T17:05:00+00:00,549.0699999999995,549.2599999999994,547.0399999999995,547.4199999999995,500
2026-07-01T17:10:00+00:00,547.4199999999995,549.0799999999995,547.0499999999995,548.8399999999995,403
2026-07-01T17:15:00+00:00,548.8399999999995,550.9299999999995,548.8399999999995,550.5399999999995,408
2026-07-01T17:20:00+00:00,550.5399999999995,552.6999999999995,550.3899999999994,552.4199999999995,333
2026-07-01T17:25:00+00:00,552.4199999999995,553.0199999999994,550.5299999999995,551.6099999999994,481
2026-07-01T17:30:00+00:00,551.6099999999994,552.1299999999994,549.8899999999994,550.1299999999994,384
2026-07-01T17:35:00+00:00,550.1299999999994,550.7199999999995,549.6199999999994,549.9799999999994,323
2026-07-01T17:40:00+00:00,549.9799999999994,550.8999999999995,549.5499999999995,550.0399999999995,367
2026-07-01T17:45:00+00:00,550.0399999999995,550.1499999999995,548.0199999999994,548.0299999999995,499
2026-07-01T17:50:00+00:00,548.0299999999995,549.1499999999995,547.1599999999995,547.1799999999995,445
2026-07-01T17:55:00+00:00,547.1799999999995,548.3999999999995,546.8099999999995,547.1099999999994,521
2026-07-01T18:00:00+00:00,547.1099999999994,548.3199999999995,546.7699999999994,547.3799999999994,453
2026-07-01T18:05:00+00:00,547.3799999999994,548.7299999999994,547.1599999999995,548.6299999999994,359
2026-07-01T18:10:00+00:00,548.6299999999994,548.6899999999995,546.6399999999994,546.7099999999995,404
2026-07-01T18:15:00+00:00,546.7099999999995,546.9799999999994,545.4299999999995,546.4099999999995,563
2026-07-01T18:20:00+00:00,546.4099999999995,547.2199999999995,546.0499999999995,546.9199999999995,420
2026-07-01T18:25:00+00:00,546.9199999999995,547.2799999999995,545.8399999999995,545.8999999999995,390
2026-07-01T18:30:00+00:00,545.8999999999995,546.2099999999995,545.1899999999995,546.0099999999994,320
2026-07-01T18:35:00+00:00,546.0099999999994,546.8899999999994,545.2299999999994,545.5599999999995,424
2026-07-01T18:40:00+00:00,545.5599999999995,545.9299999999995,543.7499999999994,544.1599999999995,495
2026-07-01T18:45:00+00:00,544.1599999999995,544.1599999999995,541.7199999999995,542.4999999999994,577
2026-07-01T18:50:00+00:00,542.4999999999994,543.1699999999995,541.7199999999995,541.7199999999995,432
2026-07-01T18:55:00+00:00,541.7199999999995,543.7799999999995,541.0599999999995,543.2899999999995,477
2026-07-01T19:00:00+00:00,543.2899999999995,546.2199999999995,542.5299999999995,546.1299999999994,668
2026-07-01T19:05:00+00:00,546.1299999999994,548.5299999999995,545.9699999999995,548.4799999999994,497
2026-07-01T19:10:00+00:00,548.4799999999994,549.3999999999995,547.0999999999995,547.6699999999995,566
2026-07-01T19:15:00+00:00,547.6699999999995,547.9999999999994,546.0399999999995,547.3199999999995,477
2026-07-01T19:20:00+00:00,547.3199999999995,549.3099999999995,547.1399999999994,549.1099999999994,511
2026-07-01T19:25:00+00:00,549.1099999999994,549.3099999999995,546.5099999999994,548.0799999999995,584
2026-07-01T19:30:00+00:00,548.0799999999995,550.8699999999994,547.4499999999995,547.4499999999995,808
2026-07-01T19:35:00+00:00,547.4499999999995,547.5599999999995,543.1299999999994,543.8899999999994,765
2026-07-01T19:40:00+00:00,543.8899999999994,543.9299999999995,542.0999999999995,542.8799999999994,722
2026-07-01T19:45:00+00:00,542.8799999999994,542.8799999999994,541.2399999999994,541.5499999999995,674
2026-07-01T19:50:00+00:00,541.5499999999995,543.2799999999995,539.4499999999995,540.3299999999995,791
2026-07-01T19:55:00+00:00,540.3299999999995,540.3499999999995,536.7099999999995,539.4699999999995,1262
2026-07-02T13:30:00+00:00,539.4699999999995,539.4699999999995,527.5399999999995,532.0799999999995,1195
2026-07-02T13:35:00+00:00,532.0799999999995,535.1499999999995,523.9799999999994,525.6299999999994,1273
2026-07-02T13:40:00+00:00,525.6299999999994,533.3199999999995,525.6299999999994,530.8899999999994,1034
2026-07-02T13:45:00+00:00,530.8899999999994,535.1099999999994,530.5499999999995,533.0899999999995,988
2026-07-02T13:50:00+00:00,533.0899999999995,539.1999999999995,532.1499999999995,539.0499999999995,1012
2026-07-02T13:55:00+00:00,539.0499999999995,542.6799999999995,538.0499999999995,541.8499999999995,874
2026-07-02T14:00:00+00:00,541.8499999999995,545.4499999999995,541.3499999999995,542.5599999999995,883
2026-07-02T14:05:00+00:00,542.5599999999995,542.5799999999995,537.8299999999995,538.3099999999995,747
2026-07-02T14:10:00+00:00,538.3099999999995,540.0499999999995,536.8899999999994,539.0699999999995,710
2026-07-02T14:15:00+00:00,539.0699999999995,540.2499999999994,535.0399999999995,537.4099999999995,668
2026-07-02T14:20:00+00:00,537.4099999999995,538.6199999999994,533.0599999999995,533.0699999999995,715
2026-07-02T14:25:00+00:00,533.0699999999995,533.9599999999995,525.3799999999994,525.9399999999995,1263
2026-07-02T14:30:00+00:00,525.9399999999995,527.4899999999994,521.2099999999995,521.5999999999995,998
2026-07-02T14:35:00+00:00,521.5999999999995,525.8799999999994,521.0399999999995,522.3199999999995,1092
2026-07-02T14:40:00+00:00,522.3199999999995,523.0399999999995,514.0499999999995,516.0599999999995,1286
2026-07-02T14:45:00+00:00,516.0599999999995,518.8699999999994,514.0499999999995,517.2699999999994,1192
2026-07-02T14:50:00+00:00,517.2699999999994,518.4599999999995,513.5399999999995,515.3499999999995,1050
2026-07-02T14:55:00+00:00,515.3499999999995,519.0799999999995,515.3399999999995,519.0099999999995,887.8849281648143
2026-07-02T15:00:00+00:00,519.0099999999995,519.2299999999996,514.4799999999996,514.8199999999995,895
2026-07-02T15:05:00+00:00,514.8199999999995,518.0399999999995,514.4799999999996,517.5899999999996,996
2026-07-02T15:10:00+00:00,517.5899999999996,518.4899999999996,516.0099999999995,516.2299999999996,787
2026-07-02T15:15:00+00:00,516.2299999999996,517.1999999999995,512.2699999999995,513.0899999999996,991
2026-07-02T15:20:00+00:00,513.0899999999996,517.5299999999995,512.5599999999995,517.2899999999995,842
2026-07-02T15:25:00+00:00,517.2899999999995,519.1399999999995,515.5599999999995,515.8599999999996,961
2026-07-02T15:30:00+00:00,515.8599999999996,521.3499999999996,515.8599999999996,521.2499999999995,788
2026-07-02T15:35:00+00:00,521.2499999999995,524.4399999999995,520.6699999999995,522.5599999999995,885
2026-07-02T15:40:00+00:00,522.5599999999995,523.9899999999996,519.2399999999996,519.7499999999995,704
2026-07-02T15:45:00+00:00,519.7499999999995,521.6799999999995,519.2299999999996,519.4399999999995,747
2026-07-02T15:50:00+00:00,519.4399999999995,521.5699999999995,517.5699999999995,518.9099999999995,751
2026-07-02T15:55:00+00:00,518.9099999999995,520.1499999999995,516.0999999999996,517.3599999999996,811
2026-07-02T16:00:00+00:00,517.3599999999996,517.7599999999995,513.7399999999996,514.9699999999996,692
2026-07-02T16:05:00+00:00,514.9699999999996,515.8999999999995,514.2399999999996,515.1299999999995,508
2026-07-02T16:10:00+00:00,515.1299999999995,520.1799999999995,514.7699999999995,518.7399999999996,707
2026-07-02T16:15:00+00:00,518.7399999999996,518.9599999999995,515.8799999999995,516.1199999999995,561
2026-07-02T16:20:00+00:00,516.1199999999995,517.1499999999995,513.2399999999996,513.5099999999995,798
2026-07-02T16:25:00+00:00,513.5099999999995,515.8099999999995,512.8699999999995,512.8799999999995,647
2026-07-02T16:30:00+00:00,512.8799999999995,513.6999999999995,511.60999999999956,511.63999999999953,700
2026-07-02T16:35:00+00:00,511.63999999999953,512.5299999999995,509.43999999999954,510.6599999999995,727
2026-07-02T16:40:00+00:00,510.6599999999995,513.9999999999995,510.62999999999954,513.5699999999995,863
2026-07-02T16:45:00+00:00,513.5699999999995,514.1799999999995,512.2299999999996,512.2599999999995,526
2026-07-02T16:50:00+00:00,512.2599999999995,513.5499999999995,510.99999999999955,511.4399999999995,481
2026-07-02T16:55:00+00:00,511.4399999999995,511.4499999999995,508.7299999999995,509.7399999999995,633
2026-07-02T17:00:00+00:00,509.7399999999995,510.00999999999954,507.9799999999995,508.8999999999995,645
2026-07-02T17:05:00+00:00,508.8999999999995,512.4699999999996,508.2999999999995,509.7399999999995,656
2026-07-02T17:10:00+00:00,509.7399999999995,510.8099999999995,508.7899999999995,510.2399999999995,592
2026-07-02T17:15:00+00:00,510.2399999999995,511.97999999999956,509.49999999999955,509.68999999999954,801
2026-07-02T17:20:00+00:00,509.68999999999954,512.4399999999995,509.68999999999954,510.84999999999957,567
2026-07-02T17:25:00+00:00,510.84999999999957,511.1899999999995,510.13999999999953,510.8199999999995,496
2026-07-02T17:30:00+00:00,510.8199999999995,512.0699999999995,510.6499999999995,510.73999999999955,527
2026-07-02T17:35:00+00:00,510.73999999999955,511.20999999999947,508.4799999999995,508.5399999999995,750
2026-07-02T17:40:00+00:00,508.5399999999995,510.74999999999955,508.4799999999995,510.00999999999954,722
2026-07-02T17:45:00+00:00,510.00999999999954,510.5199999999995,507.2299999999995,507.25999999999954,686
2026-07-02T17:50:00+00:00,507.25999999999954,508.82999999999953,506.1099999999995,508.2299999999995,805
2026-07-02T17:55:00+00:00,508.2299999999995,508.7399999999995,506.2399999999995,506.56999999999954,575
2026-07-02T18:00:00+00:00,506.56999999999954,508.4799999999995,506.3399999999995,508.3999999999995,519
2026-07-02T18:05:00+00:00,508.3999999999995,512.5299999999995,508.38999999999953,512.5299999999995,785
2026-07-02T18:10:00+00:00,512.5299999999995,513.3899999999995,510.07999999999953,510.0999999999995,689
2026-07-02T18:15:00+00:00,510.0999999999995,510.47999999999956,509.0399999999995,510.07999999999953,578
2026-07-02T18:20:00+00:00,510.07999999999953,511.70999999999947,509.32999999999953,511.10999999999956,513
2026-07-02T18:25:00+00:00,511.10999999999956,513.2699999999995,510.45999999999947,512.8399999999996,539
2026-07-02T18:30:00+00:00,512.8399999999996,515.4399999999995,511.73999999999955,512.2399999999996,649
2026-07-02T18:35:00+00:00,512.2399999999996,512.9899999999996,511.22999999999956,511.75999999999954,618
2026-07-02T18:40:00+00:00,511.75999999999954,513.0699999999995,511.47999999999956,511.9299999999995,391
2026-07-02T18:45:00+00:00,511.9299999999995,512.7399999999996,509.2399999999995,512.2599999999995,615
2026-07-02T18:50:00+00:00,512.2599999999995,514.1999999999995,510.7699999999995,512.6799999999995,620
2026-07-02T18:55:00+00:00,512.6799999999995,513.1199999999995,509.63999999999953,512.7999999999995,556
2026-07-02T19:00:00+00:00,512.7999999999995,513.1299999999995,507.9799999999995,508.2299999999995,590
2026-07-02T19:05:00+00:00,508.2299999999995,508.87999999999954,505.9099999999995,506.3399999999995,808
2026-07-02T19:10:00+00:00,506.3399999999995,508.3499999999995,505.9099999999995,507.56999999999954,628
2026-07-02T19:15:00+00:00,507.56999999999954,508.2799999999995,505.9299999999995,506.6699999999995,651
2026-07-02T19:20:00+00:00,506.6699999999995,506.75999999999954,504.1799999999995,504.4199999999995,812
2026-07-02T19:25:00+00:00,504.4199999999995,509.2799999999995,504.31999999999954,507.93999999999954,816
2026-07-02T19:30:00+00:00,507.93999999999954,510.63999999999953,507.2699999999995,510.2699999999995,892
2026-07-02T19:35:00+00:00,510.2699999999995,510.9399999999995,508.8399999999995,510.7199999999996,777
2026-07-02T19:40:00+00:00,510.7199999999996,510.8299999999995,508.2399999999995,509.2799999999995,707
2026-07-02T19:45:00+00:00,509.2799999999995,509.87999999999954,508.37999999999954,509.3599999999995,685
2026-07-02T19:50:00+00:00,509.3599999999995,513.7799999999995,509.3599999999995,513.7199999999996,681
2026-07-02T19:55:00+00:00,513.7199999999996,516.4099999999995,510.30999999999955,515.0299999999995,1083
2026-07-06T13:30:00+00:00,515.0299999999995,542.8599999999996,515.0299999999995,542.3099999999995,838
2026-07-06T13:35:00+00:00,542.3099999999995,545.5899999999996,537.2499999999995,545.2799999999995,856
2026-07-06T13:40:00+00:00,545.2799999999995,551.6499999999995,541.7699999999995,550.9899999999996,943
2026-07-06T13:45:00+00:00,550.9899999999996,556.0499999999995,549.5999999999996,554.2499999999995,945
2026-07-06T13:50:00+00:00,554.2499999999995,558.7999999999995,553.4799999999996,558.5999999999996,756
2026-07-06T13:55:00+00:00,558.5999999999996,560.5099999999995,557.1399999999995,558.1499999999995,648
2026-07-06T14:00:00+00:00,558.1499999999995,561.7899999999995,557.3099999999995,560.1799999999995,711
2026-07-06T14:05:00+00:00,560.1799999999995,568.0799999999995,559.2899999999995,566.9199999999995,851
2026-07-06T14:10:00+00:00,566.9199999999995,569.0399999999995,565.2399999999996,566.4799999999996,637
2026-07-06T14:15:00+00:00,566.4799999999996,569.9099999999995,566.2299999999996,566.7499999999995,586
2026-07-06T14:20:00+00:00,566.7499999999995,567.3199999999995,565.3399999999996,566.2899999999995,541
2026-07-06T14:25:00+00:00,566.2899999999995,566.7399999999996,563.4099999999995,564.2599999999995,512
2026-07-06T14:30:00+00:00,564.2599999999995,566.5399999999995,563.4199999999995,566.4699999999996,482
2026-07-06T14:35:00+00:00,566.4699999999996,566.5399999999995,565.2299999999996,565.6899999999995,418
2026-07-06T14:40:00+00:00,565.6899999999995,567.6999999999995,564.2699999999995,566.8499999999996,489
2026-07-06T14:45:00+00:00,566.8499999999996,569.7399999999996,566.2499999999995,567.7799999999995,464
2026-07-06T14:50:00+00:00,567.7799999999995,570.2699999999995,564.4899999999996,565.2599999999995,574
2026-07-06T14:55:00+00:00,565.2599999999995,565.9399999999995,563.6299999999995,564.8299999999995,421
2026-07-06T15:00:00+00:00,564.8299999999995,568.3599999999996,563.2299999999996,566.2599999999995,473
2026-07-06T15:05:00+00:00,566.2599999999995,566.8299999999995,562.7799999999995,564.3699999999995,410
2026-07-06T15:10:00+00:00,564.3699999999995,564.6099999999996,561.0799999999995,561.2999999999995,535
2026-07-06T15:15:00+00:00,561.2999999999995,561.5599999999995,557.7099999999995,559.0399999999995,531
2026-07-06T15:20:00+00:00,559.0399999999995,562.5599999999995,558.4799999999996,561.6399999999995,428
2026-07-06T15:25:00+00:00,561.6399999999995,567.8399999999996,561.6399999999995,567.6499999999995,436
2026-07-06T15:30:00+00:00,567.6499999999995,569.6199999999995,566.6799999999995,566.7799999999995,487
2026-07-06T15:35:00+00:00,566.7799999999995,566.9099999999995,564.3899999999995,565.8699999999995,354
2026-07-06T15:40:00+00:00,565.8699999999995,566.1299999999995,564.9299999999995,565.1499999999995,235
2026-07-06T15:45:00+00:00,565.1499999999995,566.1699999999995,564.7399999999996,565.7599999999995,236
2026-07-06T15:50:00+00:00,565.7599999999995,566.3999999999995,564.2299999999996,564.2499999999995,264
2026-07-06T15:55:00+00:00,564.2499999999995,565.2699999999995,563.5599999999995,564.1099999999996,248
2026-07-06T16:00:00+00:00,564.1099999999996,564.1099999999996,561.5399999999995,562.3299999999995,269
2026-07-06T16:05:00+00:00,562.3299999999995,564.2499999999995,561.4899999999996,561.5599999999995,262
2026-07-06T16:10:00+00:00,561.5599999999995,563.2599999999995,560.2399999999996,562.0799999999995,349
2026-07-06T16:15:00+00:00,562.0799999999995,562.5899999999996,560.3699999999995,560.4599999999995,229
2026-07-06T16:20:00+00:00,560.4599999999995,561.1399999999995,559.9999999999995,560.3599999999996,200
2026-07-06T16:25:00+00:00,560.3599999999996,561.3499999999996,560.2399999999996,560.8399999999996,207
2026-07-06T16:30:00+00:00,560.8399999999996,561.2799999999995,559.2299999999996,559.2799999999995,286
2026-07-06T16:35:00+00:00,559.2799999999995,559.2899999999995,556.7299999999996,557.6599999999995,318
2026-07-06T16:40:00+00:00,557.6599999999995,559.2199999999996,556.4099999999995,556.4899999999996,258
2026-07-06T16:45:00+00:00,556.4899999999996,557.5899999999996,555.6599999999995,557.4299999999995,260
2026-07-06T16:50:00+00:00,557.4299999999995,557.9099999999995,555.9799999999996,555.9799999999996,215
2026-07-06T16:55:00+00:00,555.9799999999996,557.0799999999995,555.7499999999995,556.2599999999995,228
2026-07-06T17:00:00+00:00,556.2599999999995,557.0499999999995,555.2499999999995,555.8499999999996,279
2026-07-06T17:05:00+00:00,555.8499999999996,557.4999999999995,555.8499999999996,557.1199999999995,212
2026-07-06T17:10:00+00:00,557.1199999999995,557.1499999999995,554.6299999999995,555.7299999999996,216
2026-07-06T17:15:00+00:00,555.7299999999996,556.1299999999995,553.9999999999995,554.3399999999996,219
2026-07-06T17:20:00+00:00,554.3399999999996,554.3399999999996,551.5499999999995,552.9399999999995,390
2026-07-06T17:25:00+00:00,552.9399999999995,555.5599999999995,552.9399999999995,554.5799999999995,280
2026-07-06T17:30:00+00:00,554.5799999999995,555.9099999999995,552.1299999999995,553.3399999999996,288
2026-07-06T17:35:00+00:00,553.3399999999996,553.9499999999995,551.2999999999995,552.0599999999995,255
2026-07-06T17:40:00+00:00,552.0599999999995,552.1899999999995,550.2299999999996,551.8099999999995,237
2026-07-06T17:45:00+00:00,551.8099999999995,552.3199999999995,550.4699999999996,552.0299999999995,217
2026-07-06T17:50:00+00:00,552.0299999999995,553.1799999999995,551.4799999999996,551.4899999999996,228
2026-07-06T17:55:00+00:00,551.4899999999996,551.8499999999996,550.0299999999995,550.5699999999995,204
2026-07-06T18:00:00+00:00,550.5699999999995,552.3999999999995,550.5099999999995,551.5599999999995,222
2026-07-06T18:05:00+00:00,551.5599999999995,554.1799999999995,551.4999999999995,553.9599999999995,253
2026-07-06T18:10:00+00:00,553.9599999999995,554.8599999999996,552.8299999999995,552.8399999999996,221
2026-07-06T18:15:00+00:00,552.8399999999996,555.3499999999996,552.8399999999996,555.2399999999996,271
2026-07-06T18:20:00+00:00,555.2399999999996,555.5499999999995,554.3799999999995,554.9099999999995,215
2026-07-06T18:25:00+00:00,554.9099999999995,554.9199999999995,552.0499999999995,552.4199999999995,262
2026-07-06T18:30:00+00:00,552.4199999999995,552.4699999999996,549.9999999999995,549.9999999999995,198
2026-07-06T18:35:00+00:00,549.9999999999995,551.9699999999996,549.7399999999996,550.2399999999996,204
2026-07-06T18:40:00+00:00,550.2399999999996,552.5199999999995,550.2399999999996,552.5199999999995,244
2026-07-06T18:45:00+00:00,552.5199999999995,553.9799999999996,551.3199999999995,551.3699999999995,203
2026-07-06T18:50:00+00:00,551.3699999999995,552.0299999999995,550.7399999999996,550.8599999999996,171
2026-07-06T18:55:00+00:00,550.8599999999996,552.3599999999996,550.8599999999996,551.7199999999996,149
2026-07-06T19:00:00+00:00,551.7199999999996,552.9899999999996,550.7599999999995,550.9799999999996,227
2026-07-06T19:05:00+00:00,550.9799999999996,552.2299999999996,550.7599999999995,551.8499999999996,267
2026-07-06T19:10:00+00:00,551.8499999999996,554.1199999999995,551.8499999999996,552.9999999999995,339
2026-07-06T19:15:00+00:00,552.9999999999995,554.4999999999995,552.5299999999995,553.5699999999995,314
2026-07-06T19:20:00+00:00,553.5699999999995,555.5999999999996,553.2499999999995,554.7799999999995,291
2026-07-06T19:25:00+00:00,554.7799999999995,554.9399999999995,553.5799999999995,554.3099999999995,306
2026-07-06T19:30:00+00:00,554.3099999999995,555.0099999999995,551.4499999999995,554.9099999999995,378
2026-07-06T19:35:00+00:00,554.9099999999995,555.3099999999995,553.5299999999995,553.8699999999995,289
2026-07-06T19:40:00+00:00,553.8699999999995,556.8299999999995,553.6399999999995,555.5499999999995,443
2026-07-06T19:45:00+00:00,555.5499999999995,556.5799999999995,555.2999999999995,555.3699999999995,360
2026-07-06T19:50:00+00:00,555.3699999999995,555.3699999999995,551.5299999999995,551.5399999999995,531
2026-07-06T19:55:00+00:00,551.5399999999995,552.1999999999995,549.4699999999996,550.7799999999995,796
2026-07-07T13:30:00+00:00,550.7799999999995,550.7799999999995,508.86999999999955,509.00999999999954,1183
2026-07-07T13:35:00+00:00,509.00999999999954,513.9599999999995,508.0199999999995,511.6499999999995,1036
2026-07-07T13:40:00+00:00,511.6499999999995,517.2699999999995,510.4299999999995,516.4599999999995,958
2026-07-07T13:45:00+00:00,516.4599999999995,517.6399999999995,512.2399999999996,513.2099999999995,712
2026-07-07T13:50:00+00:00,513.2099999999995,514.8399999999996,509.2299999999995,510.2399999999995,675
2026-07-07T13:55:00+00:00,510.2399999999995,512.8799999999995,508.7999999999995,511.5399999999995,690
2026-07-07T14:00:00+00:00,511.5399999999995,514.4199999999995,511.0399999999995,511.23999999999955,571
2026-07-07T14:05:00+00:00,511.23999999999955,514.0799999999995,510.4399999999995,512.2499999999995,498
2026-07-07T14:10:00+00:00,512.2499999999995,512.7099999999995,506.61999999999955,506.6799999999995,733
2026-07-07T14:15:00+00:00,506.6799999999995,508.1499999999995,504.9199999999995,508.0899999999995,736
2026-07-07T14:20:00+00:00,508.0899999999995,508.6099999999995,504.3499999999995,504.75999999999954,680
2026-07-07T14:25:00+00:00,504.75999999999954,509.93999999999954,504.00999999999954,508.2399999999995,624
2026-07-07T14:30:00+00:00,508.2399999999995,511.3099999999995,507.2399999999995,507.36999999999955,620
2026-07-07T14:35:00+00:00,507.36999999999955,508.0499999999995,504.25999999999954,505.24999999999955,597
2026-07-07T14:40:00+00:00,505.24999999999955,505.7999999999995,501.36999999999955,501.88999999999953,694
2026-07-07T14:45:00+00:00,501.88999999999953,504.9699999999995,501.2899999999995,503.8399999999995,636
2026-07-07T14:50:00+00:00,503.8399999999995,506.50999999999954,502.32999999999953,505.0299999999995,543
2026-07-07T14:55:00+00:00,505.0299999999995,508.6799999999995,504.7399999999995,506.4699999999995,555
2026-07-07T15:00:00+00:00,506.4699999999995,507.12999999999954,503.2399999999995,504.36999999999955,493
2026-07-07T15:05:00+00:00,504.36999999999955,505.87999999999954,503.5499999999995,505.30999999999955,374
2026-07-07T15:10:00+00:00,505.30999999999955,509.24999999999955,504.88999999999953,507.3599999999995,464
2026-07-07T15:15:00+00:00,507.3599999999995,507.3599999999995,503.82999999999953,504.5499999999995,424
2026-07-07T15:20:00+00:00,504.5499999999995,506.31999999999954,503.62999999999954,504.75999999999954,401
2026-07-07T15:25:00+00:00,504.75999999999954,509.24999999999955,504.7399999999995,509.1499999999995,447
2026-07-07T15:30:00+00:00,509.1499999999995,511.25999999999954,508.5899999999995,510.2299999999995,393
2026-07-07T15:35:00+00:00,510.2299999999995,510.24999999999955,508.06999999999954,508.80999999999955,321
2026-07-07T15:40:00+00:00,508.80999999999955,510.4699999999996,507.06999999999954,510.32999999999953,339
2026-07-07T15:45:00+00:00,510.32999999999953,512.2399999999996,509.25999999999954,509.2699999999995,446
2026-07-07T15:50:00+00:00,509.2699999999995,512.9999999999995,509.25999999999954,512.4799999999996,310
2026-07-07T15:55:00+00:00,512.4799999999996,513.9899999999996,511.4299999999995,513.5399999999995,320
2026-07-07T16:00:00+00:00,513.5399999999995,517.0799999999995,512.7999999999995,515.6999999999995,515
2026-07-07T16:05:00+00:00,515.6999999999995,518.4899999999996,515.1899999999995,515.8199999999995,501
2026-07-07T16:10:00+00:00,515.8199999999995,519.5099999999995,515.8199999999995,519.2299999999996,433
2026-07-07T16:15:00+00:00,519.2299999999996,519.2399999999996,516.9399999999995,518.0399999999995,321
2026-07-07T16:20:00+00:00,518.0399999999995,521.5399999999995,518.0399999999995,519.3399999999996,489
2026-07-07T16:25:00+00:00,519.3399999999996,523.0699999999995,518.3499999999996,521.9499999999995,435
2026-07-07T16:30:00+00:00,521.9499999999995,522.3899999999995,519.6499999999995,520.0299999999995,444
2026-07-07T16:35:00+00:00,520.0299999999995,520.2699999999995,517.7299999999996,518.2599999999995,368
2026-07-07T16:40:00+00:00,518.2599999999995,519.7999999999995,517.2399999999996,519.5299999999995,305
2026-07-07T16:45:00+00:00,519.5299999999995,521.1799999999995,519.3899999999995,520.8499999999996,306
2026-07-07T16:50:00+00:00,520.8499999999996,521.8899999999995,519.4599999999995,519.8199999999995,256
2026-07-07T16:55:00+00:00,519.8199999999995,520.1199999999995,518.2299999999996,519.8299999999995,255
2026-07-07T17:00:00+00:00,519.8299999999995,520.6199999999995,518.2799999999995,518.8499999999996,213
2026-07-07T17:05:00+00:00,518.8499999999996,521.2399999999996,518.5499999999995,520.7599999999995,257
2026-07-07T17:10:00+00:00,520.7599999999995,520.7599999999995,517.4199999999995,518.3499999999996,242
2026-07-07T17:15:00+00:00,518.3499999999996,519.1099999999996,517.9899999999996,518.7299999999996,234
2026-07-07T17:20:00+00:00,518.7299999999996,521.2699999999995,518.2399999999996,520.5399999999995,244
2026-07-07T17:25:00+00:00,520.5399999999995,520.5399999999995,518.7799999999995,519.2299999999996,246
2026-07-07T17:30:00+00:00,519.2299999999996,520.5299999999995,518.9999999999995,520.0599999999995,191
2026-07-07T17:35:00+00:00,520.0599999999995,520.7399999999996,519.2499999999995,520.5099999999995,216
2026-07-07T17:40:00+00:00,520.5099999999995,520.8599999999996,518.8499999999996,520.2899999999995,185
2026-07-07T17:45:00+00:00,520.2899999999995,520.5499999999995,518.4399999999995,519.0099999999995,186
2026-07-07T17:50:00+00:00,519.0099999999995,520.0399999999995,518.4399999999995,519.2299999999996,220
2026-07-07T17:55:00+00:00,519.2299999999996,520.6999999999995,518.8399999999996,520.3199999999995,182
2026-07-07T18:00:00+00:00,520.3199999999995,520.8999999999995,518.8299999999995,519.1099999999996,201
2026-07-07T18:05:00+00:00,519.1099999999996,519.9999999999995,518.4499999999995,519.3199999999995,190
2026-07-07T18:10:00+00:00,519.3199999999995,520.8099999999995,518.8499999999996,520.0999999999996,184
2026-07-07T18:15:00+00:00,520.0999999999996,520.6099999999996,518.7399999999996,520.2999999999995,265
2026-07-07T18:20:00+00:00,520.2999999999995,521.3099999999995,519.3699999999995,520.7099999999995,205
2026-07-07T18:25:00+00:00,520.7099999999995,521.5599999999995,519.0999999999996,519.5299999999995,226
2026-07-07T18:30:00+00:00,519.5299999999995,520.9499999999995,519.2299999999996,520.3099999999995,210
2026-07-07T18:35:00+00:00,520.3099999999995,520.5699999999995,518.9399999999995,519.4699999999996,235
2026-07-07T18:40:00+00:00,519.4699999999996,519.5399999999995,515.4199999999995,516.9999999999995,330
2026-07-07T18:45:00+00:00,516.9999999999995,518.8999999999995,516.4999999999995,517.8599999999996,330
2026-07-07T18:50:00+00:00,517.8599999999996,517.8799999999995,515.9399999999995,516.6699999999995,305
2026-07-07T18:55:00+00:00,516.6699999999995,516.9899999999996,514.7399999999996,514.8199999999995,328
2026-07-07T19:00:00+00:00,514.8199999999995,515.3799999999995,512.8899999999995,513.2499999999995,454
2026-07-07T19:05:00+00:00,513.2499999999995,516.6999999999995,510.3399999999995,511.1499999999995,441
2026-07-07T19:10:00+00:00,511.1499999999995,511.7799999999995,510.25999999999954,510.5799999999995,391
2026-07-07T19:15:00+00:00,510.5799999999995,510.59999999999957,507.3599999999995,507.9799999999995,472
2026-07-07T19:20:00+00:00,507.9799999999995,508.93999999999954,507.5299999999995,507.81999999999954,514
2026-07-07T19:25:00+00:00,507.81999999999954,509.2899999999995,506.2999999999995,508.3499999999995,467
2026-07-07T19:30:00+00:00,508.3499999999995,511.62999999999954,508.2399999999995,510.49999999999955,513
2026-07-07T19:35:00+00:00,510.49999999999955,510.9499999999995,506.7799999999995,507.8499999999995,438
2026-07-07T19:40:00+00:00,507.8499999999995,508.8399999999995,506.7699999999995,508.2399999999995,414
2026-07-07T19:45:00+00:00,508.2399999999995,509.31999999999954,507.74999999999955,508.82999999999953,380
2026-07-07T19:50:00+00:00,508.82999999999953,510.05999999999955,508.2299999999995,509.18999999999954,491
2026-07-07T19:55:00+00:00,509.18999999999954,514.9999999999995,509.18999999999954,514.9799999999996,1000
2026-07-08T13:30:00+00:00,514.9799999999996,515.2599999999995,501.38999999999953,513.2999999999995,1493
2026-07-08T13:35:00+00:00,513.2999999999995,516.5099999999995,508.2699999999995,512.3999999999995,1311
2026-07-08T13:40:00+00:00,512.3999999999995,516.7699999999995,511.72999999999956,514.2699999999995,1111
2026-07-08T13:45:00+00:00,514.2699999999995,520.9799999999996,513.2399999999996,513.2499999999995,1328
2026-07-08T13:50:00+00:00,513.2499999999995,517.6199999999995,512.4899999999996,516.2499999999995,1139
2026-07-08T13:55:00+00:00,516.2499999999995,518.9199999999995,514.7299999999996,517.7499999999995,1310
2026-07-08T14:00:00+00:00,517.7499999999995,519.0899999999996,512.8899999999995,513.8399999999996,1356
2026-07-08T14:05:00+00:00,513.8399999999996,515.2599999999995,513.3499999999996,514.0899999999996,1333
2026-07-08T14:10:00+00:00,514.0899999999996,514.1999999999995,509.7399999999995,511.3999999999995,1148
2026-07-08T14:15:00+00:00,511.3999999999995,513.2599999999995,509.7899999999995,512.1499999999995,1460
2026-07-08T14:20:00+00:00,512.1499999999995,515.7899999999995,511.2899999999995,512.7499999999995,1199
2026-07-08T14:25:00+00:00,512.7499999999995,515.0099999999995,511.5499999999995,513.2899999999995,1368
2026-07-08T14:30:00+00:00,513.2899999999995,514.5799999999995,511.3099999999995,511.87999999999954,1209
2026-07-08T14:35:00+00:00,511.87999999999954,512.6099999999996,510.2399999999995,510.25999999999954,1090
2026-07-08T14:40:00+00:00,510.25999999999954,511.10999999999956,506.88999999999953,509.6099999999995,947
2026-07-08T14:45:00+00:00,509.6099999999995,509.7399999999995,505.7099999999995,506.2299999999995,880
2026-07-08T14:50:00+00:00,506.2299999999995,511.13999999999953,504.7299999999995,509.62999999999954,1337
2026-07-08T14:55:00+00:00,509.62999999999954,513.0899999999996,508.1199999999995,508.3599999999995,1185.3301409221508
2026-07-08T15:00:00+00:00,508.3599999999995,509.2999999999995,506.3999999999995,506.4599999999995,873
2026-07-08T15:05:00+00:00,506.4599999999995,507.63999999999953,505.0599999999995,506.5299999999995,581
2026-07-08T15:10:00+00:00,506.5299999999995,507.50999999999954,503.4699999999995,503.50999999999954,1072
2026-07-08T15:15:00+00:00,503.50999999999954,504.4599999999995,501.7999999999995,503.1099999999995,1084
2026-07-08T15:20:00+00:00,503.1099999999995,503.12999999999954,496.3599999999995,498.31999999999954,1033
2026-07-08T15:25:00+00:00,498.31999999999954,499.9999999999995,497.4899999999995,499.43999999999954,852
2026-07-08T15:30:00+00:00,499.43999999999954,502.8599999999995,499.3099999999995,502.56999999999954,950
2026-07-08T15:35:00+00:00,502.56999999999954,504.68999999999954,501.7999999999995,502.3099999999995,900
2026-07-08T15:40:00+00:00,502.3099999999995,503.8499999999995,502.00999999999954,502.87999999999954,770
2026-07-08T15:45:00+00:00,502.87999999999954,503.37999999999954,500.94999999999953,501.4299999999995,697
2026-07-08T15:50:00+00:00,501.4299999999995,501.7299999999995,498.8099999999995,499.9699999999995,871
2026-07-08T15:55:00+00:00,499.9699999999995,501.1799999999995,499.2999999999995,500.8399999999995,818
2026-07-08T16:00:00+00:00,500.8399999999995,502.44999999999953,500.57999999999953,502.1699999999995,964
2026-07-08T16:05:00+00:00,502.1699999999995,503.5899999999995,501.3599999999995,503.31999999999954,655
2026-07-08T16:10:00+00:00,503.31999999999954,506.5899999999995,503.2999999999995,506.2999999999995,567
2026-07-08T16:15:00+00:00,506.2999999999995,507.5399999999995,505.4099999999995,506.8099999999995,543
2026-07-08T16:20:00+00:00,506.8099999999995,509.8399999999995,506.8099999999995,507.5499999999995,591
2026-07-08T16:25:00+00:00,507.5499999999995,509.3999999999995,507.5499999999995,508.4099999999995,395
2026-07-08T16:30:00+00:00,508.4099999999995,509.9199999999995,507.5599999999995,508.0199999999995,569
2026-07-08T16:35:00+00:00,508.0199999999995,509.0199999999995,506.5999999999995,507.7199999999995,730
2026-07-08T16:40:00+00:00,507.7199999999995,509.5399999999995,507.00999999999954,508.6699999999995,970
2026-07-08T16:45:00+00:00,508.6699999999995,509.7999999999995,507.94999999999953,509.7899999999995,527
2026-07-08T16:50:00+00:00,509.7899999999995,511.3599999999995,508.9999999999995,510.4099999999995,463
2026-07-08T16:55:00+00:00,510.4099999999995,511.1199999999995,509.5599999999995,510.53999999999957,634
2026-07-08T17:00:00+00:00,510.53999999999957,510.55999999999955,508.6599999999995,508.9199999999995,558
2026-07-08T17:05:00+00:00,508.9199999999995,511.0899999999995,508.7999999999995,509.4099999999995,452
2026-07-08T17:10:00+00:00,509.4099999999995,509.9699999999995,507.88999999999953,508.0299999999995,350
2026-07-08T17:15:00+00:00,508.0299999999995,509.94999999999953,507.8599999999995,509.7199999999995,316
2026-07-08T17:20:00+00:00,509.7199999999995,512.0799999999995,509.5399999999995,511.67999999999955,263
2026-07-08T17:25:00+00:00,511.67999999999955,513.2499999999995,511.67999999999955,512.6399999999995,384
2026-07-08T17:30:00+00:00,512.6399999999995,513.4799999999996,512.0399999999996,512.3299999999996,331
2026-07-08T17:35:00+00:00,512.3299999999996,513.3299999999996,512.0499999999996,512.3399999999996,338
2026-07-08T17:40:00+00:00,512.3399999999996,512.6799999999996,509.9599999999996,509.9699999999996,368
2026-07-08T17:45:00+00:00,509.9699999999996,510.3199999999996,508.5699999999996,508.5799999999996,472
2026-07-08T17:50:00+00:00,508.5799999999996,510.85999999999956,508.5699999999996,509.7099999999996,422
2026-07-08T17:55:00+00:00,509.7099999999996,510.23999999999955,508.79999999999956,509.91999999999956,493
2026-07-08T18:00:00+00:00,509.91999999999956,512.6199999999995,508.79999999999956,511.74999999999955,532
2026-07-08T18:05:00+00:00,511.74999999999955,512.1799999999996,510.3199999999996,511.7999999999996,451
2026-07-08T18:10:00+00:00,511.7999999999996,512.7399999999996,511.4299999999996,512.0699999999996,336
2026-07-08T18:15:00+00:00,512.0699999999996,512.5599999999996,510.9299999999996,512.3399999999996,380
2026-07-08T18:20:00+00:00,512.3399999999996,512.3399999999996,510.8099999999996,510.8299999999996,365
2026-07-08T18:25:00+00:00,510.8299999999996,511.61999999999955,510.3999999999996,510.48999999999955,504
2026-07-08T18:30:00+00:00,510.48999999999955,510.5899999999996,508.79999999999956,508.80999999999955,560
2026-07-08T18:35:00+00:00,508.80999999999955,511.38999999999953,508.80999999999955,511.1699999999996,498
2026-07-08T18:40:00+00:00,511.1699999999996,512.3099999999996,510.5599999999996,512.0599999999996,572
2026-07-08T18:45:00+00:00,512.0599999999996,513.4999999999995,510.73999999999955,512.7999999999996,469
2026-07-08T18:50:00+00:00,512.7999999999996,514.3799999999995,512.4099999999996,512.5299999999995,403
2026-07-08T18:55:00+00:00,512.5299999999995,513.1599999999996,511.8099999999996,512.8499999999996,330
2026-07-08T19:00:00+00:00,512.8499999999996,514.3299999999996,512.2999999999996,512.9899999999996,322
2026-07-08T19:05:00+00:00,512.9899999999996,513.5099999999995,511.4399999999996,513.2099999999996,443
2026-07-08T19:10:00+00:00,513.2099999999996,513.6399999999995,512.5299999999995,513.3099999999996,330
2026-07-08T19:15:00+00:00,513.3099999999996,513.3499999999996,511.9599999999996,513.0599999999996,311
2026-07-08T19:20:00+00:00,513.0599999999996,514.4199999999996,512.8499999999996,513.8199999999996,254
2026-07-08T19:25:00+00:00,513.8199999999996,515.1099999999996,513.7099999999996,514.6499999999995,281
2026-07-08T19:30:00+00:00,514.6499999999995,514.9799999999996,512.2999999999996,512.8899999999995,816
2026-07-08T19:35:00+00:00,512.8899999999995,513.9599999999996,512.2999999999996,513.3499999999996,374
2026-07-08T19:40:00+00:00,513.3499999999996,513.3499999999996,511.35999999999956,512.5599999999996,459
2026-07-08T19:45:00+00:00,512.5599999999996,513.8299999999996,512.3199999999996,513.5399999999996,413
2026-07-08T19:50:00+00:00,513.5399999999996,515.9899999999996,512.5599999999996,515.8199999999996,420
2026-07-08T19:55:00+00:00,515.8199999999996,517.2799999999995,514.6999999999996,515.5299999999995,1008
2026-07-09T13:30:00+00:00,515.5299999999995,546.8199999999996,515.5299999999995,545.3099999999996,2296
2026-07-09T13:35:00+00:00,545.3099999999996,547.1099999999996,542.6699999999996,545.1399999999995,1660
2026-07-09T13:40:00+00:00,545.1399999999995,548.3199999999996,544.3199999999996,547.6699999999996,1613
2026-07-09T13:45:00+00:00,547.6699999999996,549.2399999999996,543.3799999999995,545.5699999999996,1411
2026-07-09T13:50:00+00:00,545.5699999999996,552.1999999999996,544.1399999999995,551.3099999999996,1311
2026-07-09T13:55:00+00:00,551.3099999999996,556.0999999999996,551.3099999999996,554.3499999999996,1166
2026-07-09T14:00:00+00:00,554.3499999999996,556.7699999999995,553.3599999999996,555.3999999999995,1281
2026-07-09T14:05:00+00:00,555.3999999999995,555.6399999999995,551.7599999999995,552.4299999999996,1178
2026-07-09T14:10:00+00:00,552.4299999999996,555.8299999999996,551.0799999999996,553.1599999999996,1280
2026-07-09T14:15:00+00:00,553.1599999999996,553.1699999999996,548.3099999999996,548.5399999999996,1688
2026-07-09T14:20:00+00:00,548.5399999999996,549.3999999999995,544.3299999999996,548.6799999999996,1728
2026-07-09T14:25:00+00:00,548.6799999999996,553.3099999999996,547.6199999999995,553.0299999999995,1393
2026-07-09T14:30:00+00:00,553.0299999999995,556.1999999999996,551.4699999999996,554.8299999999996,1194
2026-07-09T14:35:00+00:00,554.8299999999996,556.5999999999996,553.7299999999996,556.0199999999995,1206
2026-07-09T14:40:00+00:00,556.0199999999995,557.0799999999996,553.3199999999996,554.4899999999996,1193
2026-07-09T14:45:00+00:00,554.4899999999996,557.7599999999995,553.8999999999995,556.0999999999996,1002
2026-07-09T14:50:00+00:00,556.0999999999996,556.0999999999996,550.8599999999996,552.1199999999995,977
2026-07-09T14:55:00+00:00,552.1199999999995,554.2599999999995,551.6399999999995,551.7299999999996,628
2026-07-09T15:00:00+00:00,551.7299999999996,553.6499999999995,550.1999999999996,553.2299999999996,734
2026-07-09T15:05:00+00:00,553.2299999999996,554.4099999999996,552.8099999999996,553.9199999999996,508
2026-07-09T15:10:00+00:00,553.9199999999996,554.6799999999996,551.9699999999996,554.0399999999996,615
2026-07-09T15:15:00+00:00,554.0399999999996,555.2299999999996,552.4599999999996,552.5599999999996,729
2026-07-09T15:20:00+00:00,552.5599999999996,553.9099999999996,552.4699999999996,553.3299999999996,599
2026-07-09T15:25:00+00:00,553.3299999999996,553.6099999999996,551.9799999999996,552.3899999999995,424
2026-07-09T15:30:00+00:00,552.3899999999995,552.5699999999996,551.4999999999995,552.0199999999995,383
2026-07-09T15:35:00+00:00,552.0199999999995,552.4499999999996,551.3099999999996,551.4199999999996,387
2026-07-09T15:40:00+00:00,551.4199999999996,551.9799999999996,550.4899999999996,550.6299999999995,406
2026-07-09T15:45:00+00:00,550.6299999999995,552.9499999999996,550.6099999999996,552.4699999999996,442
2026-07-09T15:50:00+00:00,552.4699999999996,554.0399999999996,552.4499999999996,553.8599999999996,493
2026-07-09T15:55:00+00:00,553.8599999999996,554.7999999999996,553.3199999999996,553.9899999999996,371
2026-07-09T16:00:00+00:00,553.9899999999996,557.3299999999996,553.9799999999996,554.5099999999995,625
2026-07-09T16:05:00+00:00,554.5099999999995,555.3499999999996,553.8199999999996,554.3199999999996,372
2026-07-09T16:10:00+00:00,554.3199999999996,554.5699999999996,552.6999999999996,552.8599999999996,284
2026-07-09T16:15:00+00:00,552.8599999999996,553.4899999999996,551.9599999999996,552.7799999999995,351
2026-07-09T16:20:00+00:00,552.7799999999995,552.7899999999996,550.4899999999996,551.3199999999996,324
2026-07-09T16:25:00+00:00,551.3199999999996,551.4999999999995,549.3099999999996,549.7499999999995,365
2026-07-09T16:30:00+00:00,549.7499999999995,551.4699999999996,548.3599999999996,548.5499999999996,421
2026-07-09T16:35:00+00:00,548.5499999999996,548.8199999999996,546.8499999999996,548.6899999999996,596
2026-07-09T16:40:00+00:00,548.6899999999996,550.5399999999996,548.6899999999996,550.4999999999995,306
2026-07-09T16:45:00+00:00,550.4999999999995,550.4999999999995,549.0499999999996,549.8399999999996,274
2026-07-09T16:50:00+00:00,549.8399999999996,550.7099999999996,549.8399999999996,550.4799999999996,136
2026-07-09T16:55:00+00:00,550.4799999999996,550.7499999999995,549.3499999999996,549.3599999999996,313
2026-07-09T17:00:00+00:00,549.3599999999996,550.0399999999996,549.2299999999996,549.7099999999996,281
2026-07-09T17:05:00+00:00,549.7099999999996,550.4999999999995,549.6099999999996,549.8799999999995,297
2026-07-09T17:10:00+00:00,549.8799999999995,550.9999999999995,549.3599999999996,550.0099999999995,374
2026-07-09T17:15:00+00:00,550.0099999999995,550.4699999999996,549.4899999999996,550.0399999999996,325
2026-07-09T17:20:00+00:00,550.0399999999996,550.2999999999996,548.9599999999996,549.1499999999995,280
2026-07-09T17:25:00+00:00,549.1499999999995,549.2299999999996,547.0399999999996,547.7899999999996,412
2026-07-09T17:30:00+00:00,547.7899999999996,548.5099999999995,544.7999999999996,545.6699999999996,504
2026-07-09T17:35:00+00:00,545.6699999999996,547.5499999999996,544.7799999999995,545.9799999999996,488
2026-07-09T17:40:00+00:00,545.9799999999996,546.4799999999996,544.9099999999996,546.2999999999996,354
2026-07-09T17:45:00+00:00,546.2999999999996,547.2699999999995,545.0499999999996,546.6099999999996,360
2026-07-09T17:50:00+00:00,546.6099999999996,547.9999999999995,546.3199999999996,546.8399999999996,383
2026-07-09T17:55:00+00:00,546.8399999999996,547.1499999999995,545.3899999999995,546.5499999999996,370
2026-07-09T18:00:00+00:00,546.5499999999996,547.3499999999996,544.1499999999995,544.1599999999996,403
2026-07-09T18:05:00+00:00,544.1599999999996,545.4699999999996,544.1399999999995,544.9699999999996,212
2026-07-09T18:10:00+00:00,544.9699999999996,545.1499999999995,543.7899999999996,544.7399999999996,315
2026-07-09T18:15:00+00:00,544.7399999999996,545.1699999999996,543.9399999999996,544.1599999999996,342
2026-07-09T18:20:00+00:00,544.1599999999996,544.7499999999995,543.4999999999995,543.5299999999995,298
2026-07-09T18:25:00+00:00,543.5299999999995,544.8299999999996,543.0699999999996,543.9299999999996,338
2026-07-09T18:30:00+00:00,543.9299999999996,544.8299999999996,543.9099999999996,543.9199999999996,281
2026-07-09T18:35:00+00:00,543.9199999999996,543.9699999999996,543.0999999999996,543.3799999999995,401
2026-07-09T18:40:00+00:00,543.3799999999995,544.9699999999996,542.7599999999995,544.8199999999996,432
2026-07-09T18:45:00+00:00,544.8199999999996,546.4799999999996,544.7999999999996,545.2999999999996,363
2026-07-09T18:50:00+00:00,545.2999999999996,546.3199999999996,545.0499999999996,545.0499999999996,318
2026-07-09T18:55:00+00:00,545.0499999999996,546.3699999999995,544.5199999999995,546.3099999999996,416
2026-07-09T19:00:00+00:00,546.3099999999996,546.3699999999995,542.2999999999996,542.3799999999995,597
2026-07-09T19:05:00+00:00,542.3799999999995,544.1599999999996,541.9799999999996,542.9499999999996,598
2026-07-09T19:10:00+00:00,542.9499999999996,543.1599999999996,542.3299999999996,542.6799999999996,397
2026-07-09T19:15:00+00:00,542.6799999999996,544.1399999999995,541.6999999999996,543.9399999999996,477
2026-07-09T19:20:00+00:00,543.9399999999996,544.0299999999995,543.2099999999996,543.3199999999996,317
2026-07-09T19:25:00+00:00,543.3199999999996,543.3199999999996,541.8099999999996,542.0299999999995,401
2026-07-09T19:30:00+00:00,542.0299999999995,542.0999999999996,539.5499999999996,540.1999999999996,749
2026-07-09T19:35:00+00:00,540.1999999999996,543.2599999999995,539.6399999999995,542.5699999999996,466
2026-07-09T19:40:00+00:00,542.5699999999996,544.0299999999995,541.7999999999996,543.9999999999995,602
2026-07-09T19:45:00+00:00,543.9999999999995,546.2599999999995,543.9899999999996,545.3899999999995,496
2026-07-09T19:50:00+00:00,545.3899999999995,545.3899999999995,541.2199999999996,541.6199999999995,873
2026-07-09T19:55:00+00:00,541.6199999999995,545.8699999999995,541.6099999999996,545.0299999999995,943
2026-07-10T13:30:00+00:00,545.0299999999995,552.7499999999995,539.6999999999996,550.2999999999996,1223
2026-07-10T13:35:00+00:00,550.2999999999996,553.9999999999995,543.9599999999996,543.9599999999996,1808
2026-07-10T13:40:00+00:00,543.9599999999996,546.3699999999995,538.5899999999996,544.8899999999995,1781
2026-07-10T13:45:00+00:00,544.8899999999995,552.2599999999995,544.8099999999996,551.5099999999995,1300
2026-07-10T13:50:00+00:00,551.5099999999995,553.4599999999996,549.3899999999995,551.4299999999996,1015
2026-07-10T13:55:00+00:00,551.4299999999996,551.4999999999995,547.4099999999996,547.9699999999996,1076
2026-07-10T14:00:00+00:00,547.9699999999996,550.7699999999995,547.9599999999996,549.4699999999996,1102
2026-07-10T14:05:00+00:00,549.4699999999996,551.3599999999996,548.6699999999996,550.3299999999996,1051
2026-07-10T14:10:00+00:00,550.3299999999996,550.7199999999996,548.0299999999995,549.2199999999996,1090
2026-07-10T14:15:00+00:00,549.2199999999996,549.9699999999996,545.3699999999995,546.2099999999996,1227
2026-07-10T14:20:00+00:00,546.2099999999996,547.0199999999995,543.8499999999996,545.3299999999996,918
2026-07-10T14:25:00+00:00,545.3299999999996,547.9999999999995,544.8299999999996,545.9099999999996,825
2026-07-10T14:30:00+00:00,545.9099999999996,549.2099999999996,538.4399999999996,545.3799999999995,1518
2026-07-10T14:35:00+00:00,545.3799999999995,547.8199999999996,545.1599999999996,546.5799999999996,1106
2026-07-10T14:40:00+00:00,546.5799999999996,547.9299999999996,545.2999999999996,546.8099999999996,713
2026-07-10T14:45:00+00:00,546.8099999999996,548.1499999999995,545.6399999999995,547.2999999999996,583
2026-07-10T14:50:00+00:00,547.2999999999996,548.3799999999995,544.3599999999996,544.8199999999996,875
2026-07-10T14:55:00+00:00,544.8199999999996,545.4899999999996,542.8699999999995,543.2499999999995,654.3063012150325
2026-07-10T15:00:00+00:00,543.2499999999995,544.1399999999995,541.9299999999996,543.3699999999995,933
2026-07-10T15:05:00+00:00,543.3699999999995,545.6299999999995,542.4399999999996,545.0299999999995,597
2026-07-10T15:10:00+00:00,545.0299999999995,546.0999999999996,544.5499999999996,544.9399999999996,425
2026-07-10T15:15:00+00:00,544.9399999999996,549.5599999999996,544.9399999999996,548.4599999999996,560
2026-07-10T15:20:00+00:00,548.4599999999996,550.4199999999996,547.4999999999995,548.0999999999996,485
2026-07-10T15:25:00+00:00,548.0999999999996,551.1499999999995,547.9799999999996,550.4499999999996,423
2026-07-10T15:30:00+00:00,550.4499999999996,551.5199999999995,549.4399999999996,550.7799999999995,587
2026-07-10T15:35:00+00:00,550.7799999999995,551.0799999999996,548.2199999999996,548.2499999999995,573
2026-07-10T15:40:00+00:00,548.2499999999995,548.2499999999995,544.4299999999996,546.7399999999996,1052
2026-07-10T15:45:00+00:00,546.7399999999996,547.7499999999995,545.8399999999996,546.9299999999996,586
2026-07-10T15:50:00+00:00,546.9299999999996,548.1399999999995,546.1499999999995,547.8799999999995,470
2026-07-10T15:55:00+00:00,547.8799999999995,549.3299999999996,547.0899999999996,548.7399999999996,473
2026-07-10T16:00:00+00:00,548.7399999999996,550.2099999999996,548.6299999999995,550.0499999999996,504
2026-07-10T16:05:00+00:00,550.0499999999996,551.0299999999995,549.4399999999996,549.4599999999996,413
2026-07-10T16:10:00+00:00,549.4599999999996,550.3799999999995,548.9799999999996,549.7599999999995,374
2026-07-10T16:15:00+00:00,549.7599999999995,552.6099999999996,549.7299999999996,552.1399999999995,510
2026-07-10T16:20:00+00:00,552.1399999999995,553.8799999999995,551.8399999999996,553.1899999999996,473
2026-07-10T16:25:00+00:00,553.1899999999996,554.5899999999996,551.8399999999996,553.1799999999996,512
2026-07-10T16:30:00+00:00,553.1799999999996,553.9499999999996,552.7199999999996,552.8999999999995,304
2026-07-10T16:35:00+00:00,552.8999999999995,553.8299999999996,552.7099999999996,552.8499999999996,373
2026-07-10T16:40:00+00:00,552.8499999999996,553.4299999999996,551.8399999999996,552.2099999999996,301
2026-07-10T16:45:00+00:00,552.2099999999996,553.4299999999996,552.1899999999996,552.4399999999996,273
2026-07-10T16:50:00+00:00,552.4399999999996,553.2299999999996,551.3399999999996,551.5199999999995,282
2026-07-10T16:55:00+00:00,551.5199999999995,551.6899999999996,550.9099999999995,551.4599999999996,283
2026-07-10T17:00:00+00:00,551.4599999999996,551.6499999999995,550.1199999999995,550.3399999999996,316
2026-07-10T17:05:00+00:00,550.3399999999996,551.6299999999995,549.8199999999996,550.9399999999996,295
2026-07-10T17:10:00+00:00,550.9399999999996,552.2699999999995,550.9399999999996,552.2699999999995,216
2026-07-10T17:15:00+00:00,552.2699999999995,552.9899999999996,551.7399999999996,551.8999999999995,222
2026-07-10T17:20:00+00:00,551.8999999999995,554.6599999999995,551.8999999999995,554.5999999999996,275
2026-07-10T17:25:00+00:00,554.5999999999996,557.4799999999996,554.5799999999996,557.4299999999996,402
2026-07-10T17:30:00+00:00,557.4299999999996,558.2399999999996,556.5099999999995,557.2299999999996,389
2026-07-10T17:35:00+00:00,557.2299999999996,558.5099999999995,557.1999999999996,557.7799999999995,349
2026-07-10T17:40:00+00:00,557.7799999999995,558.3799999999995,557.5599999999996,558.0999999999996,257
2026-07-10T17:45:00+00:00,558.0999999999996,558.4499999999996,556.9399999999996,557.3399999999996,268
2026-07-10T17:50:00+00:00,557.3399999999996,557.5399999999996,556.6799999999996,556.7899999999996,188
2026-07-10T17:55:00+00:00,556.7899999999996,557.2799999999995,555.2799999999995,555.7499999999995,406
2026-07-10T18:00:00+00:00,555.7499999999995,556.4799999999996,555.5099999999995,556.0399999999996,308
2026-07-10T18:05:00+00:00,556.0399999999996,556.2999999999996,554.9099999999995,555.0799999999996,233
2026-07-10T18:10:00+00:00,555.0799999999996,555.7199999999996,554.5299999999995,554.6999999999996,237
2026-07-10T18:15:00+00:00,554.6999999999996,554.7499999999995,553.6299999999995,553.8599999999996,254
2026-07-10T18:20:00+00:00,553.8599999999996,554.5199999999995,553.1599999999995,553.9099999999995,212
2026-07-10T18:25:00+00:00,553.9099999999995,554.8199999999996,553.1699999999996,553.6099999999996,294
2026-07-10T18:30:00+00:00,553.6099999999996,554.4399999999996,553.5899999999996,554.2999999999996,245
2026-07-10T18:35:00+00:00,554.2999999999996,554.9799999999996,553.5899999999996,554.1199999999995,321
2026-07-10T18:40:00+00:00,554.1199999999995,554.5099999999995,553.0299999999995,553.1899999999996,254
2026-07-10T18:45:00+00:00,553.1899999999996,553.7899999999996,552.8199999999996,553.1499999999995,174
2026-07-10T18:50:00+00:00,553.1499999999995,554.2999999999996,553.0199999999995,553.1399999999995,227
2026-07-10T18:55:00+00:00,553.1399999999995,553.9599999999996,552.9399999999996,552.9899999999996,190
2026-07-10T19:00:00+00:00,552.9899999999996,554.7299999999996,552.9399999999996,554.5799999999996,249
2026-07-10T19:05:00+00:00,554.5799999999996,554.5799999999996,552.4299999999996,552.4399999999996,251
2026-07-10T19:10:00+00:00,552.4399999999996,552.5799999999996,551.4799999999996,551.5199999999995,242
2026-07-10T19:15:00+00:00,551.5199999999995,551.8899999999995,550.4599999999996,551.3299999999996,276
2026-07-10T19:20:00+00:00,551.3299999999996,551.5499999999996,550.4499999999996,550.8499999999996,211
2026-07-10T19:25:00+00:00,550.8499999999996,551.9499999999996,550.8299999999996,551.8699999999995,246
2026-07-10T19:30:00+00:00,551.8699999999995,553.1999999999996,551.5299999999995,551.6499999999995,367
2026-07-10T19:35:00+00:00,551.6499999999995,552.8499999999996,551.5199999999995,552.4399999999996,224
2026-07-10T19:40:00+00:00,552.4399999999996,553.2699999999995,552.4399999999996,552.9599999999996,272
2026-07-10T19:45:00+00:00,552.9599999999996,553.2499999999995,552.5599999999996,552.8499999999996,340
2026-07-10T19:50:00+00:00,552.8499999999996,554.1899999999996,552.8499999999996,554.0599999999996,336
2026-07-10T19:55:00+00:00,554.0599999999996,557.5399999999996,553.6399999999995,556.3299999999996,656
2026-07-13T13:30:00+00:00,556.3299999999996,556.3299999999996,532.5399999999996,533.9999999999995,1155
2026-07-13T13:35:00+00:00,533.9999999999995,535.5199999999995,529.3799999999995,529.3799999999995,1335
2026-07-13T13:40:00+00:00,529.3799999999995,529.3899999999995,525.2099999999996,527.6799999999996,1909
2026-07-13T13:45:00+00:00,527.6799999999996,533.4699999999996,525.3699999999995,531.4699999999996,1975
2026-07-13T13:50:00+00:00,531.4699999999996,532.3499999999996,528.5899999999996,528.7399999999996,1992
2026-07-13T13:55:00+00:00,528.7399999999996,533.6299999999995,528.2299999999996,531.6499999999995,1721
2026-07-13T14:00:00+00:00,531.6499999999995,535.3299999999996,530.4299999999996,530.4999999999995,2036
2026-07-13T14:05:00+00:00,530.4999999999995,534.8299999999996,529.4299999999996,533.5299999999995,1553
2026-07-13T14:10:00+00:00,533.5299999999995,538.6599999999995,532.4899999999996,538.3399999999996,1255
2026-07-13T14:15:00+00:00,538.3399999999996,539.9499999999996,534.4299999999996,537.4599999999996,1900
2026-07-13T14:20:00+00:00,537.4599999999996,541.1699999999996,536.4299999999996,540.6399999999995,1571
2026-07-13T14:25:00+00:00,540.6399999999995,543.9499999999996,540.1799999999996,543.8199999999996,1264
2026-07-13T14:30:00+00:00,543.8199999999996,546.7299999999996,543.4399999999996,545.2699999999995,1338
2026-07-13T14:35:00+00:00,545.2699999999995,546.7599999999995,543.4499999999996,546.0899999999996,1133
2026-07-13T14:40:00+00:00,546.0899999999996,546.7499999999995,541.3699999999995,542.2999999999996,1287
2026-07-13T14:45:00+00:00,542.2999999999996,544.2499999999995,540.4299999999996,543.2199999999996,1270
2026-07-13T14:50:00+00:00,543.2199999999996,544.0799999999996,540.0999999999996,540.2899999999996,1062
2026-07-13T14:55:00+00:00,540.2899999999996,544.5599999999996,539.9599999999996,544.1099999999996,935
2026-07-13T15:00:00+00:00,544.1099999999996,546.8199999999996,544.1099999999996,546.1499999999995,930
2026-07-13T15:05:00+00:00,546.1499999999995,547.7299999999996,544.4299999999996,544.7599999999995,958
2026-07-13T15:10:00+00:00,544.7599999999995,546.6799999999996,544.3199999999996,545.6699999999996,948
2026-07-13T15:15:00+00:00,545.6699999999996,546.8799999999995,544.4399999999996,546.6399999999995,1135
2026-07-13T15:20:00+00:00,546.6399999999995,548.6499999999995,545.9299999999996,548.4399999999996,824
2026-07-13T15:25:00+00:00,548.4399999999996,548.8999999999995,546.8699999999995,547.6299999999995,1033
2026-07-13T15:30:00+00:00,547.6299999999995,550.0899999999996,547.2299999999996,547.4599999999996,942
2026-07-13T15:35:00+00:00,547.4599999999996,548.2799999999995,545.9399999999996,547.2399999999996,816
2026-07-13T15:40:00+00:00,547.2399999999996,547.2599999999995,544.5299999999995,544.5699999999996,783
2026-07-13T15:45:00+00:00,544.5699999999996,544.7699999999995,541.6199999999995,542.3799999999995,965
2026-07-13T15:50:00+00:00,542.3799999999995,542.8899999999995,540.5099999999995,541.2399999999996,753
2026-07-13T15:55:00+00:00,541.2399999999996,541.2599999999995,539.5299999999995,540.4399999999996,984
2026-07-13T16:00:00+00:00,540.4399999999996,541.5999999999996,539.9299999999996,540.3799999999995,719
2026-07-13T16:05:00+00:00,540.3799999999995,542.1099999999996,539.6799999999996,542.0299999999995,707
2026-07-13T16:10:00+00:00,542.0299999999995,542.7399999999996,539.9899999999996,540.6199999999995,792
2026-07-13T16:15:00+00:00,540.6199999999995,540.7999999999996,539.0899999999996,540.1899999999996,638
2026-07-13T16:20:00+00:00,540.1899999999996,540.1899999999996,537.9299999999996,539.4499999999996,740
2026-07-13T16:25:00+00:00,539.4499999999996,540.7599999999995,538.9099999999995,539.8299999999996,892
2026-07-13T16:30:00+00:00,539.8299999999996,539.8499999999996,537.0299999999995,537.0999999999996,984
2026-07-13T16:35:00+00:00,537.0999999999996,537.2299999999996,533.5399999999996,535.6799999999996,1311
2026-07-13T16:40:00+00:00,535.6799999999996,537.4199999999996,534.9399999999996,536.4499999999996,976
2026-07-13T16:45:00+00:00,536.4499999999996,537.1599999999995,533.8299999999996,533.9499999999996,754
2026-07-13T16:50:00+00:00,533.9499999999996,535.1299999999995,531.9299999999996,534.4499999999996,953
2026-07-13T16:55:00+00:00,534.4499999999996,536.1499999999995,532.9399999999996,534.5499999999996,968
2026-07-13T17:00:00+00:00,534.5499999999996,536.6299999999995,534.3299999999996,535.4399999999996,1115
2026-07-13T17:05:00+00:00,535.4399999999996,538.5099999999995,535.0599999999996,537.7799999999995,875
2026-07-13T17:10:00+00:00,537.7799999999995,538.8099999999996,536.7199999999996,537.3899999999995,699
2026-07-13T17:15:00+00:00,537.3899999999995,537.4399999999996,535.5699999999996,536.6799999999996,815
2026-07-13T17:20:00+00:00,536.6799999999996,537.1999999999996,535.5599999999996,535.9299999999996,722
2026-07-13T17:25:00+00:00,535.9299999999996,536.9799999999996,535.0599999999996,536.8799999999995,764
2026-07-13T17:30:00+00:00,536.8799999999995,538.9599999999996,536.4999999999995,538.0299999999995,870
2026-07-13T17:35:00+00:00,538.0299999999995,538.2799999999995,535.6399999999995,535.9499999999996,812
2026-07-13T17:40:00+00:00,535.9499999999996,536.5099999999995,534.9799999999996,536.1599999999995,623
2026-07-13T17:45:00+00:00,536.1599999999995,536.6499999999995,534.0399999999996,534.0399999999996,612
2026-07-13T17:50:00+00:00,534.0399999999996,534.5199999999995,533.4399999999996,533.9799999999996,728
2026-07-13T17:55:00+00:00,533.9799999999996,535.7099999999996,533.8499999999996,535.0599999999996,759
2026-07-13T18:00:00+00:00,535.0599999999996,536.8499999999996,534.4399999999996,535.6799999999996,844
2026-07-13T18:05:00+00:00,535.6799999999996,537.3899999999995,535.6799999999996,536.0699999999996,756
2026-07-13T18:10:00+00:00,536.0699999999996,536.7699999999995,534.6499999999995,536.7699999999995,819
2026-07-13T18:15:00+00:00,536.7699999999995,537.0299999999995,534.6799999999996,535.4099999999995,633
2026-07-13T18:20:00+00:00,535.4099999999995,535.8999999999995,534.6299999999995,535.4799999999996,700
2026-07-13T18:25:00+00:00,535.4799999999996,535.5299999999995,533.9299999999996,533.9399999999996,759
2026-07-13T18:30:00+00:00,533.9399999999996,535.0199999999995,532.9399999999996,533.5299999999995,909
2026-07-13T18:35:00+00:00,533.5299999999995,535.3099999999996,533.5199999999995,534.4299999999996,701
2026-07-13T18:40:00+00:00,534.4299999999996,535.2699999999995,534.2399999999996,534.5399999999996,494
2026-07-13T18:45:00+00:00,534.5399999999996,535.5599999999996,534.5299999999995,535.3499999999996,539
2026-07-13T18:50:00+00:00,535.3499999999996,535.9099999999995,534.6799999999996,534.8899999999995,597
2026-07-13T18:55:00+00:00,534.8899999999995,535.0199999999995,533.2299999999996,534.0899999999996,556
2026-07-13T19:00:00+00:00,534.0899999999996,536.0899999999996,533.3699999999995,536.0299999999995,715
2026-07-13T19:05:00+00:00,536.0299999999995,536.7299999999996,533.1299999999995,533.1399999999995,792
2026-07-13T19:10:00+00:00,533.1399999999995,533.7899999999996,532.4299999999996,533.1999999999996,881
2026-07-13T19:15:00+00:00,533.1999999999996,533.5999999999996,532.4399999999996,532.4499999999996,682
2026-07-13T19:20:00+00:00,532.4499999999996,532.9399999999996,530.6799999999996,530.9699999999996,726
2026-07-13T19:25:00+00:00,530.9699999999996,532.1699999999996,530.7999999999996,531.9699999999996,578
2026-07-13T19:30:00+00:00,531.9699999999996,534.8099999999996,531.5899999999996,533.4399999999996,1382
2026-07-13T19:35:00+00:00,533.4399999999996,533.4499999999996,531.6799999999996,532.2299999999996,890
2026-07-13T19:40:00+00:00,532.2299999999996,534.5899999999996,531.9299999999996,533.9799999999996,902
2026-07-13T19:45:00+00:00,533.9799999999996,534.9799999999996,532.8799999999995,534.8299999999996,671
2026-07-13T19:50:00+00:00,534.8299999999996,536.5899999999996,532.9999999999995,533.4999999999995,1109
2026-07-13T19:55:00+00:00,533.4999999999995,534.3699999999995,530.5399999999996,532.8399999999996,1813
2026-07-14T13:30:00+00:00,532.8399999999996,572.1799999999996,532.8399999999996,560.7199999999996,2375
2026-07-14T13:35:00+00:00,560.7199999999996,562.5599999999996,558.5299999999995,560.4499999999996,1983
2026-07-14T13:40:00+00:00,560.4499999999996,561.3399999999996,551.2599999999995,554.4499999999996,1730
2026-07-14T13:45:00+00:00,554.4499999999996,558.2299999999996,554.4399999999996,556.6999999999996,1745
2026-07-14T13:50:00+00:00,556.6999999999996,558.2399999999996,553.3299999999996,554.8599999999996,1976
2026-07-14T13:55:00+00:00,554.8599999999996,554.8699999999995,552.4499999999996,553.4299999999996,1789
2026-07-14T14:00:00+00:00,553.4299999999996,555.0399999999996,551.6599999999995,553.9899999999996,1757
2026-07-14T14:05:00+00:00,553.9899999999996,554.0099999999995,547.8299999999996,549.4499999999996,1843
2026-07-14T14:10:00+00:00,549.4499999999996,553.3099999999996,548.4599999999996,550.8799999999995,1531
2026-07-14T14:15:00+00:00,550.8799999999995,551.1599999999995,546.7999999999996,548.6299999999995,1416
2026-07-14T14:20:00+00:00,548.6299999999995,551.6399999999995,548.4599999999996,548.6399999999995,1453
2026-07-14T14:25:00+00:00,548.6399999999995,551.8599999999996,546.1099999999996,547.7199999999996,1968
2026-07-14T14:30:00+00:00,547.7199999999996,553.0899999999996,546.1199999999995,552.0999999999996,1969
2026-07-14T14:35:00+00:00,552.0999999999996,552.8399999999996,550.4499999999996,552.0899999999996,1329
2026-07-14T14:40:00+00:00,552.0899999999996,552.6799999999996,549.5599999999996,549.9099999999995,882
2026-07-14T14:45:00+00:00,549.9099999999995,551.1899999999996,547.2299999999996,547.2799999999995,1166
2026-07-14T14:50:00+00:00,547.2799999999995,551.4499999999996,547.1499999999995,551.3499999999996,740
2026-07-14T14:55:00+00:00,551.3499999999996,554.1899999999996,551.0799999999996,553.5899999999996,688
2026-07-14T15:00:00+00:00,553.5899999999996,558.1699999999996,553.5699999999996,557.4499999999996,1224
2026-07-14T15:05:00+00:00,557.4499999999996,562.4399999999996,556.9599999999996,562.0699999999996,982
2026-07-14T15:10:00+00:00,562.0699999999996,562.0699999999996,559.5599999999996,559.8599999999996,731
2026-07-14T15:15:00+00:00,559.8599999999996,563.5299999999995,559.8599999999996,561.5999999999996,1002
2026-07-14T15:20:00+00:00,561.5999999999996,564.9799999999996,561.4299999999996,564.9499999999996,633
2026-07-14T15:25:00+00:00,564.9499999999996,565.7799999999995,564.0799999999996,564.9899999999996,626
2026-07-14T15:30:00+00:00,564.9899999999996,565.2599999999995,562.6199999999995,563.0099999999995,812
2026-07-14T15:35:00+00:00,563.0099999999995,564.6099999999996,562.7499999999995,563.4599999999996,836
2026-07-14T15:40:00+00:00,563.4599999999996,563.4699999999996,561.1699999999996,561.9499999999996,718
2026-07-14T15:45:00+00:00,561.9499999999996,563.1099999999996,561.1599999999995,561.4499999999996,641
2026-07-14T15:50:00+00:00,561.4499999999996,561.5499999999996,558.4399999999996,558.5399999999996,745
2026-07-14T15:55:00+00:00,558.5399999999996,560.2699999999995,558.4499999999996,558.7199999999996,798
2026-07-14T16:00:00+00:00,558.7199999999996,559.3999999999995,554.5799999999996,555.3699999999995,1027
2026-07-14T16:05:00+00:00,555.3699999999995,555.7199999999996,552.4899999999996,553.4399999999996,810
2026-07-14T16:10:00+00:00,553.4399999999996,553.6999999999996,551.9399999999996,551.9999999999995,721
2026-07-14T16:15:00+00:00,551.9999999999995,553.1999999999996,550.4499999999996,553.1799999999996,875
2026-07-14T16:20:00+00:00,553.1799999999996,553.6699999999996,551.5899999999996,552.4399999999996,967
2026-07-14T16:25:00+00:00,552.4399999999996,554.2599999999995,552.4399999999996,554.0299999999995,485
2026-07-14T16:30:00+00:00,554.0299999999995,554.0299999999995,551.4399999999996,552.9499999999996,464
2026-07-14T16:35:00+00:00,552.9499999999996,553.7799999999995,551.9699999999996,552.7799999999995,490
2026-07-14T16:40:00+00:00,552.7799999999995,554.7299999999996,552.4399999999996,553.9499999999996,401
2026-07-14T16:45:00+00:00,553.9499999999996,554.6199999999995,552.4299999999996,553.2999999999996,478
2026-07-14T16:50:00+00:00,553.2999999999996,553.9499999999996,552.9299999999996,552.9299999999996,241
2026-07-14T16:55:00+00:00,552.9299999999996,553.8099999999996,552.9299999999996,553.6499999999995,239
2026-07-14T17:00:00+00:00,553.6499999999995,554.3399999999996,552.1299999999995,552.1699999999996,281
2026-07-14T17:05:00+00:00,552.1699999999996,553.6399999999995,552.1599999999995,553.4499999999996,450
2026-07-14T17:10:00+00:00,553.4499999999996,554.0699999999996,552.7499999999995,552.8399999999996,320
2026-07-14T17:15:00+00:00,552.8399999999996,554.8899999999995,552.7299999999996,554.6999999999996,446
2026-07-14T17:20:00+00:00,554.6999999999996,556.0599999999996,554.6699999999996,555.0899999999996,225
2026-07-14T17:25:00+00:00,555.0899999999996,555.3799999999995,554.1299999999995,554.4299999999996,183
2026-07-14T17:30:00+00:00,554.4299999999996,554.6499999999995,552.7399999999996,553.4299999999996,254
2026-07-14T17:35:00+00:00,553.4299999999996,554.2399999999996,552.3199999999996,553.6399999999995,320
2026-07-14T17:40:00+00:00,553.6399999999995,554.0799999999996,552.9399999999996,552.9699999999996,241
2026-07-14T17:45:00+00:00,552.9699999999996,553.8299999999996,552.6399999999995,553.6799999999996,200
2026-07-14T17:50:00+00:00,553.6799999999996,554.9899999999996,553.6799999999996,553.7999999999996,168
2026-07-14T17:55:00+00:00,553.7999999999996,554.3999999999995,553.5699999999996,554.0199999999995,302
2026-07-14T18:00:00+00:00,554.0199999999995,554.1699999999996,552.4399999999996,552.8299999999996,436
2026-07-14T18:05:00+00:00,552.8299999999996,553.1399999999995,551.9399999999996,552.9499999999996,268
2026-07-14T18:10:00+00:00,552.9499999999996,553.2699999999995,552.4399999999996,553.0999999999996,292
2026-07-14T18:15:00+00:00,553.0999999999996,553.3499999999996,552.6299999999995,553.1999999999996,276
2026-07-14T18:20:00+00:00,553.1999999999996,553.1999999999996,551.6299999999995,551.6299999999995,203
2026-07-14T18:25:00+00:00,551.6299999999995,553.0999999999996,551.4299999999996,551.9799999999996,293
2026-07-14T18:30:00+00:00,551.9799999999996,552.8199999999996,551.9799999999996,552.6999999999996,351
2026-07-14T18:35:00+00:00,552.6999999999996,553.4799999999996,552.0299999999995,553.0499999999996,479
2026-07-14T18:40:00+00:00,553.0499999999996,553.0599999999996,550.4299999999996,551.1799999999996,671
2026-07-14T18:45:00+00:00,551.1799999999996,551.8199999999996,549.4299999999996,549.4299999999996,309
2026-07-14T18:50:00+00:00,549.4299999999996,550.9499999999996,549.4299999999996,550.7199999999996,315
2026-07-14T18:55:00+00:00,550.7199999999996,550.8999999999995,550.1399999999995,550.2799999999995,310
2026-07-14T19:00:00+00:00,550.2799999999995,550.2799999999995,548.3399999999996,548.4299999999996,542
2026-07-14T19:05:00+00:00,548.4299999999996,549.1699999999996,547.4199999999996,548.3199999999996,399
2026-07-14T19:10:00+00:00,548.3199999999996,550.6799999999996,548.3199999999996,549.6199999999995,487
2026-07-14T19:15:00+00:00,549.6199999999995,550.9899999999996,548.4499999999996,549.8699999999995,329
2026-07-14T19:20:00+00:00,549.8699999999995,551.6999999999996,549.5599999999996,550.9399999999996,461
2026-07-14T19:25:00+00:00,550.9399999999996,550.9899999999996,546.8299999999996,546.8599999999996,544
2026-07-14T19:30:00+00:00,546.8599999999996,548.0299999999995,545.1999999999996,547.6999999999996,924
2026-07-14T19:35:00+00:00,547.6999999999996,548.0799999999996,545.9499999999996,546.4399999999996,392
2026-07-14T19:40:00+00:00,546.4399999999996,547.6999999999996,545.8899999999995,546.4499999999996,416
2026-07-14T19:45:00+00:00,546.4499999999996,547.1199999999995,546.1799999999996,546.4499999999996,300
2026-07-14T19:50:00+00:00,546.4499999999996,549.5499999999996,545.2299999999996,547.1999999999996,888
2026-07-14T19:55:00+00:00,547.1999999999996,547.6699999999996,545.0299999999995,546.4399999999996,1183
2026-07-15T13:30:00+00:00,546.4399999999996,556.8599999999996,546.4399999999996,555.0999999999996,1977
2026-07-15T13:35:00+00:00,555.0999999999996,556.4899999999996,546.6899999999996,550.0499999999996,2144
2026-07-15T13:40:00+00:00,550.0499999999996,554.2999999999996,547.5999999999996,551.4299999999996,1516
2026-07-15T13:45:00+00:00,551.4299999999996,552.6499999999995,548.0299999999995,548.1799999999996,1601
2026-07-15T13:50:00+00:00,548.1799999999996,549.6299999999995,544.0399999999996,545.1199999999995,1773
2026-07-15T13:55:00+00:00,545.1199999999995,545.1199999999995,540.9599999999996,544.6099999999996,1734
2026-07-15T14:00:00+00:00,544.6099999999996,545.6299999999995,541.6299999999995,541.7099999999996,1595
2026-07-15T14:05:00+00:00,541.7099999999996,545.1499999999995,540.4299999999996,543.6999999999996,1466
2026-07-15T14:10:00+00:00,543.6999999999996,544.1799999999996,540.1699999999996,540.2099999999996,1510
2026-07-15T14:15:00+00:00,540.2099999999996,540.4599999999996,536.6299999999995,536.8699999999995,1469
2026-07-15T14:20:00+00:00,536.8699999999995,537.2699999999995,528.0399999999996,528.8199999999996,1774
2026-07-15T14:25:00+00:00,528.8199999999996,531.8099999999996,527.0299999999995,531.5799999999996,1735
2026-07-15T14:30:00+00:00,531.5799999999996,531.9999999999995,524.2199999999996,525.6899999999996,1851
2026-07-15T14:35:00+00:00,525.6899999999996,526.5999999999996,517.2299999999996,517.5199999999995,1715
2026-07-15T14:40:00+00:00,517.5199999999995,517.9099999999995,512.9599999999996,517.6499999999995,1727
2026-07-15T14:45:00+00:00,517.6499999999995,521.7899999999996,515.9399999999996,521.6199999999995,1496
2026-07-15T14:50:00+00:00,521.6199999999995,521.6899999999996,517.8799999999995,518.7099999999996,1309
2026-07-15T14:55:00+00:00,518.7099999999996,520.5399999999996,517.4299999999996,520.3799999999997,1212.1896361631752
2026-07-15T15:00:00+00:00,520.3799999999997,520.9699999999997,516.4099999999996,516.4199999999996,1151
2026-07-15T15:05:00+00:00,516.4199999999996,520.7999999999996,515.9999999999997,520.1399999999996,1002
2026-07-15T15:10:00+00:00,520.1399999999996,520.5899999999997,516.4799999999997,516.6799999999996,1136
2026-07-15T15:15:00+00:00,516.6799999999996,518.6899999999997,513.4699999999997,518.5099999999996,1727
2026-07-15T15:20:00+00:00,518.5099999999996,518.5299999999996,511.9799999999997,514.4499999999997,1525
2026-07-15T15:25:00+00:00,514.4499999999997,519.9699999999997,513.8999999999996,519.6899999999997,1509
2026-07-15T15:30:00+00:00,519.6899999999997,520.7199999999997,517.3299999999997,517.3999999999996,1215
2026-07-15T15:35:00+00:00,517.3999999999996,518.1999999999997,514.7899999999996,517.8499999999997,899
2026-07-15T15:40:00+00:00,517.8499999999997,518.5699999999997,516.4099999999996,516.8399999999997,700
2026-07-15T15:45:00+00:00,516.8399999999997,516.8499999999997,513.8299999999997,515.4999999999997,955
2026-07-15T15:50:00+00:00,515.4999999999997,515.8199999999997,513.8399999999997,515.3499999999997,709
2026-07-15T15:55:00+00:00,515.3499999999997,516.4299999999996,514.3299999999997,516.3699999999997,660
2026-07-15T16:00:00+00:00,516.3699999999997,517.0599999999996,513.4799999999997,513.8299999999997,818
2026-07-15T16:05:00+00:00,513.8299999999997,513.8599999999997,511.7999999999996,513.3399999999997,967
2026-07-15T16:10:00+00:00,513.3399999999997,513.5299999999996,510.8299999999997,510.88999999999965,955
2026-07-15T16:15:00+00:00,510.88999999999965,512.3599999999997,510.43999999999966,511.8299999999997,1050
2026-07-15T16:20:00+00:00,511.8299999999997,512.4499999999997,510.37999999999965,510.6099999999997,846
2026-07-15T16:25:00+00:00,510.6099999999997,512.6299999999997,510.5999999999997,512.4599999999997,960
2026-07-15T16:30:00+00:00,512.4599999999997,513.6399999999996,510.5999999999997,510.6799999999996,792
2026-07-15T16:35:00+00:00,510.6799999999996,510.8499999999997,509.12999999999965,509.42999999999967,855
2026-07-15T16:40:00+00:00,509.42999999999967,510.5599999999996,507.87999999999965,510.33999999999963,836
2026-07-15T16:45:00+00:00,510.33999999999963,514.8299999999997,509.95999999999964,513.8499999999997,1000
2026-07-15T16:50:00+00:00,513.8499999999997,517.1199999999997,513.6699999999996,515.5099999999996,834
2026-07-15T16:55:00+00:00,515.5099999999996,517.0499999999996,514.0299999999996,517.0399999999996,737
2026-07-15T17:00:00+00:00,517.0399999999996,518.9199999999996,516.4399999999997,517.5399999999996,674
2026-07-15T17:05:00+00:00,517.5399999999996,519.6899999999997,517.4499999999997,518.9899999999997,597
2026-07-15T17:10:00+00:00,518.9899999999997,520.2699999999996,518.3399999999997,518.8599999999997,688
2026-07-15T17:15:00+00:00,518.8599999999997,522.4199999999996,518.6199999999997,521.9799999999997,624
2026-07-15T17:20:00+00:00,521.9799999999997,524.7799999999996,521.3399999999997,524.2199999999997,1010
2026-07-15T17:25:00+00:00,524.2199999999997,525.3699999999997,523.8399999999997,524.9099999999996,704
2026-07-15T17:30:00+00:00,524.9099999999996,525.8799999999997,523.6699999999996,525.8399999999997,799
2026-07-15T17:35:00+00:00,525.8399999999997,526.5299999999996,524.9899999999997,526.0499999999996,591
2026-07-15T17:40:00+00:00,526.0499999999996,526.6299999999997,525.1299999999997,526.3499999999997,540
2026-07-15T17:45:00+00:00,526.3499999999997,528.8099999999996,526.0799999999997,528.5199999999996,736
2026-07-15T17:50:00+00:00,528.5199999999996,528.8699999999997,527.3399999999997,528.2599999999996,686
2026-07-15T17:55:00+00:00,528.2599999999996,529.9099999999996,527.9099999999996,528.7599999999996,627
2026-07-15T18:00:00+00:00,528.7599999999996,530.1699999999996,528.5299999999996,528.9999999999997,679
2026-07-15T18:05:00+00:00,528.9999999999997,530.1399999999996,528.6299999999997,529.9199999999996,422
2026-07-15T18:10:00+00:00,529.9199999999996,530.6499999999996,528.7499999999997,528.8799999999997,603
2026-07-15T18:15:00+00:00,528.8799999999997,528.9599999999997,526.3799999999997,527.8799999999997,796
2026-07-15T18:20:00+00:00,527.8799999999997,530.6099999999997,527.8099999999996,530.4299999999996,479
2026-07-15T18:25:00+00:00,530.4299999999996,530.6699999999996,529.5399999999996,529.8099999999996,521
2026-07-15T18:30:00+00:00,529.8099999999996,530.2899999999996,529.3299999999997,529.5399999999996,534
2026-07-15T18:35:00+00:00,529.5399999999996,529.6499999999996,527.1999999999997,527.1999999999997,592
2026-07-15T18:40:00+00:00,527.1999999999997,528.4199999999996,526.7299999999997,526.9599999999997,477
2026-07-15T18:45:00+00:00,526.9599999999997,527.5699999999997,525.7999999999996,526.5099999999996,717
2026-07-15T18:50:00+00:00,526.5099999999996,526.5099999999996,523.8399999999997,525.0199999999996,643
2026-07-15T18:55:00+00:00,525.0199999999996,525.3599999999997,522.5499999999996,523.8599999999997,849
2026-07-15T19:00:00+00:00,523.8599999999997,526.1799999999996,523.3399999999997,525.8799999999997,842
2026-07-15T19:05:00+00:00,525.8799999999997,527.3499999999997,524.1599999999996,524.4999999999997,807
2026-07-15T19:10:00+00:00,524.4999999999997,526.2199999999997,524.3399999999997,525.8199999999997,754
2026-07-15T19:15:00+00:00,525.8199999999997,526.2799999999996,524.3699999999997,524.3899999999996,649
2026-07-15T19:20:00+00:00,524.3899999999996,524.5199999999996,522.4299999999996,523.3399999999997,803
2026-07-15T19:25:00+00:00,523.3399999999997,526.9399999999997,522.3399999999997,526.5099999999996,1032
2026-07-15T19:30:00+00:00,526.5099999999996,529.1199999999997,525.3299999999997,525.8699999999997,1573
2026-07-15T19:35:00+00:00,525.8699999999997,526.4999999999997,524.5399999999996,526.3399999999997,840
2026-07-15T19:40:00+00:00,526.3399999999997,528.9399999999997,526.1499999999996,528.3699999999997,799
2026-07-15T19:45:00+00:00,528.3699999999997,528.5099999999996,526.8499999999997,526.9299999999996,823
2026-07-15T19:50:00+00:00,526.9299999999996,528.9799999999997,526.3899999999996,526.6299999999997,1188
2026-07-15T19:55:00+00:00,526.6299999999997,528.2799999999996,525.7299999999997,527.3699999999997,1409
2026-07-16T13:30:00+00:00,527.3699999999997,527.3699999999997,506.29999999999967,513.3499999999997,2203
2026-07-16T13:35:00+00:00,513.3499999999997,514.3699999999997,509.63999999999965,511.1899999999997,2485
2026-07-16T13:40:00+00:00,511.1899999999997,514.6999999999997,505.56999999999965,506.61999999999966,2566
2026-07-16T13:45:00+00:00,506.61999999999966,509.73999999999967,504.88999999999965,506.01999999999964,2469
2026-07-16T13:50:00+00:00,506.01999999999964,511.6799999999996,505.99999999999966,506.3599999999997,2593
2026-07-16T13:55:00+00:00,506.3599999999997,509.06999999999965,504.3599999999997,508.38999999999965,2595
2026-07-16T14:00:00+00:00,508.38999999999965,510.88999999999965,506.6099999999997,508.3499999999997,2204
2026-07-16T14:05:00+00:00,508.3499999999997,515.4999999999997,507.32999999999964,514.5299999999996,2357
2026-07-16T14:10:00+00:00,514.5299999999996,516.3899999999996,512.8399999999997,514.6899999999997,1972
2026-07-16T14:15:00+00:00,514.6899999999997,515.2199999999997,510.43999999999966,511.5399999999996,2075
2026-07-16T14:20:00+00:00,511.5399999999996,511.9199999999996,503.45999999999964,507.29999999999967,1800
2026-07-16T14:25:00+00:00,507.29999999999967,510.06999999999965,505.87999999999965,510.00999999999965,1735
2026-07-16T14:30:00+00:00,510.00999999999965,511.0899999999997,507.82999999999964,510.2299999999997,1466
2026-07-16T14:35:00+00:00,510.2299999999997,512.4499999999997,508.73999999999967,509.67999999999967,1515
2026-07-16T14:40:00+00:00,509.67999999999967,510.27999999999963,508.31999999999965,508.86999999999966,1443
2026-07-16T14:45:00+00:00,508.86999999999966,509.89999999999964,508.02999999999963,508.04999999999967,1489
2026-07-16T14:50:00+00:00,508.04999999999967,508.0999999999997,504.64999999999964,505.79999999999967,1425
2026-07-16T14:55:00+00:00,505.79999999999967,508.2299999999997,504.44999999999965,507.9799999999997,1533
2026-07-16T15:00:00+00:00,507.9799999999997,510.5699999999997,507.74999999999966,508.95999999999964,1442
2026-07-16T15:05:00+00:00,508.95999999999964,508.9799999999997,505.83999999999963,507.06999999999965,1627
2026-07-16T15:10:00+00:00,507.06999999999965,507.06999999999965,503.44999999999965,504.7199999999997,841
2026-07-16T15:15:00+00:00,504.7199999999997,506.57999999999964,503.8499999999997,506.3499999999997,793
2026-07-16T15:20:00+00:00,506.3499999999997,506.3499999999997,504.38999999999965,506.04999999999967,900
2026-07-16T15:25:00+00:00,506.04999999999967,508.37999999999965,505.79999999999967,507.0399999999997,1238
2026-07-16T15:30:00+00:00,507.0399999999997,508.1099999999997,505.4199999999997,507.2299999999997,1277
2026-07-16T15:35:00+00:00,507.2299999999997,508.80999999999966,506.02999999999963,507.94999999999965,1135
2026-07-16T15:40:00+00:00,507.94999999999965,507.94999999999965,505.32999999999964,506.1699999999997,1163
2026-07-16T15:45:00+00:00,506.1699999999997,506.1699999999997,503.45999999999964,505.30999999999966,1134
2026-07-16T15:50:00+00:00,505.30999999999966,506.77999999999963,504.58999999999963,506.61999999999966,944
2026-07-16T15:55:00+00:00,506.61999999999966,506.69999999999965,504.82999999999964,504.83999999999963,949
2026-07-16T16:00:00+00:00,504.83999999999963,504.89999999999964,502.32999999999964,502.33999999999963,743
2026-07-16T16:05:00+00:00,502.33999999999963,502.74999999999966,501.23999999999967,502.32999999999964,795
2026-07-16T16:10:00+00:00,502.32999999999964,502.3499999999997,499.4099999999997,499.4099999999997,683
2026-07-16T16:15:00+00:00,499.4099999999997,499.4199999999997,497.43999999999966,498.8599999999997,840
2026-07-16T16:20:00+00:00,498.8599999999997,498.8599999999997,497.00999999999965,497.8599999999997,935
2026-07-16T16:25:00+00:00,497.8599999999997,499.4099999999997,497.14999999999964,498.6599999999997,1084
2026-07-16T16:30:00+00:00,498.6599999999997,499.9199999999997,497.42999999999967,498.83999999999963,760
2026-07-16T16:35:00+00:00,498.83999999999963,499.92999999999967,497.58999999999963,498.8599999999997,813
2026-07-16T16:40:00+00:00,498.8599999999997,500.38999999999965,498.42999999999967,499.0399999999997,514
2026-07-16T16:45:00+00:00,499.0399999999997,499.4099999999997,496.4799999999997,497.06999999999965,918
2026-07-16T16:50:00+00:00,497.06999999999965,498.88999999999965,496.51999999999964,498.4099999999997,902
2026-07-16T16:55:00+00:00,498.4099999999997,501.6699999999997,498.33999999999963,500.1599999999997,950
2026-07-16T17:00:00+00:00,500.1599999999997,500.39999999999964,497.57999999999964,498.08999999999963,946
2026-07-16T17:05:00+00:00,498.08999999999963,499.58999999999963,496.4799999999997,498.68999999999966,899
2026-07-16T17:10:00+00:00,498.68999999999966,499.48999999999967,496.4799999999997,496.61999999999966,733
2026-07-16T17:15:00+00:00,496.61999999999966,497.26999999999964,494.81999999999965,495.93999999999966,661
2026-07-16T17:20:00+00:00,495.93999999999966,496.13999999999965,494.4199999999997,495.2199999999997,725
2026-07-16T17:25:00+00:00,495.2199999999997,496.4799999999997,494.4099999999997,495.98999999999967,909
2026-07-16T17:30:00+00:00,495.98999999999967,496.48999999999967,494.3499999999997,494.36999999999966,643
2026-07-16T17:35:00+00:00,494.36999999999966,494.80999999999966,492.32999999999964,492.44999999999965,567
2026-07-16T17:40:00+00:00,492.44999999999965,492.44999999999965,490.3499999999997,490.37999999999965,525
2026-07-16T17:45:00+00:00,490.37999999999965,492.3499999999997,490.08999999999963,491.45999999999964,597
2026-07-16T17:50:00+00:00,491.45999999999964,492.2199999999997,490.7299999999997,491.08999999999963,542
2026-07-16T17:55:00+00:00,491.08999999999963,491.81999999999965,490.13999999999965,491.5999999999997,394
2026-07-16T18:00:00+00:00,491.5999999999997,492.63999999999965,491.11999999999966,491.4199999999997,508
2026-07-16T18:05:00+00:00,491.4199999999997,493.2299999999997,491.4099999999997,492.89999999999964,494
2026-07-16T18:10:00+00:00,492.89999999999964,494.7899999999997,492.74999999999966,492.8599999999997,774
2026-07-16T18:15:00+00:00,492.8599999999997,495.29999999999967,492.00999999999965,494.81999999999965,816
2026-07-16T18:20:00+00:00,494.81999999999965,496.9099999999997,494.81999999999965,496.42999999999967,728
2026-07-16T18:25:00+00:00,496.42999999999967,497.1099999999997,495.0999999999997,495.5999999999997,684
2026-07-16T18:30:00+00:00,495.5999999999997,495.6599999999997,493.76999999999964,493.87999999999965,606
2026-07-16T18:35:00+00:00,493.87999999999965,494.07999999999964,492.56999999999965,493.42999999999967,522
2026-07-16T18:40:00+00:00,493.42999999999967,494.37999999999965,492.42999999999967,493.83999999999963,644
2026-07-16T18:45:00+00:00,493.83999999999963,494.27999999999963,492.27999999999963,493.6699999999997,578
2026-07-16T18:50:00+00:00,493.6699999999997,493.81999999999965,492.94999999999965,493.63999999999965,465
2026-07-16T18:55:00+00:00,493.63999999999965,493.69999999999965,492.3499999999997,493.3599999999997,432
2026-07-16T19:00:00+00:00,493.3599999999997,495.54999999999967,493.23999999999967,494.89999999999964,667
2026-07-16T19:05:00+00:00,494.89999999999964,495.30999999999966,491.37999999999965,493.56999999999965,935
2026-07-16T19:10:00+00:00,493.56999999999965,494.87999999999965,493.06999999999965,494.56999999999965,615
2026-07-16T19:15:00+00:00,494.56999999999965,495.06999999999965,493.4799999999997,493.80999999999966,427
2026-07-16T19:20:00+00:00,493.80999999999966,495.43999999999966,493.17999999999967,493.93999999999966,601
2026-07-16T19:25:00+00:00,493.93999999999966,495.7899999999997,491.4099999999997,495.07999999999964,820
2026-07-16T19:30:00+00:00,495.07999999999964,496.68999999999966,493.32999999999964,495.57999999999964,916
2026-07-16T19:35:00+00:00,495.57999999999964,495.77999999999963,494.20999999999964,495.2199999999997,595
2026-07-16T19:40:00+00:00,495.2199999999997,496.0399999999997,494.20999999999964,495.13999999999965,714
2026-07-16T19:45:00+00:00,495.13999999999965,495.75999999999965,493.6099999999997,494.42999999999967,594
2026-07-16T19:50:00+00:00,494.42999999999967,497.31999999999965,494.33999999999963,496.25999999999965,1558
2026-07-16T19:55:00+00:00,496.25999999999965,499.92999999999967,496.25999999999965,499.39999999999964,2070
2026-07-17T13:30:00+00:00,499.39999999999964,499.39999999999964,467.6699999999997,468.6599999999997,2440
2026-07-17T13:35:00+00:00,468.6599999999997,470.18999999999966,460.6599999999997,461.04999999999967,2519
2026-07-17T13:40:00+00:00,461.04999999999967,466.8499999999997,458.50999999999965,460.3499999999997,1841
2026-07-17T13:45:00+00:00,460.3499999999997,462.8499999999997,458.50999999999965,461.58999999999963,2066
2026-07-17T13:50:00+00:00,461.58999999999963,469.50999999999965,459.62999999999965,468.3499999999997,2240
2026-07-17T13:55:00+00:00,468.3499999999997,475.06999999999965,467.73999999999967,474.32999999999964,2245
2026-07-17T14:00:00+00:00,474.32999999999964,482.32999999999964,473.82999999999964,477.3599999999997,1837
2026-07-17T14:05:00+00:00,477.3599999999997,487.54999999999967,477.3599999999997,486.36999999999966,1659
2026-07-17T14:10:00+00:00,486.36999999999966,491.0399999999997,485.33999999999963,486.8499999999997,2433
2026-07-17T14:15:00+00:00,486.8499999999997,491.4699999999997,483.94999999999965,488.3499999999997,2065
2026-07-17T14:20:00+00:00,488.3499999999997,490.37999999999965,486.32999999999964,488.89999999999964,2885
2026-07-17T14:25:00+00:00,488.89999999999964,490.63999999999965,486.33999999999963,487.17999999999967,2567
2026-07-17T14:30:00+00:00,487.17999999999967,487.55999999999966,481.7899999999997,483.89999999999964,2713
2026-07-17T14:35:00+00:00,483.89999999999964,490.6699999999997,483.5999999999997,489.6099999999997,1469
2026-07-17T14:40:00+00:00,489.6099999999997,489.82999999999964,485.36999999999966,486.67999999999967,1904
2026-07-17T14:45:00+00:00,486.67999999999967,488.80999999999966,483.55999999999966,487.05999999999966,2211
2026-07-17T14:50:00+00:00,487.05999999999966,489.76999999999964,485.9799999999997,485.99999999999966,1943
2026-07-17T14:55:00+00:00,485.99999999999966,487.95999999999964,483.56999999999965,483.60999999999973,1700.2682683928795
2026-07-17T15:00:00+00:00,483.60999999999973,485.34999999999974,482.0799999999997,482.1299999999997,2086
2026-07-17T15:05:00+00:00,482.1299999999997,483.66999999999973,479.3399999999997,483.2599999999997,2210
2026-07-17T15:10:00+00:00,483.2599999999997,483.9899999999997,481.0799999999997,482.91999999999973,2147
2026-07-17T15:15:00+00:00,482.91999999999973,485.28999999999974,481.59999999999974,483.4999999999997,1993
2026-07-17T15:20:00+00:00,483.4999999999997,485.7999999999997,481.5799999999997,481.9499999999997,2022
2026-07-17T15:25:00+00:00,481.9499999999997,484.7799999999997,481.7699999999997,484.2399999999997,1469
2026-07-17T15:30:00+00:00,484.2399999999997,487.5899999999997,483.0799999999997,485.5499999999997,1769
2026-07-17T15:35:00+00:00,485.5499999999997,490.4299999999997,485.28999999999974,489.5699999999997,1685
2026-07-17T15:40:00+00:00,489.5699999999997,490.8399999999997,487.2099999999997,488.8799999999997,1709
2026-07-17T15:45:00+00:00,488.8799999999997,491.8899999999997,488.59999999999974,491.3099999999997,1445
2026-07-17T15:50:00+00:00,491.3099999999997,494.9299999999997,489.6299999999997,494.6299999999997,1357
2026-07-17T15:55:00+00:00,494.6299999999997,499.78999999999974,494.5799999999997,497.8099999999997,1671
2026-07-17T16:00:00+00:00,497.8099999999997,499.5099999999997,495.59999999999974,498.1499999999997,2184
2026-07-17T16:05:00+00:00,498.1499999999997,500.15999999999974,495.78999999999974,499.7399999999997,1447
2026-07-17T16:10:00+00:00,499.7399999999997,501.3099999999997,498.0899999999997,500.35999999999973,1197
2026-07-17T16:15:00+00:00,500.35999999999973,501.4499999999997,498.5899999999997,500.41999999999973,1424
2026-07-17T16:20:00+00:00,500.41999999999973,500.6499999999997,496.5699999999997,496.7799999999997,1422
2026-07-17T16:25:00+00:00,496.7799999999997,498.9899999999997,496.5699999999997,497.3699999999997,1433
2026-07-17T16:30:00+00:00,497.3699999999997,498.2499999999997,495.34999999999974,496.4299999999997,1401
2026-07-17T16:35:00+00:00,496.4299999999997,497.8299999999997,496.0799999999997,496.6999999999997,1224
2026-07-17T16:40:00+00:00,496.6999999999997,499.4499999999997,495.7699999999997,499.4499999999997,1002
2026-07-17T16:45:00+00:00,499.4499999999997,500.47999999999973,498.6999999999997,499.5799999999997,1201
2026-07-17T16:50:00+00:00,499.5799999999997,501.60999999999973,499.1499999999997,500.7799999999997,1131
2026-07-17T16:55:00+00:00,500.7799999999997,501.1999999999997,498.0899999999997,499.2599999999997,1175
2026-07-17T17:00:00+00:00,499.2599999999997,501.3899999999997,498.8299999999997,499.60999999999973,1226
2026-07-17T17:05:00+00:00,499.60999999999973,500.5199999999997,499.0799999999997,499.8199999999997,1111
2026-07-17T17:10:00+00:00,499.8199999999997,500.7099999999997,497.8799999999997,498.0799999999997,1146
2026-07-17T17:15:00+00:00,498.0799999999997,500.2499999999997,497.46999999999974,499.2699999999997,1256
2026-07-17T17:20:00+00:00,499.2699999999997,500.03999999999974,498.3399999999997,499.8399999999997,937
2026-07-17T17:25:00+00:00,499.8399999999997,503.09999999999974,499.8399999999997,502.60999999999973,595
2026-07-17T17:30:00+00:00,502.60999999999973,503.8199999999997,502.47999999999973,502.5799999999997,614
2026-07-17T17:35:00+00:00,502.5799999999997,502.71999999999974,500.1499999999997,501.3299999999997,742
2026-07-17T17:40:00+00:00,501.3299999999997,501.4999999999997,500.1399999999997,500.3799999999997,1138
2026-07-17T17:45:00+00:00,500.3799999999997,501.6399999999997,500.16999999999973,500.9299999999997,759
2026-07-17T17:50:00+00:00,500.9299999999997,501.22999999999973,499.1899999999997,499.85999999999973,915
2026-07-17T17:55:00+00:00,499.85999999999973,499.9499999999997,497.1199999999997,497.7699999999997,852
2026-07-17T18:00:00+00:00,497.7699999999997,498.6999999999997,496.6399999999997,497.66999999999973,1037
2026-07-17T18:05:00+00:00,497.66999999999973,497.8299999999997,495.66999999999973,495.6999999999997,1007
2026-07-17T18:10:00+00:00,495.6999999999997,496.0599999999997,494.7099999999997,495.0199999999997,737
2026-07-17T18:15:00+00:00,495.0199999999997,495.8799999999997,493.3199999999997,494.3999999999997,732
2026-07-17T18:20:00+00:00,494.3999999999997,494.47999999999973,492.4999999999997,493.6799999999997,944
2026-07-17T18:25:00+00:00,493.6799999999997,494.8699999999997,492.5699999999997,494.6299999999997,751
2026-07-17T18:30:00+00:00,494.6299999999997,496.5299999999997,493.1499999999997,493.9499999999997,1110
2026-07-17T18:35:00+00:00,493.9499999999997,494.8299999999997,493.5799999999997,494.1899999999997,591
2026-07-17T18:40:00+00:00,494.1899999999997,494.41999999999973,492.0799999999997,492.66999999999973,664
2026-07-17T18:45:00+00:00,492.66999999999973,495.4899999999997,492.0799999999997,494.59999999999974,868
2026-07-17T18:50:00+00:00,494.59999999999974,496.16999999999973,493.8699999999997,496.0899999999997,898
2026-07-17T18:55:00+00:00,496.0899999999997,496.7999999999997,494.6899999999997,495.2699999999997,754
2026-07-17T19:00:00+00:00,495.2699999999997,495.6299999999997,494.4899999999997,494.6999999999997,627
2026-07-17T19:05:00+00:00,494.6999999999997,494.7599999999997,492.5799999999997,493.15999999999974,708
2026-07-17T19:10:00+00:00,493.15999999999974,493.28999999999974,490.5699999999997,490.6399999999997,724
2026-07-17T19:15:00+00:00,490.6399999999997,491.7099999999997,489.8699999999997,491.0799999999997,1112
2026-07-17T19:20:00+00:00,491.0799999999997,491.5299999999997,490.09999999999974,490.60999999999973,960
2026-07-17T19:25:00+00:00,490.60999999999973,494.0799999999997,490.0799999999997,493.5199999999997,1025
2026-07-17T19:30:00+00:00,493.5199999999997,495.90999999999974,493.2999999999997,494.09999999999974,1741
2026-07-17T19:35:00+00:00,494.09999999999974,495.1399999999997,491.5199999999997,491.6999999999997,1293
2026-07-17T19:40:00+00:00,491.6999999999997,493.35999999999973,491.0899999999997,492.5899999999997,1437
2026-07-17T19:45:00+00:00,492.5899999999997,496.3699999999997,492.2699999999997,495.91999999999973,1293
2026-07-17T19:50:00+00:00,495.91999999999973,498.5699999999997,495.3799999999997,497.7599999999997,1936
2026-07-17T19:55:00+00:00,497.7599999999997,498.46999999999974,491.91999999999973,493.7099999999997,1691
2026-07-20T13:30:00+00:00,493.7099999999997,516.1799999999996,493.7099999999997,514.9899999999997,2283
2026-07-20T13:35:00+00:00,514.9899999999997,519.6399999999996,513.0899999999997,517.1399999999996,1791
2026-07-20T13:40:00+00:00,517.1399999999996,520.3999999999996,516.1699999999996,518.8799999999997,1603
2026-07-20T13:45:00+00:00,518.8799999999997,519.6799999999996,516.0899999999997,516.0999999999997,956
2026-07-20T13:50:00+00:00,516.0999999999997,517.8799999999997,510.6799999999996,512.9199999999996,966
2026-07-20T13:55:00+00:00,512.9199999999996,512.9199999999996,508.08999999999963,509.6099999999997,824
2026-07-20T14:00:00+00:00,509.6099999999997,512.4699999999997,508.08999999999963,510.9699999999997,794
2026-07-20T14:05:00+00:00,510.9699999999997,511.8499999999997,509.1599999999997,510.62999999999965,775
2026-07-20T14:10:00+00:00,510.62999999999965,510.64999999999964,506.68999999999966,508.48999999999967,661
2026-07-20T14:15:00+00:00,508.48999999999967,510.13999999999965,507.27999999999963,508.80999999999966,628
2026-07-20T14:20:00+00:00,508.80999999999966,512.2099999999997,506.17999999999967,511.6099999999997,669
2026-07-20T14:25:00+00:00,511.6099999999997,513.8999999999996,511.2299999999997,513.5999999999997,842
2026-07-20T14:30:00+00:00,513.5999999999997,515.4299999999996,512.5799999999997,515.0899999999997,692
2026-07-20T14:35:00+00:00,515.0899999999997,516.8799999999997,512.1199999999997,513.1599999999996,827
2026-07-20T14:40:00+00:00,513.1599999999996,513.7499999999997,511.5799999999997,512.3099999999996,407
2026-07-20T14:45:00+00:00,512.3099999999996,513.2599999999996,508.88999999999965,509.98999999999967,718
2026-07-20T14:50:00+00:00,509.98999999999967,510.98999999999967,508.39999999999964,509.0999999999997,455
2026-07-20T14:55:00+00:00,509.0999999999997,509.44999999999965,504.73999999999967,505.70999999999964,515
2026-07-20T15:00:00+00:00,505.70999999999964,508.3499999999997,505.08999999999963,506.5999999999997,471
2026-07-20T15:05:00+00:00,506.5999999999997,508.7899999999997,504.1099999999997,508.4699999999997,591
2026-07-20T15:10:00+00:00,508.4699999999997,508.4699999999997,505.77999999999963,505.87999999999965,785
2026-07-20T15:15:00+00:00,505.87999999999965,508.39999999999964,505.3499999999997,506.99999999999966,505
2026-07-20T15:20:00+00:00,506.99999999999966,510.49999999999966,506.24999999999966,509.39999999999964,657
2026-07-20T15:25:00+00:00,509.39999999999964,510.1699999999997,507.2299999999997,509.81999999999965,680
2026-07-20T15:30:00+00:00,509.81999999999965,512.1699999999996,509.80999999999966,510.8599999999997,623
2026-07-20T15:35:00+00:00,510.8599999999997,511.8499999999997,510.2999999999996,510.2999999999996,442
2026-07-20T15:40:00+00:00,510.2999999999996,512.8499999999997,509.19999999999965,512.3399999999997,830
2026-07-20T15:45:00+00:00,512.3399999999997,512.5599999999996,510.8299999999997,510.89999999999964,379
2026-07-20T15:50:00+00:00,510.89999999999964,513.0999999999997,510.61999999999966,512.2199999999997,540
2026-07-20T15:55:00+00:00,512.2199999999997,513.6199999999997,512.0899999999997,512.2899999999996,522
2026-07-20T16:00:00+00:00,512.2899999999996,513.7899999999996,511.5799999999997,512.9799999999997,430
2026-07-20T16:05:00+00:00,512.9799999999997,515.9399999999997,512.9799999999997,514.9699999999997,413
2026-07-20T16:10:00+00:00,514.9699999999997,515.5799999999997,514.3399999999997,514.9299999999996,359
2026-07-20T16:15:00+00:00,514.9299999999996,515.4299999999996,514.0899999999997,514.9699999999997,373
2026-07-20T16:20:00+00:00,514.9699999999997,515.0699999999997,513.8899999999996,514.1599999999996,230
2026-07-20T16:25:00+00:00,514.1599999999996,514.4099999999996,512.3299999999997,512.6799999999996,299
2026-07-20T16:30:00+00:00,512.6799999999996,513.1099999999997,510.1699999999997,510.75999999999965,415
2026-07-20T16:35:00+00:00,510.75999999999965,510.88999999999965,509.6599999999997,510.49999999999966,329
2026-07-20T16:40:00+00:00,510.49999999999966,510.8599999999997,506.57999999999964,507.5999999999997,981
2026-07-20T16:45:00+00:00,507.5999999999997,509.36999999999966,507.36999999999966,509.0999999999997,414
2026-07-20T16:50:00+00:00,509.0999999999997,509.39999999999964,506.87999999999965,506.9699999999997,498
2026-07-20T16:55:00+00:00,506.9699999999997,508.0999999999997,506.07999999999964,508.0999999999997,663
2026-07-20T17:00:00+00:00,508.0999999999997,508.92999999999967,506.62999999999965,506.70999999999964,543
2026-07-20T17:05:00+00:00,506.70999999999964,507.7199999999997,506.17999999999967,507.58999999999963,277
2026-07-20T17:10:00+00:00,507.58999999999963,507.69999999999965,506.07999999999964,506.4199999999997,398
2026-07-20T17:15:00+00:00,506.4199999999997,508.6599999999997,506.08999999999963,508.45999999999964,319
2026-07-20T17:20:00+00:00,508.45999999999964,509.5999999999997,507.80999999999966,508.69999999999965,502
2026-07-20T17:25:00+00:00,508.69999999999965,510.08999999999963,508.67999999999967,509.5399999999997,399
2026-07-20T17:30:00+00:00,509.5399999999997,510.3299999999997,509.07999999999964,509.4799999999997,405
2026-07-20T17:35:00+00:00,509.4799999999997,510.20999999999964,508.57999999999964,508.57999999999964,709
2026-07-20T17:40:00+00:00,508.57999999999964,508.75999999999965,506.57999999999964,507.4199999999997,395
2026-07-20T17:45:00+00:00,507.4199999999997,508.9099999999997,507.07999999999964,508.67999999999967,486
2026-07-20T17:50:00+00:00,508.67999999999967,511.5499999999996,508.29999999999967,510.86999999999966,719
2026-07-20T17:55:00+00:00,510.86999999999966,511.39999999999964,510.08999999999963,510.6899999999997,351
2026-07-20T18:00:00+00:00,510.6899999999997,512.9699999999997,510.27999999999963,510.7099999999997,557
2026-07-20T18:05:00+00:00,510.7099999999997,513.9099999999996,510.7099999999997,513.9099999999996,501
2026-07-20T18:10:00+00:00,513.9099999999996,514.5999999999997,512.2799999999996,514.1999999999997,416
2026-07-20T18:15:00+00:00,514.1999999999997,514.8699999999997,513.3299999999997,513.5299999999996,278
2026-07-20T18:20:00+00:00,513.5299999999996,513.8599999999997,512.6999999999997,512.8899999999996,366
2026-07-20T18:25:00+00:00,512.8899999999996,514.5099999999996,512.0799999999997,513.6499999999996,313
2026-07-20T18:30:00+00:00,513.6499999999996,513.7799999999996,511.5899999999997,512.1499999999996,318
2026-07-20T18:35:00+00:00,512.1499999999996,513.3599999999997,511.0899999999997,512.2999999999996,352
2026-07-20T18:40:00+00:00,512.2999999999996,513.3699999999997,511.6699999999996,512.5799999999997,518
2026-07-20T18:45:00+00:00,512.5799999999997,512.8599999999997,510.61999999999966,510.61999999999966,577
2026-07-20T18:50:00+00:00,510.61999999999966,511.9699999999997,510.08999999999963,511.6899999999997,458
2026-07-20T18:55:00+00:00,511.6899999999997,512.1099999999997,510.08999999999963,511.1099999999997,505
2026-07-20T19:00:00+00:00,511.1099999999997,511.8099999999996,508.29999999999967,508.4099999999997,418
2026-07-20T19:05:00+00:00,508.4099999999997,509.0399999999997,507.77999999999963,508.6699999999997,563
2026-07-20T19:10:00+00:00,508.6699999999997,510.01999999999964,504.9799999999997,505.13999999999965,445
2026-07-20T19:15:00+00:00,505.13999999999965,506.9699999999997,504.39999999999964,505.43999999999966,611
2026-07-20T19:20:00+00:00,505.43999999999966,505.88999999999965,504.17999999999967,505.08999999999963,518
2026-07-20T19:25:00+00:00,505.08999999999963,507.26999999999964,504.1599999999997,506.51999999999964,878
2026-07-20T19:30:00+00:00,506.51999999999964,507.5999999999997,505.57999999999964,506.49999999999966,785
2026-07-20T19:35:00+00:00,506.49999999999966,506.55999999999966,505.14999999999964,505.95999999999964,514
2026-07-20T19:40:00+00:00,505.95999999999964,507.01999999999964,505.6099999999997,505.89999999999964,648
2026-07-20T19:45:00+00:00,505.89999999999964,506.37999999999965,504.87999999999965,505.64999999999964,889
2026-07-20T19:50:00+00:00,505.64999999999964,505.64999999999964,503.07999999999964,503.1099999999997,1107
2026-07-20T19:55:00+00:00,503.1099999999997,503.50999999999965,500.31999999999965,501.48999999999967,1649
2026-07-21T13:30:00+00:00,501.48999999999967,530.7499999999997,501.48999999999967,524.6099999999997,1688
2026-07-21T13:35:00+00:00,524.6099999999997,527.5699999999997,523.5399999999996,526.2699999999996,1405
2026-07-21T13:40:00+00:00,526.2699999999996,527.3899999999996,524.0999999999997,525.0699999999997,1441
2026-07-21T13:45:00+00:00,525.0699999999997,528.8799999999997,523.8099999999996,528.7099999999997,1427
2026-07-21T13:50:00+00:00,528.7099999999997,533.5199999999996,528.1599999999996,528.5999999999997,1119
2026-07-21T13:55:00+00:00,528.5999999999997,528.5999999999997,522.4099999999996,524.4699999999997,866
2026-07-21T14:00:00+00:00,524.4699999999997,526.7999999999996,522.2599999999996,522.7099999999997,846
2026-07-21T14:05:00+00:00,522.7099999999997,524.0799999999997,520.8099999999996,521.2999999999996,732
2026-07-21T14:10:00+00:00,521.2999999999996,524.8699999999997,520.7299999999997,523.9599999999997,699
2026-07-21T14:15:00+00:00,523.9599999999997,527.6899999999997,522.0899999999997,527.1899999999997,735
2026-07-21T14:20:00+00:00,527.1899999999997,528.3999999999996,525.9899999999997,526.5899999999997,661
2026-07-21T14:25:00+00:00,526.5899999999997,529.6099999999997,526.3299999999997,528.7699999999996,508
2026-07-21T14:30:00+00:00,528.7699999999996,531.0799999999997,528.2399999999997,530.4499999999997,535
2026-07-21T14:35:00+00:00,530.4499999999997,532.4499999999997,527.8699999999997,528.1499999999996,463
2026-07-21T14:40:00+00:00,528.1499999999996,528.2499999999997,525.3699999999997,527.8199999999997,483
2026-07-21T14:45:00+00:00,527.8199999999997,528.6699999999996,526.2199999999997,526.9499999999997,483
2026-07-21T14:50:00+00:00,526.9499999999997,527.8099999999996,526.2199999999997,527.3099999999996,377
2026-07-21T14:55:00+00:00,527.3099999999996,528.0799999999997,526.4299999999996,526.4499999999997,327
2026-07-21T15:00:00+00:00,526.4499999999997,526.4799999999997,524.0899999999997,526.0799999999997,758
2026-07-21T15:05:00+00:00,526.0799999999997,531.2299999999997,525.3399999999997,530.7699999999996,576
2026-07-21T15:10:00+00:00,530.7699999999996,534.0899999999997,530.6299999999997,533.5999999999997,397
2026-07-21T15:15:00+00:00,533.5999999999997,533.8899999999996,531.3799999999997,531.9099999999996,375
2026-07-21T15:20:00+00:00,531.9099999999996,533.0299999999996,531.0399999999996,532.6499999999996,411
2026-07-21T15:25:00+00:00,532.6499999999996,533.8499999999997,532.1999999999997,533.3299999999997,309
2026-07-21T15:30:00+00:00,533.3299999999997,533.3299999999997,531.6099999999997,533.1599999999996,277
2026-07-21T15:35:00+00:00,533.1599999999996,533.7499999999997,531.8399999999997,531.8399999999997,415
2026-07-21T15:40:00+00:00,531.8399999999997,532.8399999999997,531.1499999999996,531.8999999999996,326
2026-07-21T15:45:00+00:00,531.8999999999996,532.9899999999997,531.8999999999996,532.7599999999996,363
2026-07-21T15:50:00+00:00,532.7599999999996,533.4599999999997,530.1199999999997,530.1199999999997,269
2026-07-21T15:55:00+00:00,530.1199999999997,530.6699999999996,529.2199999999997,529.5899999999997,235
2026-07-21T16:00:00+00:00,529.5899999999997,531.7999999999996,529.5899999999997,531.3099999999996,247
2026-07-21T16:05:00+00:00,531.3099999999996,532.3699999999997,531.2999999999996,531.9699999999997,216
2026-07-21T16:10:00+00:00,531.9699999999997,532.8799999999997,531.5799999999997,531.5799999999997,234
2026-07-21T16:15:00+00:00,531.5799999999997,533.6599999999996,531.5799999999997,533.2299999999997,364
2026-07-21T16:20:00+00:00,533.2299999999997,535.8899999999996,532.8699999999997,535.5499999999996,425
2026-07-21T16:25:00+00:00,535.5499999999996,536.6299999999997,535.2999999999996,536.1899999999997,373
2026-07-21T16:30:00+00:00,536.1899999999997,536.5599999999996,534.5299999999996,535.7299999999997,327
2026-07-21T16:35:00+00:00,535.7299999999997,537.6699999999996,535.3899999999996,537.5599999999996,285
2026-07-21T16:40:00+00:00,537.5599999999996,537.7599999999996,536.7599999999996,537.5999999999997,265
2026-07-21T16:45:00+00:00,537.5999999999997,539.1799999999996,537.4399999999997,538.5999999999997,295
2026-07-21T16:50:00+00:00,538.5999999999997,541.0199999999996,538.5899999999997,540.2999999999996,264
2026-07-21T16:55:00+00:00,540.2999999999996,540.5099999999996,539.3799999999997,539.3799999999997,206
2026-07-21T17:00:00+00:00,539.3799999999997,540.6599999999996,539.3699999999997,540.5999999999997,234
2026-07-21T17:05:00+00:00,540.5999999999997,540.7599999999996,539.7799999999996,539.9299999999996,242
2026-07-21T17:10:00+00:00,539.9299999999996,540.0399999999996,538.7399999999997,538.7599999999996,235
2026-07-21T17:15:00+00:00,538.7599999999996,540.6699999999996,538.7399999999997,539.6099999999997,220
2026-07-21T17:20:00+00:00,539.6099999999997,539.9699999999997,539.2699999999996,539.4299999999996,177
2026-07-21T17:25:00+00:00,539.4299999999996,541.3999999999996,539.2499999999997,541.3899999999996,271
2026-07-21T17:30:00+00:00,541.3899999999996,542.4699999999997,540.9699999999997,541.2899999999996,249
2026-07-21T17:35:00+00:00,541.2899999999996,542.5999999999997,541.0799999999997,541.6299999999997,211
2026-07-21T17:40:00+00:00,541.6299999999997,541.7899999999996,540.7899999999996,540.9599999999997,149
2026-07-21T17:45:00+00:00,540.9599999999997,541.9799999999997,540.5399999999996,541.6499999999996,198
2026-07-21T17:50:00+00:00,541.6499999999996,542.2699999999996,540.6299999999997,541.1299999999997,229
2026-07-21T17:55:00+00:00,541.1299999999997,541.1299999999997,540.1999999999997,540.3799999999997,184
2026-07-21T18:00:00+00:00,540.3799999999997,541.2399999999997,540.3799999999997,540.7599999999996,249
2026-07-21T18:05:00+00:00,540.7599999999996,541.3499999999997,540.7299999999997,540.8599999999997,143
2026-07-21T18:10:00+00:00,540.8599999999997,541.1499999999996,539.2399999999997,539.2999999999996,234
2026-07-21T18:15:00+00:00,539.2999999999996,540.0899999999997,539.2799999999996,539.6099999999997,159
2026-07-21T18:20:00+00:00,539.6099999999997,541.5599999999996,539.5999999999997,541.1499999999996,203
2026-07-21T18:25:00+00:00,541.1499999999996,541.1499999999996,539.7699999999996,540.1599999999996,162
2026-07-21T18:30:00+00:00,540.1599999999996,541.2799999999996,539.9799999999997,540.9799999999997,195
2026-07-21T18:35:00+00:00,540.9799999999997,542.5399999999996,540.8599999999997,542.2899999999996,236
2026-07-21T18:40:00+00:00,542.2899999999996,543.7199999999997,541.8799999999997,543.7199999999997,304
2026-07-21T18:45:00+00:00,543.7199999999997,544.8899999999996,542.7299999999997,542.9199999999996,407
2026-07-21T18:50:00+00:00,542.9199999999996,543.4299999999996,542.0799999999997,542.0999999999997,209
2026-07-21T18:55:00+00:00,542.0999999999997,542.4099999999996,541.1299999999997,542.0899999999997,207
2026-07-21T19:00:00+00:00,542.0899999999997,542.3099999999996,539.7699999999996,540.2199999999997,296
2026-07-21T19:05:00+00:00,540.2199999999997,541.3499999999997,539.0999999999997,539.8399999999997,447
2026-07-21T19:10:00+00:00,539.8399999999997,540.3499999999997,539.0799999999997,539.0799999999997,254
2026-07-21T19:15:00+00:00,539.0799999999997,539.7899999999996,538.8099999999996,539.5999999999997,402
2026-07-21T19:20:00+00:00,539.5999999999997,539.9399999999997,539.0999999999997,539.3399999999997,239
2026-07-21T19:25:00+00:00,539.3399999999997,539.6099999999997,537.8799999999997,538.0399999999996,355
2026-07-21T19:30:00+00:00,538.0399999999996,539.4799999999997,537.9799999999997,539.2899999999996,473
2026-07-21T19:35:00+00:00,539.2899999999996,540.2199999999997,539.0899999999997,540.0199999999996,303
2026-07-21T19:40:00+00:00,540.0199999999996,540.1899999999997,539.1199999999997,539.8799999999997,222
2026-07-21T19:45:00+00:00,539.8799999999997,540.2199999999997,539.0999999999997,539.7499999999997,321
2026-07-21T19:50:00+00:00,539.7499999999997,542.3399999999997,537.8499999999997,541.1699999999996,842
2026-07-21T19:55:00+00:00,541.1699999999996,543.2499999999997,540.7799999999996,542.4099999999996,1161
2026-07-22T13:30:00+00:00,542.4099999999996,542.4099999999996,525.9399999999997,540.0799999999997,1487
2026-07-22T13:35:00+00:00,540.0799999999997,546.0499999999996,539.5799999999997,545.0899999999997,1629
2026-07-22T13:40:00+00:00,545.0899999999997,546.8299999999997,543.0799999999997,544.2899999999996,1548
2026-07-22T13:45:00+00:00,544.2899999999996,545.9399999999997,542.5299999999996,543.4199999999996,1389
2026-07-22T13:50:00+00:00,543.4199999999996,548.9399999999997,543.3799999999997,548.1299999999997,1464
2026-07-22T13:55:00+00:00,548.1299999999997,551.2699999999996,547.8799999999997,551.0799999999997,1662
2026-07-22T14:00:00+00:00,551.0799999999997,551.3099999999996,544.4299999999996,545.0799999999997,1339
2026-07-22T14:05:00+00:00,545.0799999999997,547.7299999999997,542.8799999999997,545.7799999999996,1013
2026-07-22T14:10:00+00:00,545.7799999999996,548.4999999999997,545.2599999999996,547.0799999999997,896
2026-07-22T14:15:00+00:00,547.0799999999997,548.7599999999996,543.3799999999997,548.7599999999996,1337
2026-07-22T14:20:00+00:00,548.7599999999996,550.5399999999996,545.3099999999996,546.6599999999996,1047
2026-07-22T14:25:00+00:00,546.6599999999996,548.7499999999997,546.6399999999996,548.0999999999997,1068
2026-07-22T14:30:00+00:00,548.0999999999997,549.4799999999997,546.8099999999996,547.0099999999996,1081
2026-07-22T14:35:00+00:00,547.0099999999996,548.6199999999997,546.0899999999997,546.1999999999997,1241
2026-07-22T14:40:00+00:00,546.1999999999997,547.3299999999997,545.3899999999996,546.0899999999997,1209
2026-07-22T14:45:00+00:00,546.0899999999997,550.2199999999997,545.9699999999997,549.6199999999997,867
2026-07-22T14:50:00+00:00,549.6199999999997,550.4299999999996,546.8699999999997,546.8699999999997,845
2026-07-22T14:55:00+00:00,546.8699999999997,549.5499999999996,546.1799999999996,549.2599999999996,620.6295669346875
2026-07-22T15:00:00+00:00,549.2599999999996,553.0099999999996,549.2599999999996,553.0099999999996,596
2026-07-22T15:05:00+00:00,553.0099999999996,556.2099999999997,551.9099999999996,555.7899999999996,592
2026-07-22T15:10:00+00:00,555.7899999999996,556.7799999999996,554.2099999999997,555.3899999999996,540
2026-07-22T15:15:00+00:00,555.3899999999996,555.7999999999997,553.6199999999997,554.0699999999997,462
2026-07-22T15:20:00+00:00,554.0699999999997,554.6199999999997,553.1099999999997,553.8599999999997,483
2026-07-22T15:25:00+00:00,553.8599999999997,554.5299999999996,553.1299999999997,553.3199999999997,321
2026-07-22T15:30:00+00:00,553.3199999999997,554.1699999999997,551.9099999999996,552.7199999999997,471
2026-07-22T15:35:00+00:00,552.7199999999997,554.6999999999997,552.5699999999997,553.0799999999997,357
2026-07-22T15:40:00+00:00,553.0799999999997,554.0199999999996,552.6999999999997,553.4699999999997,473
2026-07-22T15:45:00+00:00,553.4699999999997,554.6399999999996,553.2199999999997,553.2299999999997,356
2026-07-22T15:50:00+00:00,553.2299999999997,553.9199999999997,552.6099999999997,552.6099999999997,309
2026-07-22T15:55:00+00:00,552.6099999999997,554.5799999999997,552.1599999999996,554.3999999999996,393
2026-07-22T16:00:00+00:00,554.3999999999996,554.9899999999997,553.1499999999996,553.5699999999997,361
2026-07-22T16:05:00+00:00,553.5699999999997,555.6599999999996,553.5099999999996,555.5599999999997,352
2026-07-22T16:10:00+00:00,555.5599999999997,555.9999999999997,554.5599999999997,555.4699999999997,424
2026-07-22T16:15:00+00:00,555.4699999999997,556.7099999999997,555.0599999999997,555.2399999999997,411
2026-07-22T16:20:00+00:00,555.2399999999997,555.4499999999997,553.8099999999997,554.4499999999997,464
2026-07-22T16:25:00+00:00,554.4499999999997,554.7699999999996,553.5699999999997,554.5699999999997,359
2026-07-22T16:30:00+00:00,554.5699999999997,556.5299999999996,554.5699999999997,556.1599999999996,475
2026-07-22T16:35:00+00:00,556.1599999999996,556.1599999999996,554.0599999999997,554.2399999999997,529
2026-07-22T16:40:00+00:00,554.2399999999997,554.2699999999996,552.5599999999997,552.9099999999996,420
2026-07-22T16:45:00+00:00,552.9099999999996,553.5299999999996,552.0599999999997,553.1399999999996,322
2026-07-22T16:50:00+00:00,553.1399999999996,553.6799999999997,552.5799999999997,553.2799999999996,248
2026-07-22T16:55:00+00:00,553.2799999999996,554.9299999999997,553.2799999999996,553.9599999999997,251
2026-07-22T17:00:00+00:00,553.9599999999997,554.9499999999997,553.8599999999997,554.7499999999997,342
2026-07-22T17:05:00+00:00,554.7499999999997,556.2399999999997,554.7499999999997,555.7599999999996,259
2026-07-22T17:10:00+00:00,555.7599999999996,555.9499999999997,554.6099999999997,554.9299999999997,247
2026-07-22T17:15:00+00:00,554.9299999999997,556.0499999999997,554.5899999999997,555.1999999999997,368
2026-07-22T17:20:00+00:00,555.1999999999997,555.3899999999996,554.3299999999997,554.8199999999997,303
2026-07-22T17:25:00+00:00,554.8199999999997,556.1299999999997,554.3299999999997,555.5499999999997,216
2026-07-22T17:30:00+00:00,555.5499999999997,555.7499999999997,554.1099999999997,554.5599999999997,250
2026-07-22T17:35:00+00:00,554.5599999999997,555.4399999999997,554.5399999999996,555.4199999999997,210
2026-07-22T17:40:00+00:00,555.4199999999997,555.4199999999997,554.5699999999997,555.0699999999997,159
2026-07-22T17:45:00+00:00,555.0699999999997,556.1699999999997,554.9999999999997,555.3899999999996,213
2026-07-22T17:50:00+00:00,555.3899999999996,555.9099999999996,552.9699999999997,552.9699999999997,248
2026-07-22T17:55:00+00:00,552.9699999999997,554.0699999999997,552.2099999999997,553.2599999999996,424
2026-07-22T18:00:00+00:00,553.2599999999996,554.3099999999997,552.6199999999997,554.2599999999996,312
2026-07-22T18:05:00+00:00,554.2599999999996,555.6299999999997,553.9399999999997,554.6299999999997,563
2026-07-22T18:10:00+00:00,554.6299999999997,554.7799999999996,552.0599999999997,552.1599999999996,428
2026-07-22T18:15:00+00:00,552.1599999999996,552.9199999999997,551.8699999999997,552.1599999999996,415
2026-07-22T18:20:00+00:00,552.1599999999996,553.2699999999996,551.9899999999997,552.5899999999997,378
2026-07-22T18:25:00+00:00,552.5899999999997,553.1899999999997,552.1599999999996,552.8799999999997,324
2026-07-22T18:30:00+00:00,552.8799999999997,552.8799999999997,551.5599999999997,551.8399999999997,544
2026-07-22T18:35:00+00:00,551.8399999999997,553.6799999999997,551.7299999999997,553.2899999999996,513
2026-07-22T18:40:00+00:00,553.2899999999996,553.8699999999997,552.7299999999997,553.7899999999996,333
2026-07-22T18:45:00+00:00,553.7899999999996,554.6899999999997,553.6599999999996,554.4999999999997,388
2026-07-22T18:50:00+00:00,554.4999999999997,555.9099999999996,553.8999999999996,555.8599999999997,426
2026-07-22T18:55:00+00:00,555.8599999999997,555.8899999999996,554.8099999999997,555.0999999999997,375
2026-07-22T19:00:00+00:00,555.0999999999997,555.7199999999997,554.8199999999997,555.5599999999997,408
2026-07-22T19:05:00+00:00,555.5599999999997,555.9899999999997,554.7199999999997,554.8599999999997,329
2026-07-22T19:10:00+00:00,554.8599999999997,555.2199999999997,553.7299999999997,554.4399999999997,269
2026-07-22T19:15:00+00:00,554.4399999999997,555.4799999999997,554.0599999999997,554.8299999999997,323
2026-07-22T19:20:00+00:00,554.8299999999997,555.5599999999997,554.3399999999997,555.0899999999997,223
2026-07-22T19:25:00+00:00,555.0899999999997,557.2699999999996,554.6599999999996,557.0699999999997,280
2026-07-22T19:30:00+00:00,557.0699999999997,559.7499999999997,556.2999999999997,558.8599999999997,499
2026-07-22T19:35:00+00:00,558.8599999999997,559.0799999999997,552.5599999999997,553.0899999999997,648
2026-07-22T19:40:00+00:00,553.0899999999997,555.7399999999997,551.7699999999996,553.3399999999997,514
2026-07-22T19:45:00+00:00,553.3399999999997,554.0099999999996,552.5599999999997,553.1699999999997,511
2026-07-22T19:50:00+00:00,553.1699999999997,553.4099999999996,550.3699999999997,550.7699999999996,904
2026-07-22T19:55:00+00:00,550.7699999999996,551.8999999999996,548.6899999999997,551.0799999999997,1035
2026-07-23T13:30:00+00:00,551.0799999999997,551.0799999999997,540.5699999999997,545.5699999999997,1796
2026-07-23T13:35:00+00:00,545.5699999999997,550.6099999999997,544.7199999999997,549.5899999999997,1870
2026-07-23T13:40:00+00:00,549.5899999999997,554.6999999999997,549.5899999999997,553.7899999999996,1594
2026-07-23T13:45:00+00:00,553.7899999999996,554.1699999999997,548.5699999999997,549.5999999999997,1545
2026-07-23T13:50:00+00:00,549.5999999999997,553.7999999999997,547.1099999999997,553.4499999999997,1410
2026-07-23T13:55:00+00:00,553.4499999999997,553.9199999999997,546.6799999999997,548.1799999999997,1836
2026-07-23T14:00:00+00:00,548.1799999999997,551.1499999999996,547.3999999999996,550.5599999999997,1583
2026-07-23T14:05:00+00:00,550.5599999999997,552.8199999999997,546.8099999999997,548.1999999999997,1577
2026-07-23T14:10:00+00:00,548.1999999999997,551.6899999999997,547.8599999999997,548.0999999999997,1519
2026-07-23T14:15:00+00:00,548.0999999999997,549.5099999999996,547.2499999999997,548.2299999999997,1487
2026-07-23T14:20:00+00:00,548.2299999999997,552.5799999999997,548.2299999999997,549.5699999999997,1273
2026-07-23T14:25:00+00:00,549.5699999999997,552.4999999999997,548.9799999999997,550.4699999999997,1151
2026-07-23T14:30:00+00:00,550.4699999999997,551.0799999999997,546.7399999999997,548.0799999999997,1067
2026-07-23T14:35:00+00:00,548.0799999999997,550.9799999999997,547.2799999999996,549.6499999999996,1069
2026-07-23T14:40:00+00:00,549.6499999999996,550.3099999999997,543.8999999999996,545.0099999999996,1164
2026-07-23T14:45:00+00:00,545.0099999999996,546.1199999999997,543.5699999999997,544.1199999999997,1257
2026-07-23T14:50:00+00:00,544.1199999999997,544.9399999999997,541.9699999999997,542.0699999999997,1025
2026-07-23T14:55:00+00:00,542.0699999999997,544.2399999999997,541.6299999999997,542.8099999999997,973
2026-07-23T15:00:00+00:00,542.8099999999997,543.5799999999997,541.6099999999997,542.9499999999997,972
2026-07-23T15:05:00+00:00,542.9499999999997,543.2999999999997,540.9399999999997,541.0899999999997,785
2026-07-23T15:10:00+00:00,541.0899999999997,542.0199999999996,537.1099999999997,537.8199999999997,795
2026-07-23T15:15:00+00:00,537.8199999999997,539.6999999999997,537.7899999999996,539.1999999999997,772
2026-07-23T15:20:00+00:00,539.1999999999997,541.0999999999997,536.0599999999997,538.2599999999996,943
2026-07-23T15:25:00+00:00,538.2599999999996,538.5999999999997,535.1799999999997,535.7799999999996,765
2026-07-23T15:30:00+00:00,535.7799999999996,537.5799999999997,534.5599999999997,536.1799999999997,701
2026-07-23T15:35:00+00:00,536.1799999999997,538.8799999999997,536.1799999999997,537.1399999999996,919
2026-07-23T15:40:00+00:00,537.1399999999996,538.6699999999997,537.0499999999997,537.0499999999997,493
2026-07-23T15:45:00+00:00,537.0499999999997,537.8699999999997,536.0599999999997,537.0299999999996,579
2026-07-23T15:50:00+00:00,537.0299999999996,538.7799999999996,536.5599999999997,538.2199999999997,640
2026-07-23T15:55:00+00:00,538.2199999999997,540.1099999999997,537.9299999999997,539.8699999999997,528
2026-07-23T16:00:00+00:00,539.8699999999997,541.2999999999997,538.6099999999997,540.7699999999996,467
2026-07-23T16:05:00+00:00,540.7699999999996,541.2899999999996,538.0599999999997,539.6099999999997,432
2026-07-23T16:10:00+00:00,539.6099999999997,540.9899999999997,539.6099999999997,540.0499999999997,367
2026-07-23T16:15:00+00:00,540.0499999999997,540.8199999999997,539.3499999999997,539.5999999999997,346
2026-07-23T16:20:00+00:00,539.5999999999997,542.5599999999997,539.5599999999997,541.9999999999997,342
2026-07-23T16:25:00+00:00,541.9999999999997,543.9799999999997,541.6599999999996,543.4199999999997,370
2026-07-23T16:30:00+00:00,543.4199999999997,543.6299999999997,541.9199999999997,543.0899999999997,493
2026-07-23T16:35:00+00:00,543.0899999999997,548.6999999999997,542.6499999999996,546.1499999999996,965
2026-07-23T16:40:00+00:00,546.1499999999996,546.4499999999997,541.9299999999997,542.4299999999997,1118
2026-07-23T16:45:00+00:00,542.4299999999997,542.4699999999997,534.9699999999997,536.9799999999997,1548
2026-07-23T16:50:00+00:00,536.9799999999997,539.1599999999996,527.3599999999997,527.3699999999997,1547
2026-07-23T16:55:00+00:00,527.3699999999997,529.6299999999997,523.6599999999996,527.8799999999997,1958
2026-07-23T17:00:00+00:00,527.8799999999997,530.2799999999996,523.5699999999997,526.0799999999997,1675
2026-07-23T17:05:00+00:00,526.0799999999997,530.4499999999997,523.3699999999997,527.9199999999997,1206
2026-07-23T17:10:00+00:00,527.9199999999997,532.5799999999997,527.5599999999997,530.8699999999997,1186
2026-07-23T17:15:00+00:00,530.8699999999997,531.8899999999996,528.2599999999996,531.5799999999997,939
2026-07-23T17:20:00+00:00,531.5799999999997,534.3799999999997,531.5699999999997,533.5299999999996,1018
2026-07-23T17:25:00+00:00,533.5299999999996,534.3299999999997,532.5599999999997,534.1999999999997,763
2026-07-23T17:30:00+00:00,534.1999999999997,534.6799999999997,530.5599999999997,532.0299999999996,697
2026-07-23T17:35:00+00:00,532.0299999999996,532.5099999999996,529.9699999999997,530.8299999999997,717
2026-07-23T17:40:00+00:00,530.8299999999997,532.0699999999997,530.5599999999997,531.8099999999997,514
2026-07-23T17:45:00+00:00,531.8099999999997,533.7499999999997,530.5599999999997,533.7199999999997,584
2026-07-23T17:50:00+00:00,533.7199999999997,536.1599999999996,533.0599999999997,534.2899999999996,691
2026-07-23T17:55:00+00:00,534.2899999999996,534.7599999999996,532.5699999999997,532.9099999999996,718
2026-07-23T18:00:00+00:00,532.9099999999996,533.1699999999997,531.3099999999997,531.6599999999996,854
2026-07-23T18:05:00+00:00,531.6599999999996,532.8899999999996,531.0699999999997,532.5599999999997,544
2026-07-23T18:10:00+00:00,532.5599999999997,534.8999999999996,532.3099999999997,533.5799999999997,522
2026-07-23T18:15:00+00:00,533.5799999999997,534.2199999999997,532.5699999999997,533.2699999999996,545
2026-07-23T18:20:00+00:00,533.2699999999996,534.8999999999996,532.8199999999997,534.6999999999997,388
2026-07-23T18:25:00+00:00,534.6999999999997,534.8099999999997,533.3699999999997,534.5699999999997,351
2026-07-23T18:30:00+00:00,534.5699999999997,536.0699999999997,533.9999999999997,535.9099999999996,416
2026-07-23T18:35:00+00:00,535.9099999999996,536.8699999999997,534.7599999999996,536.1499999999996,501
2026-07-23T18:40:00+00:00,536.1499999999996,536.8499999999997,532.9699999999997,534.4599999999997,533
2026-07-23T18:45:00+00:00,534.4599999999997,534.7799999999996,533.5499999999997,533.6299999999997,519
2026-07-23T18:50:00+00:00,533.6299999999997,534.5099999999996,532.1099999999997,532.6299999999997,494
2026-07-23T18:55:00+00:00,532.6299999999997,534.0099999999996,532.1099999999997,533.6799999999997,361
2026-07-23T19:00:00+00:00,533.6799999999997,534.7799999999996,532.1099999999997,532.2799999999996,385
2026-07-23T19:05:00+00:00,532.2799999999996,533.5099999999996,532.0799999999997,532.8399999999997,561
2026-07-23T19:10:00+00:00,532.8399999999997,533.9799999999997,532.1699999999997,533.4799999999997,660
2026-07-23T19:15:00+00:00,533.4799999999997,534.7699999999996,533.0599999999997,533.8599999999997,525
2026-07-23T19:20:00+00:00,533.8599999999997,536.4299999999997,533.6599999999996,536.3199999999997,535
2026-07-23T19:25:00+00:00,536.3199999999997,539.5699999999997,536.2499999999997,539.0299999999996,796
2026-07-23T19:30:00+00:00,539.0299999999996,540.0699999999997,536.5599999999997,537.9499999999997,720
2026-07-23T19:35:00+00:00,537.9499999999997,538.9499999999997,536.8099999999997,536.8099999999997,750
2026-07-23T19:40:00+00:00,536.8099999999997,537.3599999999997,534.9699999999997,534.9899999999997,468
2026-07-23T19:45:00+00:00,534.9899999999997,537.3999999999996,534.3899999999996,536.6899999999997,614
2026-07-23T19:50:00+00:00,536.6899999999997,539.3899999999996,535.3599999999997,535.3799999999997,1175
2026-07-23T19:55:00+00:00,535.3799999999997,538.4199999999997,535.3799999999997,538.2099999999997,1509
2026-07-24T13:30:00+00:00,538.2099999999997,545.9999999999997,538.2099999999997,545.5199999999996,2181
2026-07-24T13:35:00+00:00,545.5199999999996,547.4299999999997,534.6099999999997,539.2899999999996,2390
2026-07-24T13:40:00+00:00,539.2899999999996,539.7199999999997,528.7599999999996,531.7199999999997,1966
2026-07-24T13:45:00+00:00,531.7199999999997,532.5899999999997,525.4299999999997,529.0099999999996,1952
2026-07-24T13:50:00+00:00,529.0099999999996,529.5399999999996,517.9599999999997,518.6399999999996,1790
2026-07-24T13:55:00+00:00,518.6399999999996,520.7799999999996,516.5799999999997,519.6999999999997,1697
2026-07-24T14:00:00+00:00,519.6999999999997,523.9899999999997,518.0599999999997,522.8199999999997,1758
2026-07-24T14:05:00+00:00,522.8199999999997,528.6099999999997,522.8199999999997,526.5799999999997,1628
2026-07-24T14:10:00+00:00,526.5799999999997,530.2299999999997,525.6899999999997,528.0599999999997,1674
2026-07-24T14:15:00+00:00,528.0599999999997,528.6399999999996,519.1899999999997,521.0799999999997,1576
2026-07-24T14:20:00+00:00,521.0799999999997,529.7799999999996,518.7299999999997,527.0399999999996,1625
2026-07-24T14:25:00+00:00,527.0399999999996,529.7899999999996,525.3899999999996,529.3499999999997,1461
2026-07-24T14:30:00+00:00,529.3499999999997,529.7599999999996,521.7999999999997,521.8099999999997,1314
2026-07-24T14:35:00+00:00,521.8099999999997,524.3999999999996,521.0999999999997,521.6199999999997,1067
2026-07-24T14:40:00+00:00,521.6199999999997,521.9399999999997,519.2499999999997,520.7899999999996,1197
2026-07-24T14:45:00+00:00,520.7899999999996,523.8699999999997,519.6499999999996,523.0699999999997,1147
2026-07-24T14:50:00+00:00,523.0699999999997,524.8599999999997,520.8899999999996,523.5499999999997,1386
2026-07-24T14:55:00+00:00,523.5499999999997,529.0699999999997,523.4299999999997,527.9099999999996,1076
2026-07-24T15:00:00+00:00,527.9099999999996,530.7899999999996,526.5599999999997,527.5699999999997,1147
2026-07-24T15:05:00+00:00,527.5699999999997,530.1399999999996,526.5599999999997,527.7899999999996,1044
2026-07-24T15:10:00+00:00,527.7899999999996,532.5699999999997,527.0299999999996,531.4799999999997,1735
2026-07-24T15:15:00+00:00,531.4799999999997,535.4199999999997,528.2699999999996,528.7099999999997,1358
2026-07-24T15:20:00+00:00,528.7099999999997,530.5499999999997,528.2699999999996,529.2299999999997,1210
2026-07-24T15:25:00+00:00,529.2299999999997,531.2199999999997,525.7899999999996,526.6599999999996,893
2026-07-24T15:30:00+00:00,526.6599999999996,529.9999999999997,525.5599999999997,528.0999999999997,1109
2026-07-24T15:35:00+00:00,528.0999999999997,531.9499999999997,528.0799999999997,531.8199999999997,884
2026-07-24T15:40:00+00:00,531.8199999999997,532.3199999999997,527.6599999999996,528.7599999999996,959
2026-07-24T15:45:00+00:00,528.7599999999996,530.5799999999997,528.5599999999997,529.8899999999996,738
2026-07-24T15:50:00+00:00,529.8899999999996,533.1199999999997,529.3799999999997,532.5799999999997,734
2026-07-24T15:55:00+00:00,532.5799999999997,536.0999999999997,532.5599999999997,535.2999999999997,649
2026-07-24T16:00:00+00:00,535.2999999999997,536.3399999999997,533.8899999999996,535.5699999999997,675
2026-07-24T16:05:00+00:00,535.5699999999997,537.9199999999997,535.1599999999996,537.0599999999997,516
2026-07-24T16:10:00+00:00,537.0599999999997,538.4399999999997,534.8299999999997,536.2299999999997,736
2026-07-24T16:15:00+00:00,536.2299999999997,536.7599999999996,534.6299999999997,536.1399999999996,671
2026-07-24T16:20:00+00:00,536.1399999999996,539.0099999999996,536.0799999999997,537.9999999999997,457
2026-07-24T16:25:00+00:00,537.9999999999997,538.0799999999997,535.4099999999996,536.7999999999997,573
2026-07-24T16:30:00+00:00,536.7999999999997,536.8799999999997,535.1599999999996,535.2699999999996,791
2026-07-24T16:35:00+00:00,535.2699999999996,535.3499999999997,532.2899999999996,533.0699999999997,642
2026-07-24T16:40:00+00:00,533.0699999999997,533.2099999999997,531.5699999999997,532.4299999999997,656
2026-07-24T16:45:00+00:00,532.4299999999997,533.5299999999996,530.7699999999996,531.9499999999997,692
2026-07-24T16:50:00+00:00,531.9499999999997,532.2999999999997,530.7899999999996,531.0699999999997,545
2026-07-24T16:55:00+00:00,531.0699999999997,534.5699999999997,530.6599999999996,533.7799999999996,397
2026-07-24T17:00:00+00:00,533.7799999999996,533.9299999999997,531.0699999999997,532.3099999999997,562
2026-07-24T17:05:00+00:00,532.3099999999997,532.8299999999997,531.0599999999997,531.4799999999997,796
2026-07-24T17:10:00+00:00,531.4799999999997,531.9999999999997,530.2399999999997,531.1799999999997,667
2026-07-24T17:15:00+00:00,531.1799999999997,533.2299999999997,530.2299999999997,533.1399999999996,459
2026-07-24T17:20:00+00:00,533.1399999999996,533.8299999999997,531.8799999999997,533.2599999999996,391
2026-07-24T17:25:00+00:00,533.2599999999996,534.7099999999997,532.6699999999997,534.4599999999997,248
2026-07-24T17:30:00+00:00,534.4599999999997,535.3899999999996,533.6699999999997,535.2599999999996,253
2026-07-24T17:35:00+00:00,535.2599999999996,535.4399999999997,532.8199999999997,532.8199999999997,212
2026-07-24T17:40:00+00:00,532.8199999999997,532.8199999999997,530.9199999999997,531.5199999999996,311
2026-07-24T17:45:00+00:00,531.5199999999996,532.0199999999996,530.2999999999997,531.8399999999997,314
2026-07-24T17:50:00+00:00,531.8399999999997,532.9199999999997,531.0799999999997,532.2399999999997,356
2026-07-24T17:55:00+00:00,532.2399999999997,532.7099999999997,530.7699999999996,530.8699999999997,307
2026-07-24T18:00:00+00:00,530.8699999999997,531.4099999999996,530.0599999999997,530.3599999999997,463
2026-07-24T18:05:00+00:00,530.3599999999997,530.5399999999996,528.8699999999997,529.0699999999997,317
2026-07-24T18:10:00+00:00,529.0699999999997,529.3599999999997,528.0699999999997,528.6799999999997,363
2026-07-24T18:15:00+00:00,528.6799999999997,528.8699999999997,527.1599999999996,527.2999999999997,351
2026-07-24T18:20:00+00:00,527.2999999999997,527.5999999999997,526.1599999999996,526.3599999999997,476
2026-07-24T18:25:00+00:00,526.3599999999997,526.4999999999997,524.8099999999997,525.1099999999997,438
2026-07-24T18:30:00+00:00,525.1099999999997,525.5199999999996,522.8299999999997,523.1899999999997,676
2026-07-24T18:35:00+00:00,523.1899999999997,523.5999999999997,521.5599999999997,521.6399999999996,691
2026-07-24T18:40:00+00:00,521.6399999999996,522.7299999999997,519.8099999999997,522.2599999999996,590
2026-07-24T18:45:00+00:00,522.2599999999996,525.2199999999997,520.8799999999997,523.5799999999997,628
2026-07-24T18:50:00+00:00,523.5799999999997,524.8999999999996,522.8499999999997,523.9199999999997,518
2026-07-24T18:55:00+00:00,523.9199999999997,525.2699999999996,523.0599999999997,523.3299999999997,412
2026-07-24T19:00:00+00:00,523.3299999999997,524.3799999999997,521.5199999999996,522.0599999999997,506
2026-07-24T19:05:00+00:00,522.0599999999997,523.7899999999996,518.6199999999997,518.7099999999997,799
2026-07-24T19:10:00+00:00,518.7099999999997,520.0599999999997,518.0699999999997,518.1299999999997,579
2026-07-24T19:15:00+00:00,518.1299999999997,519.3299999999997,516.6999999999997,519.0099999999996,725
2026-07-24T19:20:00+00:00,519.0099999999996,520.5799999999997,518.1999999999997,518.5799999999997,936
2026-07-24T19:25:00+00:00,518.5799999999997,521.8199999999997,517.7699999999996,520.9799999999997,814
2026-07-24T19:30:00+00:00,520.9799999999997,523.0699999999997,519.9099999999996,521.8999999999996,794
2026-07-24T19:35:00+00:00,521.8999999999996,522.3999999999996,520.5299999999996,520.5399999999996,959
2026-07-24T19:40:00+00:00,520.5399999999996,521.3999999999996,519.2699999999996,521.3999999999996,659
2026-07-24T19:45:00+00:00,521.3999999999996,522.6099999999997,520.2199999999997,522.0699999999997,679
2026-07-24T19:50:00+00:00,522.0699999999997,522.7799999999996,518.5599999999997,519.9999999999997,938
2026-07-24T19:55:00+00:00,519.9999999999997,521.4299999999997,517.2699999999996,520.3899999999996,1644
2026-07-27T13:30:00+00:00,520.3899999999996,525.7899999999996,518.0599999999997,520.0799999999997,1606
2026-07-27T13:35:00+00:00,520.0799999999997,524.8199999999997,512.6899999999997,515.0699999999997,2148
2026-07-27T13:40:00+00:00,515.0699999999997,516.5399999999996,504.5799999999997,505.74999999999966,1946
2026-07-27T13:45:00+00:00,505.74999999999966,508.7699999999997,504.8299999999997,505.56999999999965,2038
2026-07-27T13:50:00+00:00,505.56999999999965,509.0999999999997,503.86999999999966,507.06999999999965,1840
2026-07-27T13:55:00+00:00,507.06999999999965,507.18999999999966,502.0799999999997,502.9799999999997,1553
2026-07-27T14:00:00+00:00,502.9799999999997,503.9499999999997,497.67999999999967,500.5899999999997,1560
2026-07-27T14:05:00+00:00,500.5899999999997,502.54999999999967,499.1399999999997,501.55999999999966,1384
2026-07-27T14:10:00+00:00,501.55999999999966,501.5799999999997,494.75999999999965,494.87999999999965,1518
2026-07-27T14:15:00+00:00,494.87999999999965,496.7699999999997,492.1599999999997,493.2299999999997,1428
2026-07-27T14:20:00+00:00,493.2299999999997,493.2299999999997,486.3299999999997,487.49999999999966,1452
2026-07-27T14:25:00+00:00,487.49999999999966,487.49999999999966,483.2099999999997,483.2099999999997,1176
2026-07-27T14:30:00+00:00,483.2099999999997,485.04999999999967,481.75999999999965,481.75999999999965,1236
2026-07-27T14:35:00+00:00,481.75999999999965,482.0399999999997,478.05999999999966,479.2299999999997,1625
2026-07-27T14:40:00+00:00,479.2299999999997,479.54999999999967,475.43999999999966,476.11999999999966,1205
2026-07-27T14:45:00+00:00,476.11999999999966,483.9799999999997,476.11999999999966,483.6499999999997,1333
2026-07-27T14:50:00+00:00,483.6499999999997,487.49999999999966,483.55999999999966,483.9499999999997,1388
2026-07-27T14:55:00+00:00,483.9499999999997,488.3599999999997,483.55999999999966,487.3599999999997,1083
2026-07-27T15:00:00+00:00,487.3599999999997,487.93999999999966,484.4699999999997,484.80999999999966,1341
2026-07-27T15:05:00+00:00,484.80999999999966,485.8899999999997,481.5799999999997,482.6499999999997,1149
2026-07-27T15:10:00+00:00,482.6499999999997,484.56999999999965,478.8299999999997,478.8399999999997,1249
2026-07-27T15:15:00+00:00,478.8399999999997,479.54999999999967,476.93999999999966,479.5399999999997,1284
2026-07-27T15:20:00+00:00,479.5399999999997,482.9099999999997,478.74999999999966,479.4199999999997,1361
2026-07-27T15:25:00+00:00,479.4199999999997,479.9199999999997,477.56999999999965,478.73999999999967,1178
2026-07-27T15:30:00+00:00,478.73999999999967,479.56999999999965,476.7099999999997,477.8399999999997,873
2026-07-27T15:35:00+00:00,477.8399999999997,478.3999999999997,476.6099999999997,478.12999999999965,784
2026-07-27T15:40:00+00:00,478.12999999999965,479.6499999999997,477.1099999999997,478.62999999999965,882
2026-07-27T15:45:00+00:00,478.62999999999965,478.79999999999967,476.2899999999997,477.12999999999965,854
2026-07-27T15:50:00+00:00,477.12999999999965,478.2199999999997,476.4099999999997,476.81999999999965,797
2026-07-27T15:55:00+00:00,476.81999999999965,481.49999999999966,476.75999999999965,481.4599999999997,901
2026-07-27T16:00:00+00:00,481.4599999999997,483.7899999999997,480.55999999999966,483.4499999999997,839
2026-07-27T16:05:00+00:00,483.4499999999997,484.43999999999966,482.55999999999966,483.2299999999997,758
2026-07-27T16:10:00+00:00,483.2299999999997,484.7799999999997,481.5899999999997,482.0799999999997,710
2026-07-27T16:15:00+00:00,482.0799999999997,482.25999999999965,480.4499999999997,480.7799999999997,805
2026-07-27T16:20:00+00:00,480.7799999999997,482.7199999999997,479.8299999999997,482.3599999999997,602
2026-07-27T16:25:00+00:00,482.3599999999997,486.7199999999997,482.3499999999997,484.6499999999997,1208
2026-07-27T16:30:00+00:00,484.6499999999997,486.2799999999997,482.61999999999966,482.61999999999966,675
2026-07-27T16:35:00+00:00,482.61999999999966,485.6099999999997,481.4099999999997,485.3499999999997,772
2026-07-27T16:40:00+00:00,485.3499999999997,485.9499999999997,484.0799999999997,484.3399999999997,589
2026-07-27T16:45:00+00:00,484.3399999999997,486.79999999999967,484.0799999999997,485.05999999999966,663
2026-07-27T16:50:00+00:00,485.05999999999966,485.43999999999966,481.55999999999966,481.8499999999997,608
2026-07-27T16:55:00+00:00,481.8499999999997,482.17999999999967,480.7899999999997,481.6399999999997,597
2026-07-27T17:00:00+00:00,481.6399999999997,481.8399999999997,478.3599999999997,478.37999999999965,555
2026-07-27T17:05:00+00:00,478.37999999999965,478.8299999999997,477.43999999999966,478.0799999999997,439
2026-07-27T17:10:00+00:00,478.0799999999997,479.5799999999997,477.43999999999966,479.05999999999966,590
2026-07-27T17:15:00+00:00,479.05999999999966,479.48999999999967,477.1599999999997,477.8599999999997,564
2026-07-27T17:20:00+00:00,477.8599999999997,479.0999999999997,477.55999999999966,477.81999999999965,453
2026-07-27T17:25:00+00:00,477.81999999999965,478.4799999999997,477.30999999999966,478.0799999999997,435
2026-07-27T17:30:00+00:00,478.0799999999997,481.23999999999967,478.05999999999966,480.55999999999966,472
2026-07-27T17:35:00+00:00,480.55999999999966,480.8999999999997,478.55999999999966,478.8599999999997,551
2026-07-27T17:40:00+00:00,478.8599999999997,479.31999999999965,478.05999999999966,479.0799999999997,539
2026-07-27T17:45:00+00:00,479.0799999999997,480.3399999999997,478.1599999999997,478.75999999999965,547
2026-07-27T17:50:00+00:00,478.75999999999965,480.2099999999997,478.6399999999997,480.2099999999997,440
2026-07-27T17:55:00+00:00,480.2099999999997,481.0999999999997,479.55999999999966,480.5099999999996,265.1616148419127
2026-07-27T18:00:00+00:00,480.5099999999996,482.3799999999996,480.5099999999996,482.1799999999996,9
2026-07-27T18:05:00+00:00,482.1799999999996,482.9199999999995,481.6799999999996,482.12999999999965,303.25085577047986
2026-07-27T18:10:00+00:00,482.12999999999965,483.12999999999954,481.63999999999965,482.75999999999954,252.8807449618984
2026-07-27T18:15:00+00:00,482.75999999999954,483.09999999999957,480.48999999999955,481.40999999999957,286
2026-07-27T18:20:00+00:00,481.40999999999957,482.7699999999995,481.0299999999996,482.4699999999996,291
2026-07-27T18:25:00+00:00,482.4699999999996,483.7699999999995,482.44999999999953,483.25999999999954,357
2026-07-27T18:30:00+00:00,483.25999999999954,483.5299999999996,482.00999999999954,482.04999999999956,512
2026-07-27T18:35:00+00:00,482.04999999999956,482.98999999999955,481.69999999999953,481.84999999999957,492
2026-07-27T18:40:00+00:00,481.84999999999957,483.66999999999956,480.49999999999955,483.23999999999955,777
2026-07-27T18:45:00+00:00,483.23999999999955,484.2199999999996,482.44999999999953,482.50999999999954,448
2026-07-27T18:50:00+00:00,482.50999999999954,486.7699999999995,482.50999999999954,485.63999999999953,446
2026-07-27T18:55:00+00:00,485.63999999999953,488.36999999999955,485.63999999999953,488.25999999999954,565
2026-07-27T19:00:00+00:00,488.25999999999954,490.0199999999995,487.47999999999956,488.8999999999995,457
2026-07-27T19:05:00+00:00,488.8999999999995,491.72999999999956,488.8999999999995,490.74999999999955,543
2026-07-27T19:10:00+00:00,490.74999999999955,492.4599999999995,489.74999999999955,490.8999999999995,717
2026-07-27T19:15:00+00:00,490.8999999999995,492.7199999999996,490.88999999999953,492.48999999999955,350
2026-07-27T19:20:00+00:00,492.48999999999955,493.87999999999954,492.44999999999953,493.11999999999955,402
2026-07-27T19:25:00+00:00,493.11999999999955,495.17999999999955,492.04999999999956,494.9699999999996,504
2026-07-27T19:30:00+00:00,494.9699999999996,495.4699999999996,494.44999999999953,494.75999999999954,436
2026-07-27T19:35:00+00:00,494.75999999999954,494.98999999999955,491.49999999999955,492.05999999999955,424
2026-07-27T19:40:00+00:00,492.05999999999955,493.90999999999957,491.49999999999955,492.2099999999995,569
2026-07-27T19:45:00+00:00,492.2099999999995,493.36999999999955,491.6499999999995,493.36999999999955,555
2026-07-27T19:50:00+00:00,493.36999999999955,493.53999999999957,491.47999999999956,492.87999999999954,817
2026-07-27T19:55:00+00:00,492.87999999999954,495.22999999999956,491.84999999999957,494.1499999999995,1204
2026-07-28T13:30:00+00:00,494.1499999999995,494.1499999999995,457.3399999999996,457.66999999999956,1996
2026-07-28T13:35:00+00:00,457.66999999999956,460.90999999999957,453.84999999999957,454.69999999999953,1741
2026-07-28T13:40:00+00:00,454.69999999999953,456.7799999999996,452.94999999999953,454.55999999999955,1698
2026-07-28T13:45:00+00:00,454.55999999999955,458.10999999999956,450.59999999999957,457.30999999999955,2198
2026-07-28T13:50:00+00:00,457.30999999999955,459.23999999999955,450.6499999999995,452.1499999999995,2077
2026-07-28T13:55:00+00:00,452.1499999999995,454.35999999999956,449.54999999999956,450.37999999999954,1802
2026-07-28T14:00:00+00:00,450.37999999999954,455.05999999999955,450.10999999999956,453.65999999999957,1902
2026-07-28T14:05:00+00:00,453.65999999999957,457.61999999999955,450.60999999999956,451.04999999999956,1696
2026-07-28T14:10:00+00:00,451.04999999999956,454.4599999999995,447.24999999999955,447.59999999999957,1598
2026-07-28T14:15:00+00:00,447.59999999999957,448.49999999999955,443.12999999999954,443.13999999999953,1287
2026-07-28T14:20:00+00:00,443.13999999999953,446.17999999999955,441.62999999999954,444.10999999999956,1272
2026-07-28T14:25:00+00:00,444.10999999999956,447.34999999999957,443.65999999999957,446.73999999999955,1117
2026-07-28T14:30:00+00:00,446.73999999999955,448.80999999999955,445.2699999999995,446.60999999999956,858
2026-07-28T14:35:00+00:00,446.60999999999956,451.36999999999955,446.57999999999953,449.4699999999996,794
2026-07-28T14:40:00+00:00,449.4699999999996,451.29999999999956,447.9599999999995,448.12999999999954,726
2026-07-28T14:45:00+00:00,448.12999999999954,453.07999999999953,446.57999999999953,452.50999999999954,632
2026-07-28T14:50:00+00:00,452.50999999999954,454.30999999999955,451.8399999999996,452.12999999999954,661
2026-07-28T14:55:00+00:00,452.12999999999954,453.5299999999996,449.2099999999995,451.32999999999953,687
2026-07-28T15:00:00+00:00,451.32999999999953,453.67999999999955,450.94999999999953,450.9599999999995,688
2026-07-28T15:05:00+00:00,450.9599999999995,452.62999999999954,448.73999999999955,448.91999999999956,699
2026-07-28T15:10:00+00:00,448.91999999999956,452.55999999999955,448.56999999999954,451.24999999999955,1507
2026-07-28T15:15:00+00:00,451.24999999999955,453.6499999999995,450.53999999999957,453.04999999999956,1148
2026-07-28T15:20:00+00:00,453.04999999999956,455.3999999999995,452.9699999999996,455.28999999999957,1196
2026-07-28T15:25:00+00:00,455.28999999999957,457.41999999999956,454.44999999999953,455.16999999999956,770
2026-07-28T15:30:00+00:00,455.16999999999956,457.12999999999954,453.72999999999956,456.25999999999954,744
2026-07-28T15:35:00+00:00,456.25999999999954,459.09999999999957,455.87999999999954,458.57999999999953,627
2026-07-28T15:40:00+00:00,458.57999999999953,461.25999999999954,457.2199999999996,461.0199999999995,542
2026-07-28T15:45:00+00:00,461.0199999999995,463.9699999999996,461.0199999999995,462.47999999999956,692
2026-07-28T15:50:00+00:00,462.47999999999956,463.79999999999956,461.2799999999996,461.82999999999953,513
2026-07-28T15:55:00+00:00,461.82999999999953,464.0299999999996,461.2799999999996,462.85999999999956,671
2026-07-28T16:00:00+00:00,462.85999999999956,465.97999999999956,462.44999999999953,463.79999999999956,688
2026-07-28T16:05:00+00:00,463.79999999999956,464.97999999999956,460.4699999999996,460.5299999999996,688
2026-07-28T16:10:00+00:00,460.5299999999996,462.11999999999955,459.94999999999953,460.56999999999954,605
2026-07-28T16:15:00+00:00,460.56999999999954,460.91999999999956,458.98999999999955,460.75999999999954,518
2026-07-28T16:20:00+00:00,460.75999999999954,461.3399999999996,459.42999999999955,459.53999999999957,531
2026-07-28T16:25:00+00:00,459.53999999999957,460.66999999999956,459.04999999999956,459.97999999999956,415
2026-07-28T16:30:00+00:00,459.97999999999956,460.16999999999956,456.97999999999956,459.23999999999955,705
2026-07-28T16:35:00+00:00,459.23999999999955,461.00999999999954,457.94999999999953,460.93999999999954,678
2026-07-28T16:40:00+00:00,460.93999999999954,461.50999999999954,459.49999999999955,460.06999999999954,895
2026-07-28T16:45:00+00:00,460.06999999999954,460.72999999999956,458.36999999999955,459.18999999999954,675
2026-07-28T16:50:00+00:00,459.18999999999954,462.10999999999956,459.15999999999957,461.59999999999957,742
2026-07-28T16:55:00+00:00,461.59999999999957,462.0299999999996,460.73999999999955,460.7699999999995,653
2026-07-28T17:00:00+00:00,460.7699999999995,461.42999999999955,458.8999999999995,458.90999999999957,410
2026-07-28T17:05:00+00:00,458.90999999999957,459.10999999999956,457.44999999999953,457.54999999999956,426
2026-07-28T17:10:00+00:00,457.54999999999956,458.25999999999954,456.94999999999953,457.50999999999954,350
2026-07-28T17:15:00+00:00,457.50999999999954,457.75999999999954,456.99999999999955,457.61999999999955,330
2026-07-28T17:20:00+00:00,457.61999999999955,459.24999999999955,457.19999999999953,458.0899999999996,677
2026-07-28T17:25:00+00:00,458.0899999999996,459.13999999999953,457.44999999999953,458.44999999999953,410
2026-07-28T17:30:00+00:00,458.44999999999953,459.85999999999956,458.12999999999954,459.28999999999957,361
2026-07-28T17:35:00+00:00,459.28999999999957,459.99999999999955,457.8399999999996,457.9699999999996,344
2026-07-28T17:40:00+00:00,457.9699999999996,458.2799999999996,457.0199999999995,457.2699999999995,503
2026-07-28T17:45:00+00:00,457.2699999999995,457.68999999999954,456.53999999999957,457.44999999999953,475
2026-07-28T17:50:00+00:00,457.44999999999953,457.44999999999953,456.19999999999953,456.2099999999995,273
2026-07-28T17:55:00+00:00,456.2099999999995,457.53999999999957,455.53999999999957,457.53999999999957,298
2026-07-28T18:00:00+00:00,457.53999999999957,458.65999999999957,456.92999999999955,457.75999999999954,530
2026-07-28T18:05:00+00:00,457.75999999999954,457.80999999999955,455.94999999999953,456.50999999999954,386
2026-07-28T18:10:00+00:00,456.50999999999954,456.56999999999954,454.4599999999995,454.4699999999996,406
2026-07-28T18:15:00+00:00,454.4699999999996,455.67999999999955,453.9699999999996,454.5899999999996,621
2026-07-28T18:20:00+00:00,454.5899999999996,455.3999999999995,454.13999999999953,454.5299999999996,633
2026-07-28T18:25:00+00:00,454.5299999999996,455.24999999999955,454.41999999999956,454.60999999999956,306
2026-07-28T18:30:00+00:00,454.60999999999956,456.5899999999996,454.60999999999956,455.49999999999955,326
2026-07-28T18:35:00+00:00,455.49999999999955,456.34999999999957,454.9699999999996,455.16999999999956,271
2026-07-28T18:40:00+00:00,455.16999999999956,455.87999999999954,454.79999999999956,455.25999999999954,272
2026-07-28T18:45:00+00:00,455.25999999999954,456.2199999999996,454.74999999999955,454.85999999999956,303
2026-07-28T18:50:00+00:00,454.85999999999956,456.0199999999995,454.69999999999953,455.2199999999996,361
2026-07-28T18:55:00+00:00,455.2199999999996,456.68999999999954,454.4599999999995,456.38999999999953,313
2026-07-28T19:00:00+00:00,456.38999999999953,460.00999999999954,456.12999999999954,459.79999999999956,369
2026-07-28T19:05:00+00:00,459.79999999999956,459.82999999999953,457.44999999999953,458.4599999999995,452
2026-07-28T19:10:00+00:00,458.4599999999995,459.93999999999954,458.11999999999955,459.55999999999955,396
2026-07-28T19:15:00+00:00,459.55999999999955,460.15999999999957,458.44999999999953,459.85999999999956,372
2026-07-28T19:20:00+00:00,459.85999999999956,463.74999999999955,459.4599999999995,463.41999999999956,433
2026-07-28T19:25:00+00:00,463.41999999999956,464.42999999999955,462.44999999999953,464.34999999999957,487
2026-07-28T19:30:00+00:00,464.34999999999957,465.04999999999956,462.44999999999953,462.92999999999955,571
2026-07-28T19:35:00+00:00,462.92999999999955,462.92999999999955,458.63999999999953,458.99999999999955,486
2026-07-28T19:40:00+00:00,458.99999999999955,459.12999999999954,456.4599999999995,456.9599999999995,589
2026-07-28T19:45:00+00:00,456.9599999999995,457.23999999999955,455.88999999999953,457.11999999999955,556
2026-07-28T19:50:00+00:00,457.11999999999955,457.9699999999996,455.16999999999956,457.2799999999996,755
2026-07-28T19:55:00+00:00,457.2799999999996,457.2799999999996,451.86999999999955,454.57999999999953,1548
2026-07-29T13:30:00+00:00,454.57999999999953,454.57999999999953,446.88999999999953,453.4699999999996,2203
2026-07-29T13:35:00+00:00,453.4699999999996,456.13999999999953,446.81999999999954,447.17999999999955,2313
2026-07-29T13:40:00+00:00,447.17999999999955,451.12999999999954,445.50999999999954,450.92999999999955,2110
2026-07-29T13:45:00+00:00,450.92999999999955,451.49999999999955,445.94999999999953,447.4699999999996,2191
2026-07-29T13:50:00+00:00,447.4699999999996,447.82999999999953,439.94999999999953,441.68999999999954,1763
2026-07-29T13:55:00+00:00,441.68999999999954,441.68999999999954,437.85999999999956,439.72999999999956,1971
2026-07-29T14:00:00+00:00,439.72999999999956,442.59999999999957,439.4599999999995,441.86999999999955,2337
2026-07-29T14:05:00+00:00,441.86999999999955,444.3399999999996,439.30999999999955,439.7799999999996,1653
2026-07-29T14:10:00+00:00,439.7799999999996,441.60999999999956,435.7199999999996,435.98999999999955,1515
2026-07-29T14:15:00+00:00,435.98999999999955,439.35999999999956,435.7199999999996,436.98999999999955,1263
2026-07-29T14:20:00+00:00,436.98999999999955,438.7799999999996,435.24999999999955,435.84999999999957,1430
2026-07-29T14:25:00+00:00,435.84999999999957,436.30999999999955,431.57999999999953,433.32999999999953,1025
2026-07-29T14:30:00+00:00,433.32999999999953,435.92999999999955,433.1499999999995,434.1499999999995,1387
2026-07-29T14:35:00+00:00,434.1499999999995,434.15999999999957,430.7699999999995,430.7699999999995,857
2026-07-29T14:40:00+00:00,430.7699999999995,431.13999999999953,428.11999999999955,429.30999999999955,940
2026-07-29T14:45:00+00:00,429.30999999999955,431.9599999999995,428.84999999999957,431.32999999999953,1432
2026-07-29T14:50:00+00:00,431.32999999999953,434.04999999999956,430.17999999999955,432.17999999999955,1276
2026-07-29T14:55:00+00:00,432.17999999999955,433.3899999999995,429.74999999999955,432.3399999999995,1158.479171958344
2026-07-29T15:00:00+00:00,432.3399999999995,434.94999999999953,431.17999999999955,434.67999999999955,1398
2026-07-29T15:05:00+00:00,434.67999999999955,434.93999999999954,432.1599999999995,433.18999999999954,1411
2026-07-29T15:10:00+00:00,433.18999999999954,433.7099999999995,429.7799999999995,430.92999999999955,1050
2026-07-29T15:15:00+00:00,430.92999999999955,432.0399999999995,429.9699999999995,430.2199999999995,945
2026-07-29T15:20:00+00:00,430.2199999999995,432.36999999999955,429.49999999999955,431.99999999999955,1022
2026-07-29T15:25:00+00:00,431.99999999999955,432.5899999999995,430.17999999999955,430.23999999999955,814
2026-07-29T15:30:00+00:00,430.23999999999955,431.5199999999995,429.6599999999995,430.4099999999995,1093
2026-07-29T15:35:00+00:00,430.4099999999995,431.2299999999995,428.7699999999995,428.7699999999995,744
2026-07-29T15:40:00+00:00,428.7699999999995,429.6099999999995,428.2199999999995,429.0399999999995,558
2026-07-29T15:45:00+00:00,429.0399999999995,429.4199999999995,428.3599999999995,429.13999999999953,453
2026-07-29T15:50:00+00:00,429.13999999999953,429.56999999999954,426.19999999999953,426.29999999999956,752
2026-07-29T15:55:00+00:00,426.29999999999956,428.54999999999956,425.57999999999953,428.37999999999954,596
2026-07-29T16:00:00+00:00,428.37999999999954,429.36999999999955,425.4099999999995,425.4799999999995,825
2026-07-29T16:05:00+00:00,425.4799999999995,425.48999999999955,424.23999999999955,425.0399999999995,779
2026-07-29T16:10:00+00:00,425.0399999999995,426.38999999999953,424.6599999999995,424.75999999999954,753
2026-07-29T16:15:00+00:00,424.75999999999954,426.3599999999995,424.17999999999955,426.19999999999953,711
2026-07-29T16:20:00+00:00,426.19999999999953,428.6599999999995,425.18999999999954,427.75999999999954,764
2026-07-29T16:25:00+00:00,427.75999999999954,429.8399999999995,427.75999999999954,429.73999999999955,499
2026-07-29T16:30:00+00:00,429.73999999999955,431.06999999999954,428.54999999999956,428.7899999999995,518
2026-07-29T16:35:00+00:00,428.7899999999995,429.0899999999995,427.63999999999953,428.9799999999995,421
2026-07-29T16:40:00+00:00,428.9799999999995,429.44999999999953,427.1599999999995,427.4099999999995,500
2026-07-29T16:45:00+00:00,427.4099999999995,428.6499999999995,426.9199999999995,428.23999999999955,522
2026-07-29T16:50:00+00:00,428.23999999999955,428.75999999999954,427.3399999999995,427.7099999999995,497
2026-07-29T16:55:00+00:00,427.7099999999995,430.3999999999995,427.7099999999995,430.3999999999995,543
2026-07-29T17:00:00+00:00,430.3999999999995,433.55999999999955,430.2299999999995,433.4599999999995,701
2026-07-29T17:05:00+00:00,433.4599999999995,433.8999999999995,431.9199999999995,433.7299999999995,643
2026-07-29T17:10:00+00:00,433.7299999999995,438.30999999999955,433.43999999999954,438.18999999999954,654
2026-07-29T17:15:00+00:00,438.18999999999954,438.6499999999995,437.00999999999954,437.05999999999955,889
2026-07-29T17:20:00+00:00,437.05999999999955,438.68999999999954,436.1699999999995,436.74999999999955,582
2026-07-29T17:25:00+00:00,436.74999999999955,438.68999999999954,436.6599999999995,436.7299999999995,433
2026-07-29T17:30:00+00:00,436.7299999999995,439.2699999999995,436.1599999999995,438.37999999999954,473
2026-07-29T17:35:00+00:00,438.37999999999954,438.68999999999954,436.6699999999995,437.79999999999956,504
2026-07-29T17:40:00+00:00,437.79999999999956,438.24999999999955,436.80999999999955,437.37999999999954,522
2026-07-29T17:45:00+00:00,437.37999999999954,438.0399999999995,436.75999999999954,437.81999999999954,443
2026-07-29T17:50:00+00:00,437.81999999999954,439.0399999999995,437.17999999999955,437.69999999999953,642
2026-07-29T17:55:00+00:00,437.69999999999953,437.9799999999995,435.87999999999954,436.9699999999995,618
2026-07-29T18:00:00+00:00,436.9699999999995,444.42999999999955,436.9599999999995,440.31999999999954,1578
2026-07-29T18:05:00+00:00,440.31999999999954,444.25999999999954,439.17999999999955,443.3999999999995,1358
2026-07-29T18:10:00+00:00,443.3999999999995,444.94999999999953,440.4799999999995,441.68999999999954,1702
2026-07-29T18:15:00+00:00,441.68999999999954,443.6599999999995,439.1699999999995,440.0899999999995,1255
2026-07-29T18:20:00+00:00,440.0899999999995,441.05999999999955,438.48999999999955,439.17999999999955,1187
2026-07-29T18:25:00+00:00,439.17999999999955,440.04999999999956,438.2899999999995,439.79999999999956,1695
2026-07-29T18:30:00+00:00,439.79999999999956,441.8999999999995,438.1599999999995,440.3599999999995,2291
2026-07-29T18:35:00+00:00,440.3599999999995,444.94999999999953,438.56999999999954,443.82999999999953,1641
2026-07-29T18:40:00+00:00,443.82999999999953,448.4199999999995,443.80999999999955,447.75999999999954,1765
2026-07-29T18:45:00+00:00,447.75999999999954,450.61999999999955,447.17999999999955,450.0899999999995,1644
2026-07-29T18:50:00+00:00,450.0899999999995,450.9599999999995,448.6699999999995,450.8599999999995,1388
2026-07-29T18:55:00+00:00,450.8599999999995,451.1599999999995,447.63999999999953,450.2099999999995,1216
2026-07-29T19:00:00+00:00,450.2099999999995,453.07999999999953,449.1699999999995,450.57999999999953,1727
2026-07-29T19:05:00+00:00,450.57999999999953,451.3399999999995,447.50999999999954,447.7699999999995,1644
2026-07-29T19:10:00+00:00,447.7699999999995,449.2099999999995,445.62999999999954,447.7799999999995,1581
2026-07-29T19:15:00+00:00,447.7799999999995,447.8999999999995,443.1599999999995,443.73999999999955,1562
2026-07-29T19:20:00+00:00,443.73999999999955,444.0299999999995,438.25999999999954,440.6599999999995,1807
2026-07-29T19:25:00+00:00,440.6599999999995,441.37999999999954,438.17999999999955,441.0999999999995,1715
2026-07-29T19:30:00+00:00,441.0999999999995,442.7199999999995,435.88999999999953,437.36999999999955,1745
2026-07-29T19:35:00+00:00,437.36999999999955,438.56999999999954,433.81999999999954,434.18999999999954,1354
2026-07-29T19:40:00+00:00,434.18999999999954,435.1599999999995,432.79999999999956,433.04999999999956,1537
2026-07-29T19:45:00+00:00,433.04999999999956,434.9099999999995,431.1599999999995,434.68999999999954,1517
2026-07-29T19:50:00+00:00,434.68999999999954,434.69999999999953,431.2099999999995,433.74999999999955,1609
2026-07-29T19:55:00+00:00,433.74999999999955,433.74999999999955,428.17999999999955,429.6099999999995,1820
2026-07-30T13:30:00+00:00,429.6099999999995,465.7699999999995,429.6099999999995,461.5199999999995,2391
2026-07-30T13:35:00+00:00,461.5199999999995,464.38999999999953,459.2799999999995,463.55999999999955,2179
2026-07-30T13:40:00+00:00,463.55999999999955,472.06999999999954,461.2799999999995,469.81999999999954,1806
2026-07-30T13:45:00+00:00,469.81999999999954,476.4799999999995,469.7099999999995,476.29999999999956,1383
2026-07-30T13:50:00+00:00,476.29999999999956,479.55999999999955,475.3399999999995,479.29999999999956,1558
2026-07-30T13:55:00+00:00,479.29999999999956,482.0999999999995,477.7099999999995,481.6599999999995,1625
2026-07-30T14:00:00+00:00,481.6599999999995,486.79999999999956,481.4099999999995,484.67999999999955,1624
2026-07-30T14:05:00+00:00,484.67999999999955,485.32999999999953,480.37999999999954,482.63999999999953,1915
2026-07-30T14:10:00+00:00,482.63999999999953,486.1499999999995,481.98999999999955,484.2699999999995,1685
2026-07-30T14:15:00+00:00,484.2699999999995,488.6099999999995,484.2699999999995,488.6099999999995,1584
2026-07-30T14:20:00+00:00,488.6099999999995,493.5199999999995,488.4099999999995,492.32999999999953,1237
2026-07-30T14:25:00+00:00,492.32999999999953,497.44999999999953,491.18999999999954,497.23999999999955,1264
2026-07-30T14:30:00+00:00,497.23999999999955,498.1499999999995,495.2299999999995,497.29999999999956,1571
2026-07-30T14:35:00+00:00,497.29999999999956,497.73999999999955,494.68999999999954,495.3999999999995,1265
2026-07-30T14:40:00+00:00,495.3999999999995,496.11999999999955,492.55999999999955,493.36999999999955,1284
2026-07-30T14:45:00+00:00,493.36999999999955,494.1099999999995,491.4099999999995,492.61999999999955,1786
2026-07-30T14:50:00+00:00,492.61999999999955,493.1599999999995,485.4699999999995,485.4799999999995,1266
2026-07-30T14:55:00+00:00,485.4799999999995,486.74999999999955,483.5299999999995,484.57999999999953,1525
2026-07-30T15:00:00+00:00,484.57999999999953,488.9799999999995,483.1599999999995,488.7799999999995,1561
2026-07-30T15:05:00+00:00,488.7799999999995,489.8399999999995,485.1599999999995,487.68999999999954,1796
2026-07-30T15:10:00+00:00,487.68999999999954,488.05999999999955,483.37999999999954,484.6699999999995,1608
2026-07-30T15:15:00+00:00,484.6699999999995,486.42999999999955,483.88999999999953,484.7299999999995,1718
2026-07-30T15:20:00+00:00,484.7299999999995,487.75999999999954,484.1599999999995,484.61999999999955,1394
2026-07-30T15:25:00+00:00,484.61999999999955,485.8599999999995,481.86999999999955,482.67999999999955,1573
2026-07-30T15:30:00+00:00,482.67999999999955,484.19999999999953,482.5299999999995,483.43999999999954,1378
2026-07-30T15:35:00+00:00,483.43999999999954,484.5899999999995,482.1599999999995,483.8999999999995,1318
2026-07-30T15:40:00+00:00,483.8999999999995,484.6699999999995,482.0199999999995,482.8599999999995,1025
2026-07-30T15:45:00+00:00,482.8599999999995,485.37999999999954,482.8599999999995,483.61999999999955,922
2026-07-30T15:50:00+00:00,483.61999999999955,484.38999999999953,482.00999999999954,483.7299999999995,1061
2026-07-30T15:55:00+00:00,483.7299999999995,484.7299999999995,481.8599999999995,482.2299999999995,788
2026-07-30T16:00:00+00:00,482.2299999999995,486.18999999999954,482.2299999999995,486.11999999999955,974
2026-07-30T16:05:00+00:00,486.11999999999955,487.2699999999995,485.4599999999995,486.1699999999995,1019
2026-07-30T16:10:00+00:00,486.1699999999995,487.87999999999954,485.43999999999954,487.49999999999955,841
2026-07-30T16:15:00+00:00,487.49999999999955,487.8399999999995,485.86999999999955,485.86999999999955,832
2026-07-30T16:20:00+00:00,485.86999999999955,486.42999999999955,484.6599999999995,485.05999999999955,745
2026-07-30T16:25:00+00:00,485.05999999999955,486.0899999999995,484.68999999999954,485.55999999999955,551
2026-07-30T16:30:00+00:00,485.55999999999955,485.9099999999995,483.30999999999955,483.9699999999995,779
2026-07-30T16:35:00+00:00,483.9699999999995,484.63999999999953,483.36999999999955,483.8399999999995,660
2026-07-30T16:40:00+00:00,483.8399999999995,484.1499999999995,481.42999999999955,482.0999999999995,689
2026-07-30T16:45:00+00:00,482.0999999999995,483.9699999999995,482.00999999999954,483.88999999999953,709
2026-07-30T16:50:00+00:00,483.88999999999953,485.6099999999995,483.18999999999954,484.30999999999955,846
2026-07-30T16:55:00+00:00,484.30999999999955,486.25999999999954,484.29999999999956,485.81999999999954,667
2026-07-30T17:00:00+00:00,485.81999999999954,486.93999999999954,485.1599999999995,485.92999999999955,1010
2026-07-30T17:05:00+00:00,485.92999999999955,486.38999999999953,485.49999999999955,485.6599999999995,303
2026-07-30T17:10:00+00:00,485.6599999999995,486.29999999999956,485.37999999999954,485.87999999999954,387
2026-07-30T17:15:00+00:00,485.87999999999954,487.9099999999995,485.5399999999995,487.81999999999954,465
2026-07-30T17:20:00+00:00,487.81999999999954,488.9799999999995,487.25999999999954,488.5299999999995,440
2026-07-30T17:25:00+00:00,488.5299999999995,489.00999999999954,487.5299999999995,487.81999999999954,429
2026-07-30T17:30:00+00:00,487.81999999999954,488.4699999999995,487.6599999999995,488.04999999999956,424
2026-07-30T17:35:00+00:00,488.04999999999956,488.7699999999995,486.73999999999955,486.8499999999995,523
2026-07-30T17:40:00+00:00,486.8499999999995,488.0199999999995,486.8499999999995,487.9099999999995,437
2026-07-30T17:45:00+00:00,487.9099999999995,488.57999999999953,487.4099999999995,487.42999999999955,353
2026-07-30T17:50:00+00:00,487.42999999999955,488.3599999999995,487.36999999999955,488.19999999999953,313
2026-07-30T17:55:00+00:00,488.19999999999953,488.50999999999954,487.4699999999995,488.2099999999995,256
2026-07-30T18:00:00+00:00,488.2099999999995,489.05999999999955,487.67999999999955,487.7899999999995,290
2026-07-30T18:05:00+00:00,487.7899999999995,489.07999999999953,487.68999999999954,488.4799999999995,384
2026-07-30T18:10:00+00:00,488.4799999999995,488.8499999999995,487.6699999999995,488.63999999999953,326
2026-07-30T18:15:00+00:00,488.63999999999953,488.63999999999953,485.9599999999995,486.2899999999995,547
2026-07-30T18:20:00+00:00,486.2899999999995,488.18999999999954,486.1599999999995,487.63999999999953,368
2026-07-30T18:25:00+00:00,487.63999999999953,488.5899999999995,487.63999999999953,488.2099999999995,291
2026-07-30T18:30:00+00:00,488.2099999999995,489.24999999999955,487.9599999999995,488.1499999999995,260
2026-07-30T18:35:00+00:00,488.1499999999995,488.38999999999953,486.7699999999995,487.1499999999995,344
2026-07-30T18:40:00+00:00,487.1499999999995,487.7199999999995,486.5199999999995,487.5299999999995,341
2026-07-30T18:45:00+00:00,487.5299999999995,488.0399999999995,487.06999999999954,487.5399999999995,272
2026-07-30T18:50:00+00:00,487.5399999999995,487.74999999999955,485.3599999999995,485.4699999999995,371
2026-07-30T18:55:00+00:00,485.4699999999995,486.7199999999995,485.29999999999956,486.61999999999955,437
2026-07-30T19:00:00+00:00,486.61999999999955,487.4099999999995,486.29999999999956,487.0199999999995,630
2026-07-30T19:05:00+00:00,487.0199999999995,490.29999999999956,487.0199999999995,489.74999999999955,633
2026-07-30T19:10:00+00:00,489.74999999999955,491.9599999999995,489.4199999999995,490.4699999999995,478
2026-07-30T19:15:00+00:00,490.4699999999995,491.2099999999995,489.5199999999995,490.07999999999953,584
2026-07-30T19:20:00+00:00,490.07999999999953,490.30999999999955,488.1599999999995,488.81999999999954,463
2026-07-30T19:25:00+00:00,488.81999999999954,488.81999999999954,487.19999999999953,487.42999999999955,545
2026-07-30T19:30:00+00:00,487.42999999999955,488.9799999999995,487.1599999999995,488.30999999999955,668
2026-07-30T19:35:00+00:00,488.30999999999955,488.81999999999954,487.4099999999995,487.81999999999954,514
2026-07-30T19:40:00+00:00,487.81999999999954,488.0899999999995,487.1599999999995,487.32999999999953,403
2026-07-30T19:45:00+00:00,487.32999999999953,487.92999999999955,487.0199999999995,487.1599999999995,426
2026-07-30T19:50:00+00:00,487.1599999999995,488.0899999999995,486.1599999999995,486.3599999999995,883
2026-07-30T19:55:00+00:00,486.3599999999995,486.6699999999995,484.17999999999955,485.23999999999955,1216
2026-07-31T13:30:00+00:00,485.23999999999955,515.3999999999996,485.23999999999955,512.7799999999996,1881
2026-07-31T13:35:00+00:00,512.7799999999996,515.1599999999996,504.7199999999996,506.3899999999996,2244
2026-07-31T13:40:00+00:00,506.3899999999996,508.1799999999996,499.16999999999956,499.16999999999956,2403
2026-07-31T13:45:00+00:00,499.16999999999956,501.5899999999996,492.4599999999996,494.7499999999996,2887
2026-07-31T13:50:00+00:00,494.7499999999996,497.2799999999996,491.16999999999956,492.2199999999996,2700
2026-07-31T13:55:00+00:00,492.2199999999996,497.0899999999996,491.2599999999996,495.2999999999996,1834
2026-07-31T14:00:00+00:00,495.2999999999996,495.9499999999996,489.16999999999956,489.41999999999956,2597
2026-07-31T14:05:00+00:00,489.41999999999956,491.0299999999996,484.4299999999996,485.22999999999956,2544
2026-07-31T14:10:00+00:00,485.22999999999956,487.9599999999996,483.15999999999957,485.6399999999996,2678
2026-07-31T14:15:00+00:00,485.6399999999996,490.16999999999956,483.3999999999996,488.1799999999996,2371
2026-07-31T14:20:00+00:00,488.1799999999996,491.85999999999956,486.9599999999996,489.2799999999996,2556
2026-07-31T14:25:00+00:00,489.2799999999996,492.5499999999996,487.8199999999996,492.4599999999996,2446
2026-07-31T14:30:00+00:00,492.4599999999996,494.7499999999996,489.3199999999996,491.9499999999996,2222
2026-07-31T14:35:00+00:00,491.9499999999996,494.6499999999996,491.9499999999996,493.3999999999996,2042
2026-07-31T14:40:00+00:00,493.3999999999996,494.0899999999996,489.65999999999957,490.9599999999996,2016
2026-07-31T14:45:00+00:00,490.9599999999996,493.6299999999996,488.6299999999996,492.85999999999956,1798
2026-07-31T14:50:00+00:00,492.85999999999956,493.85999999999956,490.4299999999996,490.9499999999996,1441
2026-07-31T14:55:00+00:00,490.9499999999996,493.6199999999996,490.4299999999996,491.41999999999956,1513
2026-07-31T15:00:00+00:00,491.41999999999956,492.7099999999996,490.4299999999996,492.5699999999996,1665
2026-07-31T15:05:00+00:00,492.5699999999996,494.10999999999956,491.5599999999996,491.6499999999996,1399
2026-07-31T15:10:00+00:00,491.6499999999996,493.34999999999957,488.15999999999957,491.6799999999996,1671
2026-07-31T15:15:00+00:00,491.6799999999996,495.6399999999996,490.85999999999956,490.8699999999996,1766
2026-07-31T15:20:00+00:00,490.8699999999996,491.10999999999956,487.3199999999996,487.3299999999996,1386
2026-07-31T15:25:00+00:00,487.3299999999996,488.0299999999996,483.8199999999996,486.1999999999996,1400
2026-07-31T15:30:00+00:00,486.1999999999996,488.22999999999956,484.6999999999996,487.4299999999996,1445
2026-07-31T15:35:00+00:00,487.4299999999996,490.8699999999996,486.97999999999956,488.91999999999956,1291
2026-07-31T15:40:00+00:00,488.91999999999956,489.3399999999996,486.15999999999957,488.0799999999996,1281
2026-07-31T15:45:00+00:00,488.0799999999996,488.4399999999996,485.72999999999956,487.1799999999996,1233
2026-07-31T15:50:00+00:00,487.1799999999996,489.8099999999996,487.1799999999996,489.6999999999996,1085
2026-07-31T15:55:00+00:00,489.6999999999996,489.9999999999996,486.4599999999996,487.6199999999996,1120
2026-07-31T16:00:00+00:00,487.6199999999996,489.35999999999956,486.47999999999956,488.1799999999996,1068
2026-07-31T16:05:00+00:00,488.1799999999996,488.3999999999996,487.0599999999996,487.66999999999956,951
2026-07-31T16:10:00+00:00,487.66999999999956,488.5799999999996,486.4899999999996,488.16999999999956,979
2026-07-31T16:15:00+00:00,488.16999999999956,489.5499999999996,486.3699999999996,487.9699999999996,958
2026-07-31T16:20:00+00:00,487.9699999999996,490.1199999999996,487.5099999999996,489.5199999999996,699
2026-07-31T16:25:00+00:00,489.5199999999996,491.4599999999996,488.15999999999957,491.4599999999996,736
2026-07-31T16:30:00+00:00,491.4599999999996,492.6799999999996,490.6399999999996,491.7599999999996,882
2026-07-31T16:35:00+00:00,491.7599999999996,492.3799999999996,490.2399999999996,490.5299999999996,883
2026-07-31T16:40:00+00:00,490.5299999999996,490.6499999999996,487.3699999999996,487.4499999999996,888
2026-07-31T16:45:00+00:00,487.4499999999996,489.0199999999996,487.15999999999957,488.4499999999996,863
2026-07-31T16:50:00+00:00,488.4499999999996,490.3199999999996,488.4499999999996,488.6799999999996,590
2026-07-31T16:55:00+00:00,488.6799999999996,490.6399999999996,488.6799999999996,489.1499999999996,802
2026-07-31T17:00:00+00:00,489.1499999999996,490.59999999999957,488.65999999999957,489.7699999999996,723
2026-07-31T17:05:00+00:00,489.7699999999996,489.85999999999956,488.60999999999956,489.3299999999996,692
2026-07-31T17:10:00+00:00,489.3299999999996,490.4399999999996,489.0099999999996,489.97999999999956,600
2026-07-31T17:15:00+00:00,489.97999999999956,490.5599999999996,489.7099999999996,490.5599999999996,455
2026-07-31T17:20:00+00:00,490.5599999999996,491.2699999999996,489.15999999999957,491.15999999999957,490
2026-07-31T17:25:00+00:00,491.15999999999957,491.9499999999996,490.15999999999957,490.8199999999996,829
2026-07-31T17:30:00+00:00,490.8199999999996,491.5299999999996,489.84999999999957,491.4499999999996,635
2026-07-31T17:35:00+00:00,491.4499999999996,493.1299999999996,490.41999999999956,490.6299999999996,674
2026-07-31T17:40:00+00:00,490.6299999999996,491.5499999999996,490.40999999999957,490.7999999999996,627
2026-07-31T17:45:00+00:00,490.7999999999996,491.40999999999957,488.9399999999996,489.0099999999996,826
2026-07-31T17:50:00+00:00,489.0099999999996,490.8799999999996,488.6199999999996,490.16999999999956,741
2026-07-31T17:55:00+00:00,490.16999999999956,490.5699999999996,489.2399999999996,489.3899999999996,556
2026-07-31T18:00:00+00:00,489.3899999999996,489.8699999999996,488.2699999999996,488.3999999999996,775
2026-07-31T18:05:00+00:00,488.3999999999996,489.22999999999956,487.65999999999957,488.4899999999996,694
2026-07-31T18:10:00+00:00,488.4899999999996,488.5599999999996,486.15999999999957,486.3399999999996,722
2026-07-31T18:15:00+00:00,486.3399999999996,488.0599999999996,486.16999999999956,487.22999999999956,680
2026-07-31T18:20:00+00:00,487.22999999999956,488.0799999999996,486.85999999999956,486.9999999999996,561
2026-07-31T18:25:00+00:00,486.9999999999996,487.4499999999996,486.65999999999957,487.40999999999957,510
2026-07-31T18:30:00+00:00,487.40999999999957,488.6399999999996,487.40999999999957,488.16999999999956,568
2026-07-31T18:35:00+00:00,488.16999999999956,488.65999999999957,487.16999999999956,488.5599999999996,454
2026-07-31T18:40:00+00:00,488.5599999999996,488.6199999999996,487.9399999999996,488.2999999999996,350
2026-07-31T18:45:00+00:00,488.2999999999996,488.4999999999996,487.2799999999996,488.1399999999996,421
2026-07-31T18:50:00+00:00,488.1399999999996,488.9499999999996,487.65999999999957,488.0199999999996,418
2026-07-31T18:55:00+00:00,488.0199999999996,488.1199999999996,486.4599999999996,487.3899999999996,551
2026-07-31T19:00:00+00:00,487.3899999999996,487.91999999999956,485.9999999999996,486.16999999999956,661
2026-07-31T19:05:00+00:00,486.16999999999956,486.7099999999996,485.40999999999957,486.0699999999996,756
2026-07-31T19:10:00+00:00,486.0699999999996,486.5099999999996,485.4899999999996,485.8699999999996,563
2026-07-31T19:15:00+00:00,485.8699999999996,486.5599999999996,484.9999999999996,486.4299999999996,770
2026-07-31T19:20:00+00:00,486.4299999999996,486.5199999999996,485.6399999999996,485.7099999999996,669
2026-07-31T19:25:00+00:00,485.7099999999996,486.7999999999996,485.1999999999996,486.6999999999996,648
2026-07-31T19:30:00+00:00,486.6999999999996,487.0099999999996,485.3899999999996,486.1499999999996,790
2026-07-31T19:35:00+00:00,486.1499999999996,486.1999999999996,483.65999999999957,483.97999999999956,745
2026-07-31T19:40:00+00:00,483.97999999999956,484.2599999999996,482.65999999999957,484.0799999999996,805
2026-07-31T19:45:00+00:00,484.0799999999996,486.5899999999996,483.9599999999996,486.5899999999996,700
2026-07-31T19:50:00+00:00,486.5899999999996,486.5899999999996,482.28999999999957,482.28999999999957,847
2026-07-31T19:55:00+00:00,482.28999999999957,482.28999999999957,475.72999999999956,476.4899999999996,1770
